imdb_id,original_title,vote_average,vote_count,revenue_usd,budget_usd,runtime_minutes,original_language,popularity,genres,production_companies,top_casts,director,release_year,release_month,roi_percentage,success_category
tt1375666,Inception,8.364,34495,825532764,160000000,148,en,83.952,"Action, Science Fiction, Adventure","Legendary Pictures, Syncopy, Warner Bros. Pictures","Leonardo DiCaprio, Joseph Gordon-Levitt, Elliot Page",Christopher Nolan,2010,7,416,All-Time Blockbuster
tt0816692,Interstellar,8.417,32571,701729206,165000000,169,en,140.241,"Adventure, Drama, Science Fiction","Legendary Pictures, Syncopy, Lynda Obst Productions","Matthew McConaughey, Anne Hathaway, Jessica Chastain",Christopher Nolan,2014,11,325,Blockbuster
tt0468569,The Dark Knight,8.512,30619,1004558444,185000000,152,en,130.643,"Drama, Action, Crime, Thriller","DC Comics, Legendary Pictures, Syncopy, Isobel Griffiths, Warner Bros. Pictures","Christian Bale, Heath Ledger, Aaron Eckhart",Christopher Nolan,2008,7,443,All-Time Blockbuster
tt0499549,Avatar,7.573,29815,2923706026,237000000,162,en,79.932,"Action, Adventure, Fantasy, Science Fiction","Dune Entertainment, Lightstorm Entertainment, 20th Century Fox, Ingenious Media","Sam Worthington, Zoe Saldana, Sigourney Weaver",James Cameron,2009,12,1134,All-Time Blockbuster
tt0848228,The Avengers,7.71,29166,1518815515,220000000,143,en,98.082,"Science Fiction, Action, Adventure",Marvel Studios,"Downey Jr., Chris Evans, Scarlett Johansson",Joss Whedon Robert,2012,4,590,All-Time Blockbuster
tt1431045,Deadpool,7.606,28894,783100000,58000000,108,en,72.735,"Action, Adventure, Comedy","20th Century Fox, The Donners' Company, Genre Films","Ryan Reynolds, Morena Baccarin, Ed Skrein",Tim Miller,2016,2,1250,All-Time Blockbuster
tt4154756,Avengers: Infinity War,8.255,27713,2052415039,300000000,149,en,154.34,"Adventure, Action, Science Fiction",Marvel Studios,"Downey Jr., Chris Hemsworth, Mark Ruffalo",Anthony Russo & Joe Russo Robert,2018,4,584,All-Time Blockbuster
tt0137523,Fight Club,8.438,27238,100853753,63000000,139,en,69.498,Drama,"Regency Enterprises, Fox 2000 Pictures, Taurus Film, Atman Entertainment, Knickerbocker Films, The Linson Company, 20th Century Fox","Brad Pitt, Edward Norton, Helena Bonham Carter",David Fincher,1999,10,60,Hit / Semi-Hit
tt2015381,Guardians of the Galaxy,7.906,26638,772776600,170000000,121,en,33.255,"Action, Science Fiction, Adventure",Marvel Studios,"Chris Pratt, Zoe Saldana, Dave Bautista",James Gunn,2014,7,355,Blockbuster
tt0110912,Pulp Fiction,8.488,25893,213900000,8500000,154,en,74.862,"Thriller, Crime","Miramax, A Band Apart, Jersey Films","John Travolta, Samuel L. Jackson, Uma Thurman",Quentin Tarantino,1994,9,2416,All-Time Blockbuster
tt0109830,Forrest Gump,8.477,25409,677387716,55000000,142,en,92.693,"Comedy, Drama, Romance","Paramount, The Steve Tisch Company, Wendy Finerman Productions","Tom Hanks, Robin Wright, Gary Sinise",Robert Zemeckis,1994,6,1132,All-Time Blockbuster
tt0241527,Harry Potter and the Philosopher's Stone,7.916,25379,976475550,125000000,152,en,185.482,"Adventure, Fantasy","Warner Bros. Pictures, Heyday Films, 1492 Pictures","Daniel Radcliffe, Rupert Grint, Emma Watson",Chris Columbus,2001,11,681,All-Time Blockbuster
tt0371746,Iron Man,7.64,24874,585174222,140000000,126,en,72.897,"Action, Science Fiction, Adventure",Marvel Studios,"Downey Jr., Gwyneth Paltrow, Terrence Howard",Jon Favreau Robert,2008,4,318,Blockbuster
tt1853728,Django Unchained,8.171,24672,425368238,100000000,165,en,54.224,"Drama, Western","The Weinstein Company, Columbia Pictures","Jamie Foxx, Christoph Waltz, Leonardo DiCaprio",Quentin Tarantino,2012,12,325,Blockbuster
tt0111161,The Shawshank Redemption,8.702,24649,28341469,25000000,142,en,122.61,"Drama, Crime",Castle Rock Entertainment,"Tim Robbins, Morgan Freeman, Bob Gunton",Frank Darabont,1994,9,13,Average / Below Average
tt4154796,Avengers: Endgame,8.263,23857,2800000000,356000000,181,en,91.756,"Adventure, Science Fiction, Action",Marvel Studios,"Downey Jr., Chris Evans, Mark Ruffalo",Anthony Russo & Joe Russo Robert,2019,4,687,All-Time Blockbuster
tt0133093,The Matrix,8.206,23815,463517383,63000000,136,en,78.564,"Action, Science Fiction","Village Roadshow Pictures, Groucho II Film Partnership, Silver Pictures, Warner Bros. Pictures","Keanu Reeves, Laurence Fishburne, Carrie-Anne Moss",Lana Wachowski & Lilly Wachowski,1999,3,636,All-Time Blockbuster
tt0120338,Titanic,7.9,23637,2264162353,200000000,194,en,102.348,"Drama, Romance","Paramount, 20th Century Fox, Lightstorm Entertainment","Leonardo DiCaprio, Kate Winslet, Billy Zane",James Cameron,1997,11,1032,All-Time Blockbuster
tt7286456,Joker,8.168,23425,1074458282,55000000,122,en,54.522,"Crime, Thriller, Drama","Warner Bros. Pictures, Joint Effort, Village Roadshow Pictures, Bron Studios, DC Films","Joaquin Phoenix, Robert De Niro, Zazie Beetz",Todd Phillips,2019,10,1854,All-Time Blockbuster
tt0120737,The Lord of the Rings: The Fellowship of the Ring,8.402,23323,871368364,93000000,179,en,87.037,"Adventure, Fantasy, Action","New Line Cinema, WingNut Films, The Saul Zaentz Company","Elijah Wood, Ian McKellen, Orlando Bloom",Peter Jackson,2001,12,837,All-Time Blockbuster
tt0167260,The Lord of the Rings: The Return of the King,8.474,22334,1118888979,94000000,201,en,99.276,"Adventure, Fantasy, Action","New Line Cinema, WingNut Films, The Saul Zaentz Company","Elijah Wood, Viggo Mortensen, Ian McKellen",Peter Jackson,2003,12,1090,All-Time Blockbuster
tt1130884,Shutter Island,8.2,22318,294800000,80000000,138,en,56.595,"Drama, Thriller, Mystery","Phoenix Pictures, Paramount, Appian Way, Sikelia Productions, Mandate International","Leonardo DiCaprio, Mark Ruffalo, Ben Kingsley",Martin Scorsese,2010,2,268,Blockbuster
tt0993846,The Wolf of Wall Street,8.035,22222,392000000,100000000,180,en,97.444,"Crime, Drama, Comedy","EMJAG Productions, Red Granite Pictures, Appian Way, Sikelia Productions","Leonardo DiCaprio, Jonah Hill, Margot Robbie",Martin Scorsese,2013,12,292,Blockbuster
tt2395427,Avengers: Age of Ultron,7.276,21754,1405403694,365000000,141,en,96.565,"Action, Adventure, Science Fiction",Marvel Studios,"Downey Jr., Chris Hemsworth, Mark Ruffalo",Joss Whedon Robert,2015,4,285,Blockbuster
tt3498820,Captain America: Civil War,7.4,21541,1155046416,250000000,147,en,70.741,"Adventure, Action, Science Fiction",Marvel Studios,"Chris Evans, Robert Downey Jr., Scarlett Johansson",Anthony Russo & Joe Russo,2016,4,362,Blockbuster
tt1345836,The Dark Knight Rises,7.777,21335,1081041287,250000000,165,en,76.914,"Action, Crime, Drama, Thriller","Syncopy, Legendary Pictures, DC Entertainment, Warner Bros. Pictures","Christian Bale, Tom Hardy, Anne Hathaway",Christopher Nolan,2012,7,332,Blockbuster
tt1300854,Iron Man 3,6.928,21064,1215577205,200000000,130,en,61.06,"Action, Adventure, Science Fiction",Marvel Studios,"Downey Jr., Gwyneth Paltrow, Guy Pearce",Shane Black Robert,2013,4,508,All-Time Blockbuster
tt1825683,Black Panther,7.39,21053,1349926083,200000000,135,en,43.665,"Action, Adventure, Science Fiction",Marvel Studios,"Chadwick Boseman, Michael B. Jordan, Lupita Nyong'o",Ryan Coogler,2018,2,575,All-Time Blockbuster
tt1211837,Doctor Strange,7.427,20935,676343174,180000000,115,en,70.535,"Action, Adventure, Fantasy",Marvel Studios,"Benedict Cumberbatch, Chiwetel Ejiofor, Rachel McAdams",Scott Derrickson,2016,10,276,Blockbuster
tt1392190,Mad Max: Fury Road,7.582,20911,378858340,150000000,121,en,78.319,"Action, Adventure, Science Fiction","Kennedy Miller Productions, Warner Bros. Pictures, RatPac Entertainment, Village Roadshow Pictures","Tom Hardy, Charlize Theron, Nicholas Hoult",George Miller,2015,5,153,Super Hit
tt0361748,Inglourious Basterds,8.215,20746,321457747,70000000,153,en,59.162,"Drama, Thriller, War","The Weinstein Company, Universal Pictures, A Band Apart, Zehnte Babelsberg Film, Visiona Romantica, Peninsula Films","Brad Pitt, Christoph Waltz, MÈlanie Laurent",Quentin Tarantino,2009,8,359,Blockbuster
tt1392170,The Hunger Games,7.193,20636,694394724,75000000,142,en,29.577,"Science Fiction, Adventure, Fantasy","Lionsgate, Color Force","Jennifer Lawrence, Josh Hutcherson, Liam Hemsworth",Gary Ross,2012,3,826,All-Time Blockbuster
tt2250912,Spider-Man: Homecoming,7.345,20507,880166924,175000000,133,en,65.88,"Action, Adventure, Science Fiction, Drama","Marvel Studios, Pascal Pictures, LStar Capital, Columbia Pictures","Tom Holland, Michael Keaton, Robert Downey Jr.",Jon Watts,2017,7,403,All-Time Blockbuster
tt0295297,Harry Potter and the Chamber of Secrets,7.721,20390,876688482,100000000,161,en,121.699,"Adventure, Fantasy","Warner Bros. Pictures, Heyday Films, 1492 Pictures","Daniel Radcliffe, Rupert Grint, Emma Watson",Chris Columbus,2002,11,777,All-Time Blockbuster
tt3896198,Guardians of the Galaxy Vol. 2,7.624,20353,863756051,200000000,137,en,67.553,"Science Fiction, Adventure, Action",Marvel Studios,"Chris Pratt, Zoe Saldana, Dave Bautista",James Gunn,2017,4,332,Blockbuster
tt0167261,The Lord of the Rings: The Two Towers,8.385,20274,926287400,79000000,179,en,78.73,"Adventure, Fantasy, Action","New Line Cinema, WingNut Films, The Saul Zaentz Company","Elijah Wood, Sean Astin, Ian McKellen",Peter Jackson,2002,12,1073,All-Time Blockbuster
tt0458339,Captain America: The First Avenger,6.995,20269,370569774,140000000,124,en,43.665,"Action, Adventure, Science Fiction",Marvel Studios,"Chris Evans, Hugo Weaving, Hayley Atwell",Joe Johnston,2011,7,165,Super Hit
tt1386697,Suicide Squad,5.909,20097,746846894,175000000,123,en,35.356,"Action, Adventure, Fantasy","DC Entertainment, Dune Entertainment, Warner Bros. Pictures, Atlas Entertainment, DC Comics, DC Films, Lin Pictures","Will Smith, Margot Robbie, Jared Leto",David Ayer,2016,8,327,Blockbuster
tt0304141,Harry Potter and the Prisoner of Azkaban,8.02,20038,789804554,130000000,141,en,124.386,"Adventure, Fantasy","Warner Bros. Pictures, 1492 Pictures, Heyday Films, P of A Productions Limited","Daniel Radcliffe, Emma Watson, Rupert Grint",Alfonso CuarÛn,2004,5,508,All-Time Blockbuster
tt0800369,Thor,6.768,20023,449326618,150000000,115,en,51.277,"Adventure, Fantasy, Action",Marvel Studios,"Chris Hemsworth, Natalie Portman, Tom Hiddleston",Kenneth Branagh,2011,4,200,Blockbuster
tt1228705,Iron Man 2,6.835,19756,623933331,200000000,124,en,84.445,"Adventure, Action, Science Fiction","Marvel Studios, Fairview Entertainment","Downey Jr., Gwyneth Paltrow, Don Cheadle",Jon Favreau Robert,2010,4,212,Blockbuster
tt0372784,Batman Begins,7.701,19561,374218673,150000000,140,en,66.286,"Action, Crime, Drama","Warner Bros. Pictures, DC Comics, Syncopy, Legendary Pictures, Patalex III Productions Limited","Christian Bale, Michael Caine, Liam Neeson",Christopher Nolan,2005,6,149,Super Hit
tt3501632,Thor: Ragnarok,7.595,19539,855301806,180000000,131,en,45.2,"Action, Adventure, Science Fiction",Marvel Studios,"Chris Hemsworth, Tom Hiddleston, Cate Blanchett",Taika Waititi,2017,10,375,Blockbuster
tt2096673,Inside Out,7.922,19463,857611174,175000000,95,en,107.292,"Animation, Family, Adventure, Drama, Comedy","Pixar, Walt Disney Pictures","Amy Poehler, Phyllis Smith, Richard Kind",Pete Docter,2015,6,390,Blockbuster
tt0369610,Jurassic World,6.682,19414,1671537444,150000000,124,en,54.089,"Action, Adventure, Science Fiction, Thriller","Amblin Entertainment, Universal Pictures","Chris Pratt, Bryce Dallas Howard, Vincent DíOnofrio",Colin Trevorrow,2015,6,1014,All-Time Blockbuster
tt0114369,Se7en,8.368,19403,327311859,33000000,127,en,53.521,"Crime, Mystery, Thriller","New Line Cinema, Juno Pix, Cecchi Gori Pictures","Brad Pitt, Morgan Freeman, Gwyneth Paltrow",David Fincher,1995,9,892,All-Time Blockbuster
tt0330373,Harry Potter and the Goblet of Fire,7.816,19287,895921036,150000000,157,en,134.276,"Adventure, Fantasy","Warner Bros. Pictures, Heyday Films, Patalex IV Productions Limited","Daniel Radcliffe, Emma Watson, Rupert Grint",Mike Newell,2005,11,497,All-Time Blockbuster
tt0325980,Pirates of the Caribbean: The Curse of the Black Pearl,7.794,19233,655011224,140000000,143,en,80.509,"Adventure, Fantasy, Action","Walt Disney Pictures, Jerry Bruckheimer Films","Johnny Depp, Orlando Bloom, Keira Knightley",Gore Verbinski,2003,7,368,Blockbuster
tt1201607,Harry Potter and the Deathly Hallows: Part 2,8.105,19183,1341511219,125000000,130,en,110.974,"Fantasy, Adventure","Warner Bros. Pictures, Heyday Films","Daniel Radcliffe, Emma Watson, Rupert Grint",David Yates,2011,7,973,All-Time Blockbuster
tt0076759,Star Wars,8.204,19155,775398007,11000000,121,en,88.559,"Adventure, Action, Science Fiction","Lucasfilm Ltd., 20th Century Fox","Mark Hamill, Harrison Ford, Carrie Fisher",George Lucas,1977,5,6949,All-Time Blockbuster
tt0451279,Wonder Woman,7.236,18954,822854286,149000000,141,en,54.628,"Action, Adventure, Fantasy","Atlas Entertainment, Cruel & Unusual Films, DC Films","Gal Gadot, Chris Pine, Robin Wright",Patty Jenkins,2017,5,452,All-Time Blockbuster
tt1049413,Up,7.949,18857,735099082,175000000,96,en,90.968,"Animation, Comedy, Family, Adventure",Pixar,"Edward Asner, Christopher Plummer, Jordan Nagai",Pete Docter,2009,5,320,Blockbuster
tt0478970,Ant-Man,7.082,18730,519311965,130000000,117,en,37.692,"Science Fiction, Action, Adventure",Marvel Studios,"Paul Rudd, Evangeline Lilly, Corey Stoll",Peyton Reed,2015,7,299,Blockbuster
tt0068646,The Godfather,8.707,18677,245066411,6000000,175,en,158.448,"Drama, Crime","Paramount, Alfran Productions","Marlon Brando, Al Pacino, James Caan",Francis Ford Coppola,1972,3,3984,All-Time Blockbuster
tt3659388,The Martian,7.678,18525,630600000,108000000,141,en,76,"Drama, Adventure, Science Fiction","Scott Free Productions, Genre Films","Matt Damon, Jessica Chastain, Jeff Daniels",Ridley Scott,2015,9,484,All-Time Blockbuster
tt0088763,Back to the Future,8.314,18442,381109762,19000000,116,en,62.543,"Adventure, Comedy, Science Fiction","Universal Pictures, Amblin Entertainment","J. Fox, Christopher Lloyd, Lea Thompson",Robert Zemeckis Michael,1985,7,1906,All-Time Blockbuster
tt2488496,Star Wars: The Force Awakens,7.293,18352,2068223624,245000000,136,en,66.772,"Adventure, Action, Science Fiction","Lucasfilm Ltd., Bad Robot","Daisy Ridley, John Boyega, Harrison Ford",J.J. Abrams,2015,12,744,All-Time Blockbuster
tt10872600,Spider-Man: No Way Home,7.99,18299,1921847111,200000000,148,en,186.065,"Action, Adventure, Science Fiction","Marvel Studios, Pascal Pictures, Columbia Pictures","Tom Holland, Zendaya, Benedict Cumberbatch",Jon Watts,2021,12,861,All-Time Blockbuster
tt0373889,Harry Potter and the Order of the Phoenix,7.686,18177,938212738,150000000,138,en,117.168,"Adventure, Fantasy","Warner Bros. Pictures, Heyday Films","Daniel Radcliffe, Emma Watson, Rupert Grint",David Yates,2007,7,525,All-Time Blockbuster
tt0417741,Harry Potter and the Half-Blood Prince,7.697,18127,933959197,250000000,153,en,121.735,"Adventure, Fantasy","Warner Bros. Pictures, Heyday Films","Daniel Radcliffe, Emma Watson, Rupert Grint",David Yates,2009,7,274,Blockbuster
tt3315342,Logan,7.8,18116,619021436,97000000,137,en,54.194,"Action, Drama, Science Fiction","Hutch Parker Entertainment, The Donners' Company, Genre Films, 20th Century Fox","Hugh Jackman, Patrick Stewart, Dafne Keen",James Mangold,2017,2,538,All-Time Blockbuster
tt0266543,Finding Nemo,7.824,18061,940335536,94000000,100,en,55.456,"Animation, Family",Pixar,"Albert Brooks, Ellen DeGeneres, Alexander Gould",Andrew Stanton,2003,5,900,All-Time Blockbuster
tt1396484,It,7.242,18018,701800000,40000000,135,en,74.73,"Horror, Fantasy","New Line Cinema, Vertigo Entertainment, Lin Pictures, KatzSmith Productions","Bill SkarsgÂrd, Jaeden Lieberher, Sophia Lillis",Andy Muschietti,2017,9,1655,All-Time Blockbuster
tt2911666,John Wick,7.421,17923,88761661,20000000,101,en,55.739,"Action, Thriller","87Eleven, DefyNite Films, MJW Films, Thunder Road","Keanu Reeves, Michael Nyqvist, Alfie Allen",Chad Stahelski,2014,10,344,Blockbuster
tt3183660,Fantastic Beasts and Where to Find Them,7.334,17892,809342332,180000000,132,en,46.103,"Fantasy, Adventure, Family","Heyday Films, Warner Bros. Pictures","Eddie Redmayne, Katherine Waterston, Dan Fogler",David Yates,2016,11,350,Blockbuster
tt0926084,Harry Potter and the Deathly Hallows: Part 1,7.763,17782,954305868,250000000,146,en,111.984,"Adventure, Fantasy","Warner Bros. Pictures, Heyday Films","Daniel Radcliffe, Emma Watson, Rupert Grint",David Yates,2010,11,282,Blockbuster
tt2380307,Coco,8.222,17742,800526015,175000000,105,en,166.578,"Family, Animation, Fantasy, Music, Comedy, Adventure","Pixar, Walt Disney Pictures","Anthony Gonzalez, Gael GarcÌa Bernal, Benjamin Bratt",Lee Unkrich,2017,10,357,Blockbuster
tt1843866,Captain America: The Winter Soldier,7.671,17692,714766572,170000000,136,en,31.482,"Action, Adventure, Science Fiction",Marvel Studios,"Chris Evans, Scarlett Johansson, Sebastian Stan",Anthony Russo & Joe Russo,2014,3,320,Blockbuster
tt0145487,Spider-Man,7.279,17653,821708551,139000000,121,en,63.478,"Fantasy, Action","Marvel Enterprises, Laura Ziskin Productions, Columbia Pictures","Tobey Maguire, Kirsten Dunst, Willem Dafoe",Sam Raimi,2002,5,491,All-Time Blockbuster
tt0910970,WALL¬∑E,8.078,17446,521311860,180000000,98,en,58.517,"Animation, Family, Science Fiction","Pixar, Walt Disney Pictures","Ben Burtt, Elissa Knight, Jeff Garlin",Andrew Stanton,2008,6,190,Super Hit
tt2267998,Gone Girl,7.892,17381,369330363,61000000,149,en,46.611,"Mystery, Thriller, Drama","Regency Enterprises, New Regency Pictures, Pacific Standard, TSG Entertainment, Artemple - Hollywood, 20th Century Fox","Ben Affleck, Rosamund Pike, Neil Patrick Harris",David Fincher,2014,10,505,All-Time Blockbuster
tt0903624,The Hobbit: An Unexpected Journey,7.339,17356,1021103568,250000000,169,en,83.524,"Adventure, Fantasy, Action","Warner Bros. Pictures, Metro-Goldwyn-Mayer, New Line Cinema, WingNut Films","Martin Freeman, Ian McKellen, Richard Armitage",Peter Jackson,2012,12,308,Blockbuster
tt0198781,"Monsters, Inc.",7.835,17189,579707738,115000000,92,en,86.936,"Animation, Comedy, Family",Pixar,"John Goodman, Billy Crystal, Mary Gibbs",Pete Docter,2001,11,404,All-Time Blockbuster
tt0114709,Toy Story,7.971,17152,394400000,30000000,81,en,78.404,"Animation, Adventure, Family, Comedy",Pixar,"Tom Hanks, Tim Allen, Don Rickles",John Lasseter,1995,10,1215,All-Time Blockbuster
tt1663202,The Revenant,7.5,17114,532950503,135000000,157,en,36.747,"Western, Drama, Adventure","Monarchy Enterprises S.a.r.l., Regency Enterprises, Appian Way, CatchPlay, Anonymous Content, New Regency Pictures, Hong Kong Alpha Motion Pictures Co., M Productions, RatPac Entertainment","Leonardo Dicaprio, Tom Hardy, Domhnall Gleeson",Alejandro G. IÒ·rritu,2015,12,295,Blockbuster
tt2975590,Batman v Superman: Dawn of Justice,5.952,17081,873637528,250000000,152,en,78.589,"Action, Adventure, Fantasy","Warner Bros. Pictures, RatPac Entertainment, Atlas Entertainment, Cruel & Unusual Films, DC Entertainment, Syncopy","Ben Affleck, Henry Cavill, Gal Gadot",Zack Snyder,2016,3,249,Blockbuster
tt0110357,The Lion King,8.256,16991,763455561,45000000,89,en,87.384,"Family, Animation, Drama","Walt Disney Pictures, Walt Disney Feature Animation","Matthew Broderick, Jeremy Irons, James Earl Jones",Roger Allers & Rob Minkoff,1994,6,1597,All-Time Blockbuster
tt0172495,Gladiator,8.209,16962,465361176,103000000,155,en,53.587,"Action, Drama, Adventure","Universal Pictures, Scott Free Productions, Red Wagon Entertainment, Mill Film, C & L, Dawliz, DreamWorks Pictures","Russell Crowe, Joaquin Phoenix, Connie Nielsen",Ridley Scott,2000,5,352,Blockbuster
tt0120382,The Truman Show,8.133,16827,264118201,60000000,103,en,42.954,"Comedy, Drama","Paramount, Scott Rudin Productions","Jim Carrey, Laura Linney, Ed Harris",Peter Weir,1998,6,340,Blockbuster
tt0317705,The Incredibles,7.704,16584,631442092,92000000,115,en,62.609,"Action, Adventure, Animation, Family","Pixar, Walt Disney Pictures","T. Nelson, Holly Hunter, Samuel L. Jackson",Brad Bird Craig,2004,10,586,All-Time Blockbuster
tt2543164,Arrival,7.6,16564,203388186,47000000,116,en,47.983,"Drama, Science Fiction, Mystery","FilmNation Entertainment, Lava Bear Films, Reliance Entertainment, Xenolinguistics, 21 Laps Entertainment, Paramount, Stage 6 Films","Amy Adams, Jeremy Renner, Forest Whitaker",Denis Villeneuve,2016,11,333,Blockbuster
tt6751668,Í∏∞ÏÉùÏ∂©,8.515,16430,257591776,11363000,133,ko,64.627,"Comedy, Thriller, Drama",Barunson E&A,"Song Kang-ho, Lee Sun-kyun, Cho Yeo-jeong",Bong Joon-ho,2019,5,2167,All-Time Blockbuster
tt1981115,Thor: The Dark World,6.538,16359,644783140,170000000,112,en,59.968,"Action, Adventure, Fantasy",Marvel Studios,"Chris Hemsworth, Natalie Portman, Tom Hiddleston",Alan Taylor,2013,10,279,Blockbuster
tt0948470,The Amazing Spider-Man,6.691,16352,757930663,215000000,136,en,78.989,"Action, Adventure, Fantasy","Marvel Entertainment, Laura Ziskin Productions, Columbia Pictures, Matt Tolmach Productions, Arad Productions","Andrew Garfield, Emma Stone, Rhys Ifans",Marc Webb,2012,6,253,Blockbuster
tt4972582,Split,7.337,16345,278454358,9000000,117,en,44.51,"Horror, Thriller","Universal Pictures, Blinding Edge Pictures, Blumhouse Productions","James McAvoy, Anya Taylor-Joy, Betty Buckley",M. Night Shyamalan,2017,1,2994,All-Time Blockbuster
tt5463162,Deadpool 2,7.492,16324,785896609,110000000,120,en,66.096,"Action, Comedy, Adventure","Maximum Effort, Genre Films, 20th Century Fox","Ryan Reynolds, Josh Brolin, Morena Baccarin",David Leitch,2018,5,614,All-Time Blockbuster
tt0081505,The Shining,8.218,16205,44781695,19000000,144,en,45.252,"Horror, Thriller","Hawk Films, Peregrine, Producers Circle, Warner Bros. Pictures","Jack Nicholson, Shelley Duvall, Scatman Crothers",Stanley Kubrick,1980,5,136,Super Hit
tt0266697,Kill Bill: Vol. 1,7.97,16188,180906076,30000000,111,en,36.315,"Action, Crime","Miramax, A Band Apart, Super Cool ManChu","Uma Thurman, Lucy Liu, Vivica A. Fox",Quentin Tarantino,2003,10,503,All-Time Blockbuster
tt1951264,The Hunger Games: Catching Fire,7.4,16182,865011746,130000000,146,en,49.864,"Adventure, Action, Science Fiction","Lionsgate, Color Force","Jennifer Lawrence, Josh Hutcherson, Liam Hemsworth",Francis Lawrence,2013,11,565,All-Time Blockbuster
tt1675434,Intouchables,8.277,16083,426588510,13000000,113,fr,41.656,"Drama, Comedy","Gaumont, Cin√©Cin√©ma, Quad Productions, Chaocorp, Ten Films, TF1, Canal+, TF1 Films Production","FranÁois Cluzet, Omar Sy, Anne Le Ny",Olivier Nakache & …ric Toledano,2011,11,3181,All-Time Blockbuster
tt5052448,Get Out,7.62,16081,255407969,4500000,104,en,36.442,"Mystery, Thriller, Horror","Monkeypaw Productions, Blumhouse Productions, QC Entertainment","Daniel Kaluuya, Allison Williams, Bradley Whitford",Jordan Peele,2017,2,5576,All-Time Blockbuster
tt2084970,The Imitation Game,8.007,15973,233555708,14000000,113,en,47.491,"History, Drama, Thriller, War","Bristol Automotive, Black Bear Pictures, The Weinstein Company, FilmNation Entertainment","Benedict Cumberbatch, Keira Knightley, Matthew Goode",Morten Tyldum,2014,11,1568,All-Time Blockbuster
tt1727824,Bohemian Rhapsody,7.997,15965,903992901,52000000,135,en,37.55,"Music, Drama, History","GK Films, Regency Enterprises, Queen Films, Tribeca Productions, New Regency Pictures, 20th Century Fox","Rami Malek, Lucy Boynton, Gwilym Lee",Bryan Singer,2018,10,1638,All-Time Blockbuster
tt0120689,The Green Mile,8.507,15937,286801374,60000000,189,en,83.739,"Fantasy, Drama, Crime","Castle Rock Entertainment, Darkwoods Productions, Warner Bros. Pictures, PolyGram Filmed Entertainment","Tom Hanks, Michael Clarke Duncan, David Morse",Frank Darabont,1999,12,378,Blockbuster
tt1790864,The Maze Runner,7.173,15901,348319861,34000000,113,en,83.206,"Action, Mystery, Science Fiction, Thriller","Ingenious Media, Gotham Group, Dayday Films, Temple Hill Entertainment, TSG Entertainment, 20th Century Fox","Dylan O'Brien, Kaya Scodelario, Will Poulter",Wes Ball,2014,9,924,All-Time Blockbuster
tt1119646,The Hangover,7.312,15812,469310836,35000000,100,en,72.655,Comedy,"Legendary Pictures, Green Hat Films, Warner Bros. Pictures","Bradley Cooper, Ed Helms, Zach Galifianakis",Todd Phillips,2009,6,1241,All-Time Blockbuster
tt0080684,The Empire Strikes Back,8.4,15773,538400000,18000000,124,en,35.265,"Adventure, Action, Science Fiction",Lucasfilm Ltd.,"Mark Hamill, Harrison Ford, Carrie Fisher",Irvin Kershner,1980,5,2891,All-Time Blockbuster
tt0126029,Shrek,7.73,15765,487853320,60000000,90,en,94.456,"Animation, Comedy, Fantasy, Adventure, Family","DreamWorks Pictures, Pacific Data Images, DreamWorks Animation","Mike Myers, Eddie Murphy, Cameron Diaz",Andrew Adamson & Vicky Jenson,2001,5,713,All-Time Blockbuster
tt0382932,Ratatouille,7.809,15728,623726000,150000000,111,en,82.488,"Animation, Comedy, Family, Fantasy","Pixar, Walt Disney Pictures","Patton Oswalt, Ian Holm, Lou Romano",Brad Bird,2007,6,316,Blockbuster
tt2802144,Kingsman: The Secret Service,7.636,15664,414351546,81000000,129,en,56.288,"Crime, Comedy, Action, Adventure","20th Century Fox, Marv Films, Cloudy Productions, TSG Entertainment","Taron Egerton, Colin Firth, Samuel L. Jackson",Matthew Vaughn,2014,12,412,All-Time Blockbuster
tt3783958,La La Land,7.897,15625,447407695,30000000,129,en,32.009,"Comedy, Drama, Romance, Music","Summit Entertainment, Black Label Media, Gilbert Films, Impostor Pictures, Marc Platt Productions, Lionsgate","Ryan Gosling, Emma Stone, John Legend",Damien Chazelle,2016,11,1391,All-Time Blockbuster
tt2294629,Frozen,7.2,15520,1274219009,150000000,102,en,85.794,"Animation, Family, Adventure, Fantasy","Walt Disney Pictures, Walt Disney Animation Studios","Kristen Bell, Idina Menzel, Jonathan Groff",Chris Buck & Jennifer Lee,2013,11,749,All-Time Blockbuster
tt5013056,Dunkirk,7.456,15464,527000000,150000000,107,en,34.529,"War, Action, Drama","Warner Bros. Pictures, Syncopy, RatPac Entertainment","Fionn Whitehead, Tom Hardy, Mark Rylance",Christopher Nolan,2017,7,251,Blockbuster
tt2948356,Zootopia,7.748,15230,1023784195,150000000,109,en,98.11,"Animation, Adventure, Family, Comedy","Walt Disney Animation Studios, Walt Disney Pictures","Ginnifer Goodwin, Jason Bateman, Idris Elba",Byron Howard & Rich Moore,2016,2,583,All-Time Blockbuster
tt2872732,Lucy,6.44,15181,458863600,40000000,89,en,33.913,"Action, Science Fiction","EuropaCorp, Canal+, Cin√©+, TF1 Films Production","Scarlett Johansson, Morgan Freeman, Choi Min-sik",Luc Besson,2014,7,1047,All-Time Blockbuster
tt0107290,Jurassic Park,7.941,15141,920100000,63000000,127,en,24.213,"Adventure, Science Fiction","Universal Pictures, Amblin Entertainment","Sam Neill, Laura Dern, Jeff Goldblum",Steven Spielberg,1993,6,1360,All-Time Blockbuster
tt0102926,The Silence of the Lambs,8.3,15003,272742922,19000000,119,en,9.119,"Crime, Drama, Thriller","Orion Pictures, Strong Heart/Demme Production","Jodie Foster, Anthony Hopkins, Scott Glenn",Jonathan Demme,1991,2,1335,All-Time Blockbuster
tt0245429,ÂçÉ„Å®ÂçÉÂ∞ã„ÅÆÁ•ûÈö†„Åó,8.539,14913,274925095,19000000,125,ja,68.024,"Animation, Family, Fantasy",Studio Ghibli,"Rumi Hiiragi, Miyu Irino, Mari Natsuki",Hayao Miyazaki,2001,7,1347,All-Time Blockbuster
tt2771200,Beauty and the Beast,6.967,14871,1266115964,160000000,129,en,56.226,"Family, Fantasy, Romance","Walt Disney Pictures, Mandeville Films","Emma Watson, Dan Stevens, Luke Evans",Bill Condon,2017,3,691,All-Time Blockbuster
tt0383574,Pirates of the Caribbean: Dead Man's Chest,7.346,14868,1065659812,200000000,151,en,69.403,"Adventure, Fantasy, Action","Walt Disney Pictures, Jerry Bruckheimer Films, Second Mate Productions","Johnny Depp, Orlando Bloom, Keira Knightley",Gore Verbinski,2006,7,433,All-Time Blockbuster
tt2245084,Big Hero 6,7.738,14732,657827828,165000000,102,en,98.41,"Adventure, Family, Animation, Action, Comedy","Walt Disney Pictures, Walt Disney Animation Studios","Ryan Potter, Scott Adsit, Jamie Chung",Don Hall & Chris Williams,2014,10,299,Blockbuster
tt1670345,Now You See Me,7.345,14726,351723989,75000000,116,en,45.241,"Thriller, Crime","Summit Entertainment, K/O Paper Products, SOIXAN7E QUIN5E, See Me Louisiana","Jesse Eisenberg, Mark Ruffalo, Woody Harrelson",Louis Leterrier,2013,5,369,Blockbuster
tt1951265,The Hunger Games: Mockingjay - Part 1,6.796,14725,755356711,125000000,123,en,85.889,"Science Fiction, Adventure, Thriller","Lionsgate, Color Force","Jennifer Lawrence, Josh Hutcherson, Liam Hemsworth",Francis Lawrence,2014,11,504,All-Time Blockbuster
tt1270797,Venom,6.826,14724,856085151,116000000,112,en,48.649,"Science Fiction, Action","Matt Tolmach Productions, Pascal Pictures, Marvel Entertainment, Tencent Pictures, Arad Productions","Tom Hardy, Michelle Williams, Riz Ahmed",Ruben Fleischer,2018,9,638,All-Time Blockbuster
tt0482571,The Prestige,8.203,14696,109676311,40000000,130,en,48.832,"Drama, Mystery, Science Fiction","Warner Bros. Pictures, Touchstone Pictures, Newmarket Films, Syncopy","Christian Bale, Hugh Jackman, Scarlett Johansson",Christopher Nolan,2006,10,174,Super Hit
tt0480249,I Am Legend,7.201,14675,585410052,150000000,101,en,59.815,"Drama, Science Fiction, Thriller","Village Roadshow Pictures, Weed Road Pictures, Original Film, Warner Bros. Pictures, Heyday Films, Overbrook Entertainment","Will Smith, Alice Braga, Charlie Tahan",Francis Lawrence,2007,12,290,Blockbuster
tt0120815,Saving Private Ryan,8.209,14658,481840909,70000000,169,en,59.745,"Drama, History, War","Paramount, Amblin Entertainment, Mutual Film Company, DreamWorks Pictures, The Mark Gordon Company","Tom Hanks, Tom Sizemore, Edward Burns",Steven Spielberg,1998,7,588,All-Time Blockbuster
tt4154664,Captain Marvel,6.843,14657,1131416446,152000000,124,en,50.399,"Action, Adventure, Science Fiction",Marvel Studios,"Brie Larson, Samuel L. Jackson, Ben Mendelsohn",Anna Boden & Ryan Fleck,2019,3,644,All-Time Blockbuster
tt3890160,Baby Driver,7.5,14634,226945087,34000000,113,en,44.974,"Action, Crime","Big Talk Productions, Working Title Films","Ansel Elgort, Lily James, Kevin Spacey",Edgar Wright,2017,6,567,All-Time Blockbuster
tt0108052,Schindler's List,8.573,14594,321365567,22000000,195,en,65.084,"Drama, History, War",Amblin Entertainment,"Liam Neeson, Ben Kingsley, Ralph Fiennes",Steven Spielberg,1993,12,1361,All-Time Blockbuster
tt0086190,Return of the Jedi,7.892,14591,572700000,32350000,132,en,40.104,"Adventure, Action, Science Fiction",Lucasfilm Ltd.,"Mark Hamill, Harrison Ford, Carrie Fisher",Richard Marquand,1983,5,1670,All-Time Blockbuster
tt6320628,Spider-Man: Far From Home,7.447,14495,1131927996,160000000,129,en,49.913,"Action, Adventure, Science Fiction","Marvel Studios, Pascal Pictures, Columbia Pictures","Tom Holland, Jake Gyllenhaal, Zendaya",Jon Watts,2019,6,607,All-Time Blockbuster
tt1074638,Skyfall,7.227,14466,1142471295,200000000,143,en,33.456,"Action, Adventure, Thriller","Metro-Goldwyn-Mayer, Eon Productions, Danjaq, Columbia Pictures","Daniel Craig, Javier Bardem, Naomie Harris",Sam Mendes,2012,10,471,All-Time Blockbuster
tt1454468,Gravity,7.162,14463,723192705,105000000,91,en,31.024,"Science Fiction, Thriller, Drama","Esperanto Filmoj, Warner Bros. Pictures, Heyday Films","Sandra Bullock, George Clooney, Ed Harris",Alfonso CuarÛn,2013,10,589,All-Time Blockbuster
tt1877832,X-Men: Days of Future Past,7.5,14433,747862775,250000000,132,en,60.194,"Action, Adventure, Science Fiction","Bad Hat Harry Productions, The Donners' Company, Simon Kinberg Productions, 20th Century Fox","Hugh Jackman, James McAvoy, Michael Fassbender",Bryan Singer,2014,5,199,Super Hit
tt1677720,Ready Player One,7.6,14430,607274134,175000000,140,en,50.088,"Adventure, Action, Science Fiction","Amblin Entertainment, De Line Pictures, Warner Bros. Pictures, Farah Films & Management, Village Roadshow Pictures, Access Entertainment","Tye Sheridan, Olivia Cooke, Ben Mendelsohn",Steven Spielberg,2018,3,247,Blockbuster
tt0816711,World War Z,6.807,14409,531865000,200000000,116,en,55.042,"Action, Drama, Horror, Science Fiction, Thriller","GK Films, Paramount, Hemisphere Media Capital, 2DUX¬≤, Apparatus Productions, Latina Pictures, Skydance, Plan B Entertainment","Brad Pitt, Mireille Enos, Daniella Kertesz",Marc Forster,2013,6,166,Super Hit
tt0264464,Catch Me If You Can,7.971,14393,352114312,52000000,141,en,44.814,"Drama, Crime","Parkes/MacDonald Productions, Kemp Company, Splendid Pictures","Leonardo DiCaprio, Tom Hanks, Christopher Walken",Steven Spielberg,2002,12,577,All-Time Blockbuster
tt3748528,Rogue One: A Star Wars Story,7.488,14354,1056057273,200000000,133,en,33.1,"Action, Adventure, Science Fiction",Lucasfilm Ltd.,"Felicity Jones, Diego Luna, Ben Mendelsohn",Gareth Edwards,2016,12,428,All-Time Blockbuster
tt2527336,Star Wars: The Last Jedi,6.825,14312,1332698830,200000000,152,en,47.241,"Adventure, Action, Science Fiction",Lucasfilm Ltd.,"Daisy Ridley, Adam Driver, Mark Hamill",Rian Johnson,2017,12,566,All-Time Blockbuster
tt0770828,Man of Steel,6.614,14310,668045518,225000000,143,en,44.96,"Action, Adventure, Science Fiction","DC Entertainment, Syncopy, Peters Entertainment, Warner Bros. Pictures","Henry Cavill, Amy Adams, Michael Shannon",Zack Snyder,2013,6,197,Super Hit
tt1323594,Despicable Me,7.227,14147,533679475,69000000,95,en,47.416,"Family, Animation, Comedy","Illumination, Universal Pictures","Steve Carell, Jason Segel, Miranda Cosgrove",Pierre Coffin & Chris Renaud,2010,7,673,All-Time Blockbuster
tt0316654,Spider-Man 2,7.258,14096,788976453,200000000,127,en,24.172,"Action, Adventure, Fantasy","Marvel Enterprises, Laura Ziskin Productions, Columbia Pictures","Tobey Maguire, Kirsten Dunst, Alfred Molina",Sam Raimi,2004,6,294,Blockbuster
tt4633694,Spider-Man: Into the Spider-Verse,8.404,14024,375464627,90000000,117,en,80.675,"Action, Adventure, Animation, Science Fiction","Columbia Pictures, Lord Miller, Pascal Pictures, Sony Pictures Animation, Arad Productions","Shameik Moore, Hailee Steinfeld, Jake Johnson","Bob Persichetti, Peter Ramsey & Rodney Rothman",2018,12,317,Blockbuster
tt0367594,Charlie and the Chocolate Factory,7.04,13967,474968763,150000000,115,en,60.854,"Adventure, Comedy, Family, Fantasy","The Zanuck Company, Theobald Film Productions, Plan B Entertainment","Johnny Depp, Freddie Highmore, Helena Bonham Carter",Tim Burton,2005,7,217,Blockbuster
tt2582802,Whiplash,8.381,13891,13092000,3300000,107,en,54.495,"Drama, Music","Bold Films, Blumhouse Productions, Right of Way Films, Sierra/Affinity, Stage 6 Films, Sony Pictures Classics","Miles Teller, J.K. Simmons, Paul Reiser",Damien Chazelle,2014,10,297,Blockbuster
tt0407887,The Departed,8.166,13792,291465000,90000000,151,en,42.503,"Drama, Thriller, Crime","Vertigo Entertainment, Media Asia Films, Initial Entertainment Group, Warner Bros. Pictures, Plan B Entertainment","Leonardo DiCaprio, Matt Damon, Jack Nicholson",Martin Scorsese,2006,10,224,Blockbuster
tt2278388,The Grand Budapest Hotel,8.049,13787,174600318,30000000,100,en,33.966,"Comedy, Drama","Fox Searchlight Pictures, Scott Rudin Productions, Studio Babelsberg, Indian Paintbrush, TSG Entertainment, American Empirical Pictures","Ralph Fiennes, Tony Revolori, Saoirse Ronan",Wes Anderson,2014,2,482,All-Time Blockbuster
tt0435761,Toy Story 3,7.792,13777,1066969703,200000000,103,en,69.145,"Animation, Family, Comedy","Pixar, Walt Disney Pictures","Tom Hanks, Tim Allen, Joan Cusack",Lee Unkrich,2010,6,433,All-Time Blockbuster
tt0209144,Memento,8.188,13723,39723096,9000000,113,en,31.795,"Mystery, Thriller","Summit Entertainment, Newmarket Capital Group, Team Todd, I Remember Productions","Guy Pearce, Carrie-Anne Moss, Joe Pantoliano",Christopher Nolan,2000,10,341,Blockbuster
tt0338013,Eternal Sunshine of the Spotless Mind,8.101,13709,72258126,20000000,108,en,54.124,"Science Fiction, Drama, Romance","Focus Features, Anonymous Content, This Is That Productions","Jim Carrey, Kate Winslet, Elijah Wood",Michel Gondry,2004,3,261,Blockbuster
tt0110413,L√©on: The Professional,8.316,13652,45284974,16000000,111,en,58.625,"Crime, Drama, Action","Gaumont, Les Films du Dauphin","Jean Reno, Natalie Portman, Gary Oldman",Luc Besson,1994,9,183,Super Hit
tt0947798,Black Swan,7.672,13567,329398046,13000000,108,en,34.932,"Drama, Thriller, Horror","Fox Searchlight Pictures, Cross Creek Pictures, Protozoa Pictures, Phoenix Pictures","Natalie Portman, Mila Kunis, Vincent Cassel",Darren Aronofsky,2010,12,2434,All-Time Blockbuster
tt0434409,V for Vendetta,7.897,13556,132511035,54000000,132,en,42.174,"Action, Thriller, Science Fiction","Studio Babelsberg, Virtual Studios, Anarchos Productions, Silver Pictures, F√ºnfte Babelsberg Film, Warner Bros. Pictures, DC Comics, Medienboard Berlin-Brandenburg","Natalie Portman, Hugo Weaving, Stephen Rea",James McTeigue,2006,2,145,Super Hit
tt0120915,Star Wars: Episode I - The Phantom Menace,6.5,13550,924317558,115000000,136,en,46.845,"Adventure, Action, Science Fiction",Lucasfilm Ltd.,"Liam Neeson, Ewan McGregor, Natalie Portman",George Lucas,1999,5,704,All-Time Blockbuster
tt1798709,Her,7.862,13407,47351251,23000000,126,en,37.608,"Romance, Science Fiction, Drama","Annapurna Pictures, Warner Bros. Pictures, Stage 6 Films","Joaquin Phoenix, Scarlett Johansson (voice), Amy Adams",Spike Jonze,2013,12,106,Super Hit
tt0449088,Pirates of the Caribbean: At World's End,7.239,13345,961000000,300000000,169,en,81.883,"Adventure, Fantasy, Action","Jerry Bruckheimer Films, Second Mate Productions, Walt Disney Pictures","Johnny Depp, Orlando Bloom, Keira Knightley",Gore Verbinski,2007,5,220,Blockbuster
tt2310332,The Hobbit: The Battle of the Five Armies,7.309,13301,956019788,250000000,144,en,94.048,"Action, Adventure, Fantasy","Warner Bros. Pictures, WingNut Films, New Line Cinema, 3Foot7, Metro-Goldwyn-Mayer","Martin Freeman, Ian McKellen, Richard Armitage",Peter Jackson,2014,12,282,Blockbuster
tt0105236,Reservoir Dogs,8.132,13296,2859750,1200000,99,en,34.018,"Crime, Thriller","Live Entertainment, Dog Eat Dog Productions","Harvey Keitel, Tim Roth, Michael Madsen",Quentin Tarantino,1992,9,138,Super Hit
tt3460252,The Hateful Eight,7.746,13291,155760117,44000000,188,en,32.119,"Drama, Mystery, Western","The Weinstein Company, Double Feature Films, FilmColony","L. Jackson, Kurt Russell, Jennifer Jason Leigh",Quentin Tarantino Samuel,2015,12,254,Blockbuster
tt0078748,Alien,8.147,13206,104931801,11000000,117,en,72.767,"Horror, Science Fiction","Brandywine Productions, 20th Century Fox","Sigourney Weaver, Tom Skerritt, John Hurt",Ridley Scott,1979,5,854,All-Time Blockbuster
tt0988045,Sherlock Holmes,7.202,13170,524028679,90000000,129,en,35.808,"Action, Adventure, Crime, Mystery","Warner Bros. Pictures, Village Roadshow Pictures, Silver Pictures, Wigram Productions, Internationale Filmproduktion Blackbird Dritte","Downey Jr., Jude Law, Rachel McAdams",Guy Ritchie Robert,2009,12,482,All-Time Blockbuster
tt1014759,Alice in Wonderland,6.627,13149,1025467110,200000000,108,en,56.345,"Family, Fantasy, Adventure","Walt Disney Pictures, Roth Films, Team Todd, Tim Burton Productions, The Zanuck Company","Mia Wasikowska, Johnny Depp, Helena Bonham Carter",Tim Burton,2010,3,413,All-Time Blockbuster
tt1298650,Pirates of the Caribbean: On Stranger Tides,6.538,13126,1045713802,379000000,137,en,79.192,"Adventure, Action, Fantasy","Walt Disney Pictures, Jerry Bruckheimer Films, Moving Picture Company","Johnny Depp, PenÈlope Cruz, Geoffrey Rush",Rob Marshall,2011,5,176,Super Hit
tt0413300,Spider-Man 3,6.398,13098,894983373,258000000,139,en,61.149,"Fantasy, Action, Adventure","Laura Ziskin Productions, Marvel Studios, Columbia Pictures","Tobey Maguire, Kirsten Dunst, James Franco",Sam Raimi,2007,5,247,Blockbuster
tt6644200,A Quiet Place,7.396,13079,341000000,17000000,91,en,38.002,"Horror, Drama, Science Fiction","Paramount, Platinum Dunes","Emily Blunt, John Krasinski, Millicent Simmonds",John Krasinski,2018,4,1906,All-Time Blockbuster
tt1477834,Aquaman,6.9,12965,1148528393,160000000,143,en,52.471,"Action, Adventure, Fantasy","Warner Bros. Pictures, The Safran Company, DC Films","Jason Momoa, Amber Heard, Willem Dafoe",James Wan,2018,12,618,All-Time Blockbuster
tt0378194,Kill Bill: Vol. 2,7.876,12916,152159461,30000000,136,en,37.053,"Action, Crime, Thriller","Super Cool ManChu, Miramax, A Band Apart","Uma Thurman, David Carradine, Michael Madsen",Quentin Tarantino,2004,4,407,All-Time Blockbuster
tt0317219,Cars,6.936,12906,461983149,120000000,117,en,47.447,"Animation, Adventure, Comedy, Family","Pixar, Walt Disney Pictures","Owen Wilson, Paul Newman, Bonnie Hunt",John Lasseter,2006,6,285,Blockbuster
tt0120363,Toy Story 2,7.589,12904,497366869,90000000,92,en,73.516,"Animation, Comedy, Family",Pixar,"Tom Hanks, Tim Allen, Joan Cusack",John Lasseter,1999,10,453,All-Time Blockbuster
tt0119654,Men in Black,7.184,12836,589390539,90000000,98,en,38.848,"Action, Adventure, Comedy, Science Fiction","Columbia Pictures, Amblin Entertainment, Parkes+MacDonald Image Nation","Will Smith, Tommy Lee Jones, Linda Fiorentino",Barry Sonnenfeld,1997,7,555,All-Time Blockbuster
tt1631867,Edge of Tomorrow,7.606,12828,370541256,178000000,114,en,51.408,"Action, Science Fiction","RatPac Entertainment, Village Roadshow Pictures, VIZ Media, 3 Arts Entertainment, Warner Bros. Pictures","Tom Cruise, Emily Blunt, Bill Paxton",Doug Liman,2014,5,108,Super Hit
tt0416449,300,7.175,12812,456082343,65000000,117,en,44.918,"Action, Adventure, War","Virtual Studios, Legendary Pictures, Hollywood Gang Productions, Atmosphere Entertainment MM, Nimar Studios, Warner Bros. Pictures, Cruel & Unusual Films","Gerard Butler, Lena Headey, Rodrigo Santoro",Zack Snyder,2007,3,602,All-Time Blockbuster
tt2283362,Jumanji: Welcome to the Jungle,6.827,12796,995339117,90000000,119,en,26.669,"Adventure, Action, Comedy, Fantasy","Radar Pictures, Matt Tolmach Productions, Seven Bucks Productions, Columbia Pictures","Dwayne Johnson, Kevin Hart, Jack Black",Jake Kasdan,2017,12,1006,All-Time Blockbuster
tt0083658,Blade Runner,7.931,12770,41722424,28000000,118,en,56.798,"Science Fiction, Drama, Thriller","Shaw Brothers, The Ladd Company, Warner Bros. Pictures","Harrison Ford, Rutger Hauer, Sean Young",Ridley Scott,1982,6,49,Average / Below Average
tt0121766,Star Wars: Episode III - Revenge of the Sith,7.411,12753,850000000,113000000,140,en,41.215,"Adventure, Action, Science Fiction",Lucasfilm Ltd.,"Hayden Christensen, Ewan McGregor, Natalie Portman",George Lucas,2005,5,652,All-Time Blockbuster
tt2119532,Hacksaw Ridge,8.195,12668,175302354,40000000,139,en,74.994,"Drama, History, War","Vendian Entertainment, Summit Entertainment, Cross Creek Pictures, IM Global, Screen Australia, Screen NSW, Permut Presentations, Pandemonium, Demarest Films, Lionsgate, Bliss Media, Kylin Pictures, AI Film","Andrew Garfield, Sam Worthington, Teresa Palmer",Mel Gibson,2016,10,338,Blockbuster
tt1099212,Twilight,6.286,12638,393616788,37000000,122,en,71.541,"Fantasy, Drama, Romance","Summit Entertainment, Temple Hill Entertainment, Maverick Films, Imprint Entertainment, Goldcrest, Twilight Productions","Kristen Stewart, Robert Pattinson, Billy Burke",Catherine Hardwicke,2008,11,964,All-Time Blockbuster
tt1217209,Brave,7.012,12591,538983207,185000000,93,en,58.647,"Animation, Adventure, Comedy, Family, Action, Fantasy","Walt Disney Pictures, Pixar","Kelly Macdonald, Billy Connolly, Emma Thompson",Mark Andrews & Brenda Chapman,2012,6,191,Super Hit
tt5095030,Ant-Man and the Wasp,6.951,12512,622674139,140000000,119,en,34.801,"Action, Adventure, Science Fiction",Marvel Studios,"Paul Rudd, Evangeline Lilly, Michael Douglas",Peyton Reed,2018,7,345,Blockbuster
tt1587310,Maleficent,7.09,12477,758539785,180000000,97,en,51.055,"Fantasy, Adventure, Action, Family, Romance","Walt Disney Pictures, Roth Films","Angelina Jolie, Elle Fanning, Sharlto Copley",Robert Stromberg,2014,5,321,Blockbuster
tt1355644,Passengers,6.934,12429,303144152,110000000,116,en,27.272,"Drama, Romance, Science Fiction","Wanda Pictures, Columbia Pictures, Village Roadshow Pictures, Original Film, Company Films, Start Motion Pictures, LStar Capital","Jennifer Lawrence, Chris Pratt, Michael Sheen",Morten Tyldum,2016,12,176,Super Hit
tt0454876,Life of Pi,7.398,12426,609016565,120000000,127,en,37.796,"Adventure, Drama","Fox 2000 Pictures, Dune Entertainment, Ingenious Media, Haishang Films, Netter Productions, India Take One Productions","Suraj Sharma, Irrfan Khan, Rafe Spall",Ang Lee,2012,11,408,All-Time Blockbuster
tt0470752,Ex Machina,7.572,12362,36869414,15000000,108,en,26.767,"Drama, Science Fiction","DNA Films, Film4 Productions, IAC Films, Scott Rudin Productions","Domhnall Gleeson, Alicia Vikander, Oscar Isaac",Alex Garland,2015,1,146,Super Hit
tt1872181,The Amazing Spider-Man 2,6.498,12349,708962323,200000000,141,en,73.319,"Action, Adventure, Fantasy","Marvel Entertainment, Columbia Pictures, Matt Tolmach Productions, Arad Productions","Andrew Garfield, Emma Stone, Jamie Foxx",Marc Webb,2014,4,254,Blockbuster
tt1856101,Blade Runner 2049,7.544,12331,259239658,150000000,164,en,70.54,"Science Fiction, Drama","Torridon Films, 16:14 Entertainment, Scott Free Productions, Columbia Pictures, Alcon Entertainment, Thunderbird Entertainment, Warner Bros. Pictures","Ryan Gosling, Harrison Ford, Ana de Armas",Denis Villeneuve,2017,10,73,Hit / Semi-Hit
tt0268380,Ice Age,7.348,12296,383257136,59000000,81,en,70.773,"Animation, Comedy, Family, Adventure","20th Century Fox Animation, 20th Century Fox, Blue Sky Studios","Ray Romano, John Leguizamo, Denis Leary",Chris Wedge,2002,3,550,All-Time Blockbuster
tt0121765,Star Wars: Episode II - Attack of the Clones,6.6,12288,649398328,120000000,142,en,42.55,"Adventure, Action, Science Fiction",Lucasfilm Ltd.,"Ewan McGregor, Natalie Portman, Hayden Christensen",George Lucas,2002,5,441,All-Time Blockbuster
tt0974015,Justice League,6.098,12263,657926987,300000000,120,en,91.091,"Action, Adventure, Science Fiction","RatPac Entertainment, Cruel & Unusual Films, Atlas Entertainment, Warner Bros. Pictures, DC Films","Ben Affleck, Henry Cavill, Gal Gadot",Zack Snyder,2017,11,119,Super Hit
tt1170358,The Hobbit: The Desolation of Smaug,7.57,12255,958400000,250000000,161,en,70.03,"Fantasy, Adventure, Action","Warner Bros. Pictures, WingNut Films, New Line Cinema, Metro-Goldwyn-Mayer","Ian McKellen, Martin Freeman, Richard Armitage",Peter Jackson,2013,12,283,Blockbuster
tt7131622,Once Upon a Time‚Ä¶ in Hollywood,7.437,12237,374251247,95000000,162,en,47.706,"Comedy, Drama, Thriller","Heyday Films, Columbia Pictures, Bona Film Group","Leonardo DiCaprio, Brad Pitt, Margot Robbie",Quentin Tarantino,2019,7,294,Blockbuster
tt0118799,La vita √® bella,8.455,12218,230098753,20000000,116,it,39.478,"Comedy, Drama","Melampo Cinematografica, Miramax","Roberto Benigni, Nicoletta Braschi, Giorgio Cantarini",Roberto Benigni,1997,12,1050,All-Time Blockbuster
tt3385516,X-Men: Apocalypse,6.513,12215,543934787,178000000,144,en,45.544,"Action, Adventure, Science Fiction, Fantasy","The Donners' Company, Bad Hat Harry Productions, Genre Films, Hutch Parker Entertainment, 20th Century Fox","James McAvoy, Michael Fassbender, Jennifer Lawrence",Bryan Singer,2016,5,206,Blockbuster
tt2562232,Birdman or (The Unexpected Virtue of Ignorance),7.471,12157,103215094,18000000,120,en,43.866,"Drama, Comedy","TSG Entertainment, Worldview Entertainment, New Regency Pictures, M Productions, Le Grisbi Productions","Michael Keaton, Emma Stone, Edward Norton",Alejandro G. IÒ·rritu,2014,10,473,All-Time Blockbuster
tt1840309,Divergent,6.92,12118,288885818,85000000,139,en,39.066,"Action, Adventure, Science Fiction","Summit Entertainment, Red Wagon Entertainment","Shailene Woodley, Theo James, Kate Winslet",Neil Burger,2014,3,240,Blockbuster
tt2179136,American Sniper,7.427,12107,542307423,58800000,133,en,64.846,"War, Action","RatPac Entertainment, Village Roadshow Pictures, 22 & Indiana Pictures, Malpaso Productions, Warner Bros. Pictures, Mad Chance","Bradley Cooper, Sienna Miller, Jake McDorman",Clint Eastwood,2014,12,822,All-Time Blockbuster
tt0892769,How to Train Your Dragon,7.813,12089,494879471,165000000,98,en,54.176,"Fantasy, Adventure, Animation, Family","DreamWorks Animation, Paramount","Jay Baruchel, Gerard Butler, Craig Ferguson",Dean DeBlois & Chris Sanders,2010,3,200,Blockbuster
tt3606756,Incredibles 2,7.481,12061,1242805359,200000000,118,en,49.215,"Action, Adventure, Animation, Family","Walt Disney Pictures, Pixar","T. Nelson, Holly Hunter, Sarah Vowell",Brad Bird Craig,2018,6,521,All-Time Blockbuster
tt0099487,Edward Scissorhands,7.716,12049,53000000,20000000,105,en,37.283,"Fantasy, Drama, Romance",20th Century Fox,"Johnny Depp, Winona Ryder, Dianne Wiest",Tim Burton,1990,12,165,Super Hit
tt4425200,John Wick: Chapter 2,7.323,12007,171539887,40000000,122,en,88.285,"Action, Thriller, Crime","Thunder Road, 87Eleven, Summit Entertainment","Keanu Reeves, Riccardo Scamarcio, Ruby Rose",Chad Stahelski,2017,2,329,Blockbuster
tt1270798,X-Men: First Class,7.296,11986,353624124,160000000,132,en,1.659,"Action, Science Fiction, Adventure","The Donners' Company, Bad Hat Harry Productions, 20th Century Fox","James McAvoy, Michael Fassbender, Jennifer Lawrence",Matthew Vaughn,2011,6,121,Super Hit
tt0066921,A Clockwork Orange,8.2,11946,26589000,2200000,137,en,38.323,"Science Fiction, Drama","Warner Bros. Pictures, Hawk Films","Malcolm McDowell, Patrick Magee, Adrienne Corri",Stanley Kubrick,1971,12,1109,All-Time Blockbuster
tt0421715,The Curious Case of Benjamin Button,7.579,11899,335802786,150000000,166,en,42.669,"Drama, Fantasy, Romance","Paramount, Warner Bros. Pictures, The Kennedy/Marshall Company","Brad Pitt, Cate Blanchett, Tilda Swinton",David Fincher,2008,12,124,Super Hit
tt0088247,The Terminator,7.646,11874,78371200,6400000,108,en,44.969,"Action, Thriller, Science Fiction","Orion Pictures, Pacific Western, Hemdale Film, Cinema 84, Euro Film Funding","Arnold Schwarzenegger, Linda Hamilton, Michael Biehn",James Cameron,1984,10,1125,All-Time Blockbuster
tt0096874,Back to the Future Part II,7.752,11817,332000000,40000000,108,en,30.516,"Adventure, Comedy, Science Fiction","Universal Pictures, Amblin Entertainment","J. Fox, Christopher Lloyd, Elisabeth Shue",Robert Zemeckis Michael,1989,11,730,All-Time Blockbuster
tt0103064,Terminator 2: Judgment Day,8.104,11744,520000000,102000000,137,en,69.45,"Action, Thriller, Science Fiction","Lightstorm Entertainment, Carolco Pictures, Pacific Western, Le Studio Canal+","Arnold Schwarzenegger, Linda Hamilton, Edward Furlong",James Cameron,1991,7,410,All-Time Blockbuster
tt0099685,GoodFellas,8.464,11726,46835000,25000000,145,en,83.57,"Drama, Crime",Winkler Films,"De Niro, Ray Liotta, Joe Pesci",Martin Scorsese Robert,1990,9,87,Hit / Semi-Hit
tt0780504,Drive,7.572,11718,78054825,15000000,100,en,38.238,"Drama, Thriller, Crime","FilmDistrict, Bold Films, Marc Platt Productions, OddLot Entertainment, Motel Movies, Newbridge Film Capital","Ryan Gosling, Carey Mulligan, Bryan Cranston",Nicolas Winding Refn,2011,9,420,All-Time Blockbuster
tt1663662,Pacific Rim,6.878,11567,411002906,180000000,131,en,55.847,"Action, Science Fiction, Adventure","Double Dare You Productions, Legendary Pictures","Charlie Hunnam, Idris Elba, Rinko Kikuchi",Guillermo del Toro,2013,7,128,Super Hit
tt1951266,The Hunger Games: Mockingjay - Part 2,6.9,11557,653428261,160000000,137,en,43.902,"Action, Adventure, Science Fiction","Lionsgate, Color Force, Studio Babelsberg","Jennifer Lawrence, Josh Hutcherson, Liam Hemsworth",Francis Lawrence,2015,11,308,Blockbuster
tt1772341,Wreck-It Ralph,7.3,11546,471222889,165000000,101,en,46.617,"Family, Animation, Comedy, Adventure","Walt Disney Animation Studios, Walt Disney Pictures","C. Reilly, Sarah Silverman, Jack McBrayer",Rich Moore John,2012,11,186,Super Hit
tt0246578,Donnie Darko,7.8,11515,7500000,6000000,114,en,38.016,"Fantasy, Drama, Mystery","Flower Films, Gaylord Films, Adam Fields Productions, Pandora Cinema","Jake Gyllenhaal, Jena Malone, Drew Barrymore",Richard Kelly,2001,10,25,Average / Below Average
tt1637725,Ted,6.407,11513,549368315,50000000,107,en,38.48,"Comedy, Fantasy","Universal Pictures, MRC, Fuzzy Door Productions, Bluegrass Films, Smart Entertainment","Mark Wahlberg, Mila Kunis, Seth MacFarlane (voice)",Seth MacFarlane,2012,6,999,All-Time Blockbuster
tt1343092,The Great Gatsby,7.379,11505,351040419,105000000,143,en,36.651,"Drama, Romance","Spectrum Films, Village Roadshow Pictures, Bazmark Films, Red Wagon Entertainment, Warner Bros. Pictures, A+E Studios","Leonardo DiCaprio, Carey Mulligan, Tobey Maguire",Baz Luhrmann,2013,5,234,Blockbuster
tt3521164,Moana,7.6,11502,690860472,150000000,107,en,17.963,"Adventure, Comedy, Family, Animation","Walt Disney Pictures, Walt Disney Animation Studios, Hurwitz Creative","Auli'i Cravalho, Dwayne Johnson, Rachel House",Ron Clements & John Musker,2016,10,361,Blockbuster
tt5580390,The Shape of Water,7.247,11490,195333312,19500000,123,en,29.339,"Drama, Fantasy, Romance","Double Dare You Productions, Fox Searchlight Pictures, Bull Productions, TSG Entertainment","Sally Hawkins, Michael Shannon, Octavia Spencer",Guillermo del Toro,2017,12,902,All-Time Blockbuster
tt0082971,Raiders of the Lost Ark,7.924,11483,389925971,18000000,115,en,60.763,"Adventure, Action","Paramount, Lucasfilm Ltd.","Harrison Ford, Karen Allen, Paul Freeman",Steven Spielberg,1981,6,2066,All-Time Blockbuster
tt1156398,Zombieland,7.3,11466,102391540,23600000,88,en,32.08,"Comedy, Horror","Pariah, Columbia Pictures, Relativity Media","Jesse Eisenberg, Woody Harrelson, Emma Stone",Ruben Fleischer,2009,10,334,Blockbuster
tt2277860,Finding Dory,7.042,11429,1028570889,200000000,97,en,26.562,"Adventure, Animation, Comedy, Family","Pixar, Walt Disney Pictures","Ellen DeGeneres, Albert Brooks, Hayden Rolence",Andrew Stanton,2016,6,414,All-Time Blockbuster
tt2674426,Me Before You,7.918,11414,207945075,20000000,110,en,79.741,"Drama, Romance","New Line Cinema, Sunswept Entertainment, Metro-Goldwyn-Mayer","Emilia Clarke, Sam Claflin, Janet McTeer",Thea Sharrock,2016,6,940,All-Time Blockbuster
tt8579674,1917,7.99,11395,394638258,100000000,119,en,44.356,"War, History, Thriller","DreamWorks Pictures, Reliance Entertainment, New Republic Pictures, Neal Street Productions, Mogambo Films, Amblin Partners","George MacKay, Dean-Charles Chapman, Mark Strong",Sam Mendes,2019,12,295,Blockbuster
tt5726616,Call Me by Your Name,8.167,11367,43143046,4000000,132,en,32.15,"Romance, Drama","La Cin√©facture, RT Features, Frenesy Film, Water's End Productions, M.Y.R.A. Entertainment, CineFinance Italia","TimothÈe Chalamet, Armie Hammer, Michael Stuhlbarg",Luca Guadagnino,2017,9,979,All-Time Blockbuster
tt1045658,Silver Linings Playbook,7.13,11327,236412453,21000000,122,en,28.014,"Drama, Comedy, Romance",The Weinstein Company,"Bradley Cooper, Jennifer Lawrence, Robert De Niro",David O. Russell,2012,11,1026,All-Time Blockbuster
tt0298148,Shrek 2,7.249,11323,928760770,150000000,93,en,82.153,"Animation, Family, Comedy, Fantasy, Adventure","DreamWorks Pictures, Pacific Data Images, DreamWorks Animation","Mike Myers, Eddie Murphy, Cameron Diaz",Andrew Adamson,2004,5,519,All-Time Blockbuster
tt1190080,2012,5.819,11300,791217826,200000000,158,en,51.914,"Action, Adventure, Science Fiction","Columbia Pictures, Centropolis Entertainment, Farewell Productions, The Mark Gordon Company","John Cusack, Amanda Peet, Chiwetel Ejiofor",Roland Emmerich,2009,10,296,Blockbuster
tt0071562,The Godfather Part II,8.591,11293,102600000,13000000,202,en,64.753,"Drama, Crime","Paramount, The Coppola Company","Al Pacino, Robert De Niro, Diane Keaton",Francis Ford Coppola,1974,12,689,All-Time Blockbuster
tt0169547,American Beauty,8,11260,356296601,15000000,122,en,29.837,Drama,"Jinks/Cohen Company, DreamWorks Pictures","Kevin Spacey, Annette Bening, Thora Birch",Sam Mendes,1999,9,2275,All-Time Blockbuster
tt1446714,Prometheus,6.535,11255,403354469,130000000,124,en,60.299,"Science Fiction, Adventure, Mystery","Dune Entertainment, Scott Free Productions, Brandywine Productions, 20th Century Fox","Noomi Rapace, Michael Fassbender, Charlize Theron",Ridley Scott,2012,5,210,Blockbuster
tt1285016,The Social Network,7.358,11190,224920315,40000000,121,en,36.101,Drama,"Columbia Pictures, Relativity Media, Scott Rudin Productions, Michael De Luca Productions, Trigger Street Productions","Jesse Eisenberg, Andrew Garfield, Justin Timberlake",David Fincher,2010,10,462,All-Time Blockbuster
tt1790809,Pirates of the Caribbean: Dead Men Tell No Tales,6.648,11176,795922298,230000000,128,en,62.006,"Adventure, Action, Fantasy","Walt Disney Pictures, Jerry Bruckheimer Films, Infinitum Nihil","Johnny Depp, Javier Bardem, Geoffrey Rush",Joachim R¯nning & Espen Sandberg,2017,5,246,Blockbuster
tt8946378,Knives Out,7.847,11156,312897920,40000000,131,en,39.064,"Comedy, Crime, Mystery","Lionsgate, MRC, T-Street Productions","Daniel Craig, Chris Evans, Ana de Armas",Rian Johnson,2019,11,682,All-Time Blockbuster
tt0119217,Good Will Hunting,8.149,11111,225933435,10000000,127,en,56.169,Drama,"Miramax, Lawrence Bender Productions, Be Gentlemen Limited Partnership","Matt Damon, Robin Williams, Ben Affleck",Gus Van Sant,1997,12,2159,All-Time Blockbuster
tt2322441,Fifty Shades of Grey,5.882,11101,571006128,40000000,125,en,96.283,"Drama, Romance, Thriller","Focus Features, Michael De Luca Productions, Trigger Street Productions","Dakota Johnson, Jamie Dornan, Jennifer Ehle",Sam Taylor-Johnson,2015,2,1328,All-Time Blockbuster
tt0458352,The Devil Wears Prada,7.384,11089,326706115,35000000,109,en,50.84,"Comedy, Drama, Romance","Fox 2000 Pictures, Dune Entertainment, Major Studio Partners, Peninsula Films, 20th Century Fox","Meryl Streep, Anne Hathaway, Emily Blunt",David Frankel,2006,6,833,All-Time Blockbuster
tt0075314,Taxi Driver,8.2,11081,28600000,1900000,114,en,41.36,"Crime, Drama","Italo/Judeo Productions, Bill/Phillips, Columbia Pictures","De Niro, Jodie Foster, Harvey Keitel",Martin Scorsese Robert,1976,2,1405,All-Time Blockbuster
tt1517451,A Star Is Born,7.503,11079,433888866,36000000,136,en,27.891,"Music, Drama, Romance","Thunder Road, 22 & Green, Gerber Pictures, Joint Effort, Malpaso Productions, Warner Bros. Pictures, Live Nation Productions","Bradley Cooper, Lady Gaga, Sam Elliott",Bradley Cooper,2018,10,1105,All-Time Blockbuster
tt2713180,Fury,7.518,11021,211817906,68000000,135,en,90.378,"War, Drama, Action","Columbia Pictures, QED International, LStar Capital, Le Grisbi Productions, Crave Films, Sony Pictures, Huayi Brothers Pictures","Brad Pitt, Shia LaBeouf, Logan Lerman",David Ayer,2014,10,211,Blockbuster
tt0800080,The Incredible Hulk,6.204,11006,163712074,150000000,114,en,52.734,"Science Fiction, Action, Adventure","Marvel Studios, Valhalla Motion Pictures","Edward Norton, Liv Tyler, Tim Roth",Louis Leterrier,2008,6,9,Average / Below Average
tt1250777,Kick-Ass,7.12,10997,96188903,28000000,117,en,38.557,"Action, Crime","Marv Films, Lionsgate, Plan B Entertainment, Mandate International","Aaron Taylor-Johnson, ChloÎ Grace Moretz, Nicolas Cage",Matthew Vaughn,2010,3,244,Blockbuster
tt0343818,"I, Robot",6.939,10972,347234916,120000000,115,en,27.677,"Action, Science Fiction","Davis Entertainment, Laurence Mark Productions, Canlaws Productions, 20th Century Fox, Overbrook Entertainment, Mediastream Vierte Film GmbH & Co. Vermarktungs KG","Will Smith, Bridget Moynahan, Alan Tudyk (voice)",Alex Proyas,2004,7,189,Super Hit
tt0477348,No Country for Old Men,7.933,10964,171627166,25000000,122,en,33.115,"Crime, Drama, Thriller","Miramax, Scott Rudin Productions, Mike Zoss Productions, Paramount Vantage","Lee Jones, Javier Bardem, Josh Brolin",Joel Coen & Ethan Coen Tommy,2007,6,587,All-Time Blockbuster
tt1318514,Rise of the Planet of the Apes,7.289,10799,482860185,93000000,105,en,38.032,"Thriller, Action, Drama, Science Fiction","Dune Entertainment III, Dune Entertainment, Chernin Entertainment, Ingenious Media, Big Screen Productions, 20th Century Fox","Andy Serkis, James Franco, Freida Pinto",Rupert Wyatt,2011,8,419,All-Time Blockbuster
tt0240772,Ocean's Eleven,7.43,10774,450717150,85000000,116,en,39.17,"Thriller, Crime","Village Roadshow Pictures, NPV Entertainment, Jerry Weintraub Productions, Section Eight, Warner Bros. Pictures","George Clooney, Brad Pitt, Matt Damon",Steven Soderbergh,2001,12,430,All-Time Blockbuster
tt0167404,The Sixth Sense,7.944,10754,672806292,40000000,107,en,32.836,"Mystery, Thriller, Drama","Spyglass Entertainment, The Kennedy/Marshall Company, Hollywood Pictures, Barry Mendel Productions","Bruce Willis, Haley Joel Osment, Toni Collette",M. Night Shyamalan,1999,8,1582,All-Time Blockbuster
tt0211915,Le Fabuleux Destin d'Am√©lie Poulain,7.905,10750,173921954,10000000,122,fr,42.494,"Comedy, Romance","France 3 Cin√©ma, Claudie Ossard Productions, MMC Independent, Tapioca Films, Sofica Sofinergie 5, Victoires Productions, Canal+, Filmstiftung Nordrhein-Westfalen, Union G√©n√©rale Cin√©matographique (UGC), Miramax","Audrey Tautou, Mathieu Kassovitz, Rufus",Jean-Pierre Jeunet,2001,4,1639,All-Time Blockbuster
tt0086250,Scarface,8.168,10749,66023329,25000000,169,en,54.199,"Action, Crime, Drama",Universal Pictures,"Al Pacino, Michelle Pfeiffer, Steven Bauer",Brian De Palma,1983,12,164,Super Hit
tt1392214,Prisoners,8.091,10748,122126687,46000000,153,en,35.085,"Drama, Thriller, Crime","Madhouse Entertainment, Alcon Entertainment, 8:38 Productions, Warner Bros. Pictures, Summit Entertainment","Hugh Jackman, Jake Gyllenhaal, Viola Davis",Denis Villeneuve,2013,9,165,Super Hit
tt0120586,American History X,8.352,10729,23875127,20000000,119,en,36.427,Drama,"New Line Cinema, Savoy Pictures, The Turman-Morrissey Company","Edward Norton, Edward Furlong, Beverly D'Angelo",Tony Kaye,1998,7,19,Average / Below Average
tt1457767,The Conjuring,7.541,10683,320406242,13000000,112,en,105.394,"Horror, Thriller","Evergreen Media Group, New Line Cinema, The Safran Company","Vera Farmiga, Patrick Wilson, Lili Taylor",James Wan,2013,7,2365,All-Time Blockbuster
tt2582846,The Fault in Our Stars,7.598,10655,307166834,14000000,126,en,30.209,"Romance, Drama","TSG Entertainment, Fox 2000 Pictures, Temple Hill Entertainment","Shailene Woodley, Ansel Elgort, Nat Wolff",Josh Boone,2014,5,2094,All-Time Blockbuster
tt0332280,The Notebook,7.88,10629,115603229,29000000,123,en,55.483,"Romance, Drama","New Line Cinema, Avery Pix, Gran Via Productions","Ryan Gosling, Rachel McAdams, James Garner",Nick Cassavetes,2004,6,299,Blockbuster
tt2024544,12 Years a Slave,7.945,10603,187000000,20000000,134,en,34.808,"Drama, History","New Regency Pictures, Plan B Entertainment, River Road Entertainment, Regency Enterprises, Film4 Productions","Chiwetel Ejiofor, Michael Fassbender, Lupita Nyong'o",Steve McQueen,2013,10,835,All-Time Blockbuster
tt0062622,2001: A Space Odyssey,8.076,10575,71923560,12000000,149,en,48.932,"Science Fiction, Mystery, Adventure","Stanley Kubrick Productions, Metro-Goldwyn-Mayer","Keir Dullea, Gary Lockwood, William Sylvester",Stanley Kubrick,1968,4,499,All-Time Blockbuster
tt1637688,In Time,6.953,10556,173930596,40000000,109,en,67.242,"Action, Thriller, Science Fiction","New Regency Pictures, Strike Entertainment","Justin Timberlake, Amanda Seyfried, Cillian Murphy",Andrew Niccol,2011,10,335,Blockbuster
tt0103639,Aladdin,7.645,10547,504050219,28000000,95,en,52.027,"Animation, Family, Adventure, Fantasy, Romance","Walt Disney Pictures, Walt Disney Feature Animation","Scott Weinger, Robin Williams, Linda Larkin",Ron Clements & John Musker,1992,11,1700,All-Time Blockbuster
tt6966692,Green Book,8.242,10542,319700000,23000000,130,en,34.768,"Drama, Comedy","Participant, DreamWorks Pictures, Cinetic Media","Viggo Mortensen, Mahershala Ali, Linda Cardellini",Peter Farrelly,2018,11,1290,All-Time Blockbuster
tt0398286,Tangled,7.599,10539,592461732,260000000,100,en,84.14,"Animation, Family","Walt Disney Animation Studios, Walt Disney Pictures","Mandy Moore, Zachary Levi, Donna Murphy",Nathan Greno & Byron Howard,2010,11,128,Super Hit
tt0162222,Cast Away,7.662,10531,429632142,90000000,143,en,32.387,"Adventure, Drama","Playtone, ImageMovers, 20th Century Fox, DreamWorks Pictures","Tom Hanks, Helen Hunt, Nick Searcy",Robert Zemeckis,2000,12,377,Blockbuster
tt0120903,X-Men,6.996,10530,296339527,75000000,104,en,1.259,"Adventure, Action, Science Fiction","The Donners' Company, Bad Hat Harry Productions, 20th Century Fox","Hugh Jackman, Anna Paquin, Patrick Stewart",Bryan Singer,2000,7,295,Blockbuster
tt1690953,Despicable Me 2,6.916,10523,970761885,76000000,98,en,46.283,"Animation, Comedy, Family","Illumination, Universal Pictures","Steve Carell, Kristen Wiig, Benjamin Bratt",Pierre Coffin & Chris Renaud,2013,6,1177,All-Time Blockbuster
tt0441773,Kung Fu Panda,7.24,10503,631744560,130000000,90,en,52.866,"Action, Adventure, Animation, Family, Comedy","DreamWorks Animation, Paramount","Jack Black, Dustin Hoffman, Angelina Jolie",Mark Osborne & John Stevenson,2008,6,386,Blockbuster
tt0418279,Transformers,6.8,10477,709709780,150000000,143,en,10.172,"Adventure, Science Fiction, Action","DreamWorks Pictures, di Bonaventura Pictures, Tom DeSanto/Don Murphy Production","Shia LaBeouf, Megan Fox, Josh Duhamel",Michael Bay,2007,6,373,Blockbuster
tt0083866,E.T. the Extra-Terrestrial,7.512,10467,792965500,10500000,115,en,50.334,"Science Fiction, Adventure, Family, Fantasy","Universal Pictures, Amblin Entertainment","Henry Thomas, Drew Barrymore, Peter Coyote",Steven Spielberg,1982,6,7452,All-Time Blockbuster
tt0936501,Taken,7.387,10432,226830568,25000000,94,en,58.646,"Action, Thriller","Wintergreen Productions, EuropaCorp, M6 Films, Grive Productions, TPS Star, M6, All Pictures Media, 20th Century Fox, Canal+","Liam Neeson, Maggie Grace, Famke Janssen",Pierre Morel,2008,2,807,All-Time Blockbuster
tt4881806,Jurassic World: Fallen Kingdom,6.548,10431,1310466296,170000000,129,en,44.365,"Action, Adventure, Science Fiction, Thriller","Amblin Entertainment, Universal Pictures","Chris Pratt, Bryce Dallas Howard, Rafe Spall",J.A. Bayona,2018,6,671,All-Time Blockbuster
tt0118715,The Big Lebowski,7.842,10390,47010480,15000000,117,en,30.996,"Comedy, Crime","Gramercy Pictures, PolyGram Filmed Entertainment, Working Title Films","Jeff Bridges, John Goodman, Steve Buscemi",Joel Coen & Ethan Coen,1998,3,213,Blockbuster
tt2103281,Dawn of the Planet of the Apes,7.306,10321,710644566,170000000,130,en,59.336,"Science Fiction, Action, Drama, Thriller","TSG Entertainment, Chernin Entertainment, Ingenious Media","Andy Serkis, Jason Clarke, Keri Russell",Matt Reeves,2014,6,318,Blockbuster
tt0097165,Dead Poets Society,8.312,10311,235860116,16400000,128,en,38.942,Drama,"Touchstone Pictures, Silver Screen Partners IV, A Steven Haft Production, Witt/Thomas Productions","Robin Williams, Robert Sean Leonard, Ethan Hawke",Peter Weir,1989,6,1338,All-Time Blockbuster
tt4123430,Fantastic Beasts: The Crimes of Grindelwald,6.876,10203,654855901,200000000,134,en,29.783,"Fantasy, Adventure, Family","Warner Bros. Pictures, Heyday Films","Eddie Redmayne, Johnny Depp, Jude Law",David Yates,2018,11,227,Blockbuster
tt0095016,Die Hard,7.775,10202,140767956,28000000,131,en,36.754,"Action, Thriller","Gordon Company, Silver Pictures, 20th Century Fox","Bruce Willis, Alan Rickman, Alexander Godunov",John McTiernan,1988,7,403,All-Time Blockbuster
tt3110958,Now You See Me 2,6.83,10172,334901337,90000000,129,en,33.753,"Crime, Thriller, Action, Mystery","Summit Entertainment, Lionsgate, K/O Paper Products, TIK Films","Jesse Eisenberg, Mark Ruffalo, Woody Harrelson",Jon M. Chu,2016,6,272,Blockbuster
tt0099785,Home Alone,7.412,10140,476684675,18000000,103,en,1.826,"Comedy, Family","Hughes Entertainment, 20th Century Fox","Macaulay Culkin, Joe Pesci, Daniel Stern",Chris Columbus,1990,11,2548,All-Time Blockbuster
tt0234215,The Matrix Reloaded,7.039,10128,738599701,150000000,138,en,44.605,"Adventure, Action, Thriller, Science Fiction","Village Roadshow Pictures, Silver Pictures, NPV Entertainment","Keanu Reeves, Laurence Fishburne, Carrie-Anne Moss",Lana Wachowski & Lilly Wachowski,2003,5,392,Blockbuster
tt0351283,Madagascar,6.892,10103,542063846,75000000,86,en,54.83,"Family, Animation, Adventure, Comedy","DreamWorks Pictures, Pacific Data Images, DreamWorks Animation","Ben Stiller, Chris Rock, Jada Pinkett Smith",Eric Darnell & Tom McGrath,2005,5,623,All-Time Blockbuster
tt2980516,The Theory of Everything,7.86,10069,123726688,15000000,123,en,20.867,"Drama, Romance",Working Title Films,"Eddie Redmayne, Felicity Jones, Charlie Cox",James Marsh,2014,11,725,All-Time Blockbuster
tt2872718,Nightcrawler,7.703,10032,50300000,8500000,118,en,44.274,"Crime, Drama, Thriller","Sierra/Affinity, Bold Films","Jake Gyllenhaal, Rene Russo, Riz Ahmed",Dan Gilroy,2014,10,492,All-Time Blockbuster
tt1905041,Fast & Furious 6,6.817,10021,788680968,160000000,131,en,6.263,"Action, Thriller, Crime","Universal Pictures, Relativity Media, Original Film, One Race, Fuji Television Network, F & F VI Productions A.I.E, dentsu","Vin Diesel, Paul Walker, Dwayne Johnson",Justin Lin,2013,5,393,Blockbuster
tt1483013,Oblivion,6.618,10015,286168572,120000000,124,en,30.901,"Action, Science Fiction, Adventure, Mystery","Universal Pictures, Relativity Media, Monolith Pictures (III), Chernin Entertainment, Radical Studios","Tom Cruise, Morgan Freeman, Olga Kurylenko",Joseph Kosinski,2013,4,138,Super Hit
tt0315327,Bruce Almighty,6.706,10010,484592874,80000000,101,en,33.909,"Fantasy, Comedy","Pit Bull Productions, Spyglass Entertainment, Universal Pictures, Shady Acres Entertainment","Jim Carrey, Jennifer Aniston, Morgan Freeman",Tom Shadyac,2003,5,506,All-Time Blockbuster
tt1205489,Gran Torino,7.994,10003,269958228,33000000,116,en,35.849,Drama,"Matten Productions, Double Nickel Entertainment, Gerber Pictures, Malpaso Productions, Village Roadshow Pictures, WV Films IV, Warner Bros. Pictures","Clint Eastwood, Bee Vang, Ahney Her",Clint Eastwood,2008,12,718,All-Time Blockbuster
tt2820852,Furious 7,7.238,9988,1515341399,190000000,137,en,62.276,"Action, Thriller, Crime","Original Film, One Race, Universal Pictures","Vin Diesel, Paul Walker, Dwayne Johnson",James Wan,2015,4,698,All-Time Blockbuster
tt2293640,Minions,6.395,9969,1156730962,74000000,91,en,26.414,"Family, Animation, Adventure, Comedy","Illumination, Universal Pictures","Sandra Bullock, Jon Hamm, Michael Keaton","Kyle Balda, Pierre Coffin & Eric Guillon",2015,6,1463,All-Time Blockbuster
tt0381061,Casino Royale,7.543,9959,599045960,150000000,144,en,43.407,"Adventure, Action, Thriller","Eon Productions, Stillking Films, Columbia Pictures, Studio Babelsberg, Danjaq, Casino Royale Productions, Metro-Goldwyn-Mayer","Daniel Craig, Eva Green, Mads Mikkelsen",Martin Campbell,2006,11,299,Blockbuster
tt0119116,The Fifth Element,7.53,9947,263920180,90000000,126,en,49.67,"Adventure, Fantasy, Action, Thriller, Science Fiction","Gaumont, Buena Vista International","Bruce Willis, Milla Jovovich, Gary Oldman",Luc Besson,1997,5,193,Super Hit
tt1010048,Slumdog Millionaire,7.734,9916,378410542,15000000,120,en,22.969,"Drama, Romance","Celador Films, Film4 Productions","Dev Patel, Freida Pinto, Anil Kapoor",Danny Boyle,2008,11,2423,All-Time Blockbuster
tt1453405,Monsters University,7,9903,743559607,200000000,104,en,44.116,"Animation, Family","Pixar, Walt Disney Pictures","Billy Crystal, John Goodman, Steve Buscemi",Dan Scanlon,2013,6,272,Blockbuster
tt1219289,Limitless,7.186,9900,161849455,27000000,105,en,33.384,"Thriller, Mystery, Science Fiction","Relativity Media, Virgin Produced, Many Rivers Productions, Boy of the Year, Rogue Pictures, Mandate International","Bradley Cooper, Robert De Niro, Abbie Cornish",Neil Burger,2011,3,499,All-Time Blockbuster
tt2379713,Spectre,6.533,9893,880674609,245000000,148,en,33.598,"Action, Adventure, Thriller","Columbia Pictures, Metro-Goldwyn-Mayer, Eon Productions","Daniel Craig, Christoph Waltz, LÈa Seydoux",Sam Mendes,2015,10,259,Blockbuster
tt1659337,The Perks of Being a Wallflower,7.8,9844,33400000,13000000,103,en,40.616,Drama,Mr. Mudd Production,"Logan Lerman, Emma Watson, Ezra Miller",Stephen Chbosky,2012,9,157,Super Hit
tt0457430,El laberinto del fauno,7.757,9839,83258226,19000000,118,es,35.672,"Fantasy, Drama, War","Estudios Picasso, Esperanto Filmoj, Tequila Gang, Telecinco Cinema","Ivana Baquero, Sergi LÛpez, Maribel Verd˙",Guillermo del Toro,2006,10,338,Blockbuster
tt0113497,Jumanji,7.239,9833,262821940,65000000,104,en,13.444,"Adventure, Fantasy, Family","TriStar Pictures, Interscope Communications, Teitler Film, PolyGram Filmed Entertainment","Robin Williams, Kirsten Dunst, Bonnie Hunt",Joe Johnston,1995,12,304,Blockbuster
tt1630029,Avatar: The Way of Water,7.654,9830,2320250281,460000000,192,en,241.285,"Science Fiction, Adventure, Action","20th Century Studios, Lightstorm Entertainment","Sam Worthington, Zoe Saldana, Sigourney Weaver",James Cameron,2022,12,404,All-Time Blockbuster
tt0363771,"The Chronicles of Narnia: The Lion, the Witch and the Wardrobe",7.126,9808,745013115,180000000,143,en,123.542,"Adventure, Family, Fantasy","Walt Disney Pictures, Walden Media, C.S. Lewis Company","Georgie Henley, Skandar Keynes, William Moseley",Andrew Adamson,2005,12,314,Blockbuster
tt0458525,X-Men Origins: Wolverine,6.254,9797,373062864,150000000,107,en,4.317,"Adventure, Action, Thriller, Science Fiction","The Donners' Company, Seed Productions, 20th Century Fox","Hugh Jackman, Liev Schreiber, Danny Huston",Gavin Hood,2009,4,149,Super Hit
tt0144084,American Psycho,7.4,9797,34266564,7000000,102,en,55.224,"Thriller, Drama, Crime","Muse Productions, Pressman Film, Lionsgate","Christian Bale, Willem Dafoe, Jared Leto",Mary Harron,2000,4,390,Blockbuster
tt1411697,The Hangover Part II,6.468,9789,586764305,80000000,102,en,51.808,Comedy,"Legendary Pictures, Green Hat Films, Warner Bros. Pictures","Bradley Cooper, Zach Galifianakis, Ed Helms",Todd Phillips,2011,5,633,All-Time Blockbuster
tt1515091,Sherlock Holmes: A Game of Shadows,7.13,9742,334615000,125000000,129,en,31.501,"Adventure, Action, Crime, Mystery","Warner Bros. Pictures, Village Roadshow Pictures, Silver Pictures, Wigram Productions, Lin Pictures","Downey Jr., Jude Law, Noomi Rapace",Guy Ritchie Robert,2011,11,168,Super Hit
tt4630562,The Fate of the Furious,6.887,9719,1236005118,250000000,136,en,56.124,"Action, Crime, Thriller","Original Film, One Race, Universal Pictures","Vin Diesel, Dwayne Johnson, Jason Statham",F. Gary Gray,2017,4,394,Blockbuster
tt6146586,John Wick: Chapter 3 - Parabellum,7.447,9711,326709727,55000000,131,en,80.825,"Action, Thriller, Crime","Thunder Road, Lionsgate, 87Eleven","Keanu Reeves, Halle Berry, Ian McShane",Chad Stahelski,2019,5,494,All-Time Blockbuster
tt3731562,Kong: Skull Island,6.514,9696,566652812,185000000,118,en,39.514,"Action, Adventure, Fantasy","Legendary Pictures, Tencent Pictures","Tom Hiddleston, Brie Larson, Samuel L. Jackson",Jordan Vogt-Roberts,2017,3,206,Blockbuster
tt0099088,Back to the Future Part III,7.465,9679,244527583,40000000,119,en,33.735,"Adventure, Comedy, Science Fiction","Universal Pictures, Amblin Entertainment","J. Fox, Christopher Lloyd, Mary Steenburgen",Robert Zemeckis Michael,1990,5,511,All-Time Blockbuster
tt1409024,Men in Black 3,6.51,9675,624026776,225000000,106,en,35.497,"Action, Comedy, Science Fiction","Columbia Pictures, Hemisphere Media Capital, Amblin Entertainment, Parkes+MacDonald Image Nation, Imagenation Abu Dhabi FZ","Will Smith, Tommy Lee Jones, Josh Brolin",Barry Sonnenfeld,2012,5,177,Super Hit
tt4046784,Maze Runner: The Scorch Trials,6.7,9669,312296056,61000000,131,en,42.487,"Science Fiction, Action, Thriller, Adventure","Temple Hill Entertainment, Gotham Group, TSG Entertainment, 20th Century Fox","Dylan O'Brien, Kaya Scodelario, Thomas Brodie-Sangster",Wes Ball,2015,9,412,All-Time Blockbuster
tt0093058,Full Metal Jacket,8.136,9665,46357676,30000000,117,en,40.541,"Drama, War","Natant, Stanley Kubrick Productions, Warner Bros. Pictures","Matthew Modine, R. Lee Ermey, Vincent DíOnofrio",Stanley Kubrick,1987,6,55,Hit / Semi-Hit
tt7713068,Birds of Prey (and the Fantabulous Emancipation of One Harley Quinn),7,9654,205372791,75000000,108,en,49.33,"Action, Crime","Warner Bros. Pictures, DC Films, LuckyChap Entertainment, Clubhouse Pictures, Kroll & Co Entertainment","Margot Robbie, Mary Elizabeth Winstead, Ewan McGregor",Cathy Yan,2020,2,174,Super Hit
tt0073486,One Flew Over the Cuckoo's Nest,8.42,9650,108981275,3000000,133,en,36.673,Drama,Fantasy Films,"Jack Nicholson, Louise Fletcher, Danny DeVito",Miloö Forman,1975,11,3533,All-Time Blockbuster
tt1232829,21 Jump Street,6.878,9650,201585328,42000000,109,en,31.405,"Action, Comedy, Crime","Columbia Pictures, Relativity Media, Original Film, Metro-Goldwyn-Mayer","Jonah Hill, Channing Tatum, Ice Cube",Phil Lord & Christopher Miller,2012,3,380,Blockbuster
tt1276104,Looper,6.877,9606,47042000,30000000,118,en,31.34,"Action, Thriller, Science Fiction","TriStar Pictures, FilmDistrict, Endgame Entertainment, DMG Entertainment, Ram Bergman Productions, FilmNation Entertainment","Joseph Gordon-Levitt, Bruce Willis, Emily Blunt",Rian Johnson,2012,9,57,Hit / Semi-Hit
tt0114814,The Usual Suspects,8.195,9604,23341568,6000000,106,en,30.858,"Drama, Crime, Thriller","Bad Hat Harry Productions, Blue Parrot Productions","Kevin Spacey, Gabriel Byrne, Benicio Del Toro",Bryan Singer,1995,7,289,Blockbuster
tt0443706,Zodiac,7.5,9597,84785914,65000000,157,en,36.465,"Crime, Drama, Mystery, Thriller","Paramount, Phoenix Pictures, Warner Bros. Pictures","Jake Gyllenhaal, Robert Downey Jr., Mark Ruffalo",David Fincher,2007,3,30,Average / Below Average
tt0356910,Mr. & Mrs. Smith,6.677,9576,487287646,110000000,120,en,32.545,"Action, Comedy, Drama, Thriller","Epsilon Motion Pictures, Weed Road Pictures, Regency Enterprises, New Regency Pictures, Summit Entertainment, 20th Century Fox","Brad Pitt, Angelina Jolie, Vince Vaughn",Doug Liman,2005,6,343,Blockbuster
tt4649466,Kingsman: The Golden Circle,6.972,9560,410902662,104000000,141,en,47.359,"Action, Adventure, Comedy","20th Century Fox, Marv Films, Cloudy Productions, TSG Entertainment, Shangri-La Entertainment","Taron Egerton, Colin Firth, Mark Strong",Matthew Vaughn,2017,9,295,Blockbuster
tt0073195,Jaws,7.659,9541,470653000,7000000,124,en,34.492,"Horror, Thriller, Adventure","Zanuck/Brown Productions, Universal Pictures","Roy Scheider, Richard Dreyfuss, Robert Shaw",Steven Spielberg,1975,6,6624,All-Time Blockbuster
tt0477347,Night at the Museum,6.6,9538,574480841,110000000,108,en,39.701,"Action, Adventure, Comedy, Family, Fantasy","1492 Pictures, 21 Laps Entertainment, 20th Century Fox, Ingenious Media, Sun Canada Productions","Ben Stiller, Robin Williams, Carla Gugino",Shawn Levy,2006,12,422,All-Time Blockbuster
tt2908446,Insurgent,6.361,9494,297002527,110000000,119,en,38.035,"Action, Adventure, Science Fiction, Thriller","Summit Entertainment, Red Wagon Entertainment, Mandeville Films, NeoReel, Lionsgate","Shailene Woodley, Theo James, Kate Winslet",Robert Schwentke,2015,3,170,Super Hit
tt0268978,A Beautiful Mind,7.851,9475,316800000,58000000,135,en,36.253,"Drama, Romance","Universal Pictures, Imagine Entertainment, DreamWorks Pictures","Russell Crowe, Jennifer Connelly, Ed Harris",Ron Howard,2001,12,446,All-Time Blockbuster
tt2948372,Soul,8.15,9473,136384442,150000000,101,en,48.876,"Animation, Family, Comedy, Fantasy, Drama","Walt Disney Pictures, Pixar","Jamie Foxx, Tina Fey, Graham Norton",Pete Docter,2020,12,-9,Flop / Disaster
tt6139732,Aladdin,7.114,9441,1054304000,183000000,127,en,69.615,"Adventure, Fantasy, Romance, Family","Walt Disney Pictures, Rideback","Will Smith, Mena Massoud, Naomi Scott",Guy Ritchie,2019,5,476,All-Time Blockbuster
tt1160419,Dune,7.789,9420,402027830,165000000,155,en,75.848,"Science Fiction, Adventure",Legendary Pictures,"TimothÈe Chalamet, Rebecca Ferguson, Oscar Isaac",Denis Villeneuve,2021,9,144,Super Hit
tt5027774,"Three Billboards Outside Ebbing, Missouri",8.081,9418,160192031,15000000,115,en,23.357,"Crime, Drama","Blueprint Pictures, Cutting Edge Group, Fox Searchlight Pictures, Film4 Productions","Frances McDormand, Woody Harrelson, Sam Rockwell",Martin McDonagh,2017,12,968,All-Time Blockbuster
tt0290334,X2,7.029,9417,407711549,110000000,133,en,1.157,"Adventure, Action, Science Fiction","The Donners' Company, Bad Hat Harry Productions, 20th Century Fox","Patrick Stewart, Hugh Jackman, Ian McKellen",Bryan Singer,2003,4,271,Blockbuster
tt1935859,Miss Peregrine's Home for Peculiar Children,6.822,9401,296482446,110000000,127,en,39.951,"Fantasy, Adventure","Big Screen Productions, Chernin Entertainment, Tim Burton Productions, SCOPE Pictures, TSG Entertainment, Ingenious Media, 20th Century Fox, St. Petersburg Clearwater Film Commision","Eva Green, Asa Butterfield, Samuel L. Jackson",Tim Burton,2016,9,170,Super Hit
tt0110475,The Mask,6.937,9401,351583407,23000000,101,en,39.592,"Romance, Comedy, Crime, Fantasy","Dark Horse Entertainment, New Line Cinema","Jim Carrey, Cameron Diaz, Peter Riegert",Chuck Russell,1994,7,1429,All-Time Blockbuster
tt0332452,Troy,7.146,9376,497409852,175000000,163,en,55.474,"Adventure, History, War, Action","Warner Bros. Pictures, Plan B Entertainment, Nimar Studios, Radiant Productions, Helena Productions, Latina Pictures","Brad Pitt, Eric Bana, Orlando Bloom",Wolfgang Petersen,2004,5,184,Super Hit
tt1022603,(500) Days of Summer,7.272,9359,60781545,7500000,95,en,33.311,"Comedy, Drama, Romance","Fox Searchlight Pictures, Watermark Pictures, Dune Entertainment III","Joseph Gordon-Levitt, Zooey Deschanel, Geoffrey Arend",Marc Webb,2009,7,710,All-Time Blockbuster
tt0112573,Braveheart,7.932,9347,213216216,72000000,177,en,33.766,"Action, Drama, History, War","Icon Entertainment International, The Ladd Company, B.H. Finance C.V.","Mel Gibson, Sophie Marceau, Patrick McGoohan",Mel Gibson,1995,5,196,Super Hit
tt6105098,The Lion King,7.1,9325,1663075401,260000000,118,en,63.351,"Adventure, Drama, Family","Walt Disney Pictures, Fairview Entertainment","Donald Glover, BeyoncÈ, Chiwetel Ejiofor",Jon Favreau,2019,7,540,All-Time Blockbuster
tt0796366,Star Trek,7.432,9314,385680446,150000000,127,en,43.385,"Science Fiction, Action, Adventure","Paramount, Spyglass Entertainment, Bad Robot","Chris Pine, Zachary Quinto, Zoe Saldana",J.J. Abrams,2009,5,157,Super Hit
tt0097576,Indiana Jones and the Last Crusade,7.847,9301,474171806,48000000,127,en,52.439,"Adventure, Action","Paramount, Lucasfilm Ltd.","Harrison Ford, Sean Connery, Alison Doody",Steven Spielberg,1989,5,888,All-Time Blockbuster
tt3480822,Black Widow,7.303,9298,379751131,200000000,134,en,56.256,"Action, Adventure, Science Fiction",Marvel Studios,"Scarlett Johansson, Florence Pugh, David Harbour",Cate Shortland,2021,7,90,Hit / Semi-Hit
tt0054215,Psycho,8.437,9272,32000000,806947,109,en,51.373,"Horror, Drama, Thriller",Shamley Productions,"Anthony Perkins, Janet Leigh, Vera Miles",Alfred Hitchcock,1960,6,3866,All-Time Blockbuster
tt0101414,Beauty and the Beast,7.734,9256,424967620,25000000,84,en,72.077,"Romance, Family, Animation, Fantasy","Walt Disney Pictures, Silver Screen Partners IV, Walt Disney Feature Animation","Paige OíHara, Robby Benson, Angela Lansbury",Gary Trousdale & Kirk Wise,1991,10,1600,All-Time Blockbuster
tt3402236,Murder on the Orient Express,6.706,9243,352794081,55000000,114,en,37.493,"Mystery, Drama, Crime","The Mark Gordon Company, Scott Free Productions, Genre Films, 20th Century Fox","Kenneth Branagh, Johnny Depp, Daisy Ridley",Kenneth Branagh,2017,11,541,All-Time Blockbuster
tt0120912,Men in Black II,6.359,9234,445135288,140000000,88,en,32.556,"Action, Adventure, Comedy, Science Fiction","Columbia Pictures, Amblin Entertainment, Parkes+MacDonald Image Nation","Will Smith, Tommy Lee Jones, Lara Flynn Boyle",Barry Sonnenfeld,2002,7,218,Blockbuster
tt2737304,Bird Box,6.854,9227,0,19800000,124,en,27.913,"Horror, Thriller, Drama","Bluegrass Films, Chris Morgan Productions","Sandra Bullock, Trevante Rhodes, Sarah Paulson",Susanne Bier,2018,12,-100,Flop / Disaster
tt1229238,Mission: Impossible - Ghost Protocol,7.069,9215,694713380,145000000,133,en,59.649,"Action, Thriller, Adventure","Paramount, Bad Robot, TC Productions, Skydance","Tom Cruise, Jeremy Renner, Simon Pegg",Brad Bird,2011,12,379,Blockbuster
tt0232500,The Fast and the Furious,6.965,9207,207283925,38000000,106,en,5.398,"Action, Crime, Thriller","Ardustry Entertainment, Universal Pictures, Original Film, Mediastream Film GmbH & Co. Productions KG","Vin Diesel, Paul Walker, Michelle Rodriguez",Rob Cohen,2001,6,445,All-Time Blockbuster
tt12361974,Zack Snyder's Justice League,8.19,9202,0,70000000,242,en,130.69,"Action, Adventure, Fantasy","Warner Bros. Pictures, The Stone Quarry, Atlas Entertainment, Access Entertainment, Dune Entertainment, DC Films","Henry Cavill, Ben Affleck, Gal Gadot",Zack Snyder,2021,3,-100,Flop / Disaster
tt7097896,Venom: Let There Be Carnage,6.833,9182,506863592,110000000,97,en,89.985,"Science Fiction, Action, Adventure","Marvel Entertainment, Columbia Pictures, Pascal Pictures, Matt Tolmach Productions, Arad Productions","Tom Hardy, Woody Harrelson, Michelle Williams",Andy Serkis,2021,9,361,Blockbuster
tt0180093,Requiem for a Dream,8.027,9165,7390108,4500000,102,en,16.408,"Crime, Drama","Artisan Entertainment, Thousand Words, Protozoa Pictures","Jared Leto, Jennifer Connelly, Ellen Burstyn",Darren Aronofsky,2000,10,64,Hit / Semi-Hit
tt0454921,The Pursuit of Happyness,7.9,9159,307077295,55000000,117,en,42.153,Drama,"Escape Artists, Relativity Media, Columbia Pictures, Overbrook Entertainment","Will Smith, Jaden Smith, Thandiwe Newton",Gabriele Muccino,2006,12,458,All-Time Blockbuster
tt0242653,The Matrix Revolutions,6.71,9118,424988211,150000000,129,en,33.434,"Adventure, Action, Thriller, Science Fiction","Village Roadshow Pictures, NPV Entertainment, Silver Pictures","Keanu Reeves, Laurence Fishburne, Carrie-Anne Moss",Lana Wachowski & Lilly Wachowski,2003,11,183,Super Hit
tt1979376,Toy Story 4,7.5,9093,1073394593,175000000,100,en,61.083,"Family, Adventure, Animation, Comedy, Fantasy","Walt Disney Pictures, Pixar","Tom Hanks, Tim Allen, Annie Potts",Josh Cooley,2019,6,513,All-Time Blockbuster
tt0438097,Ice Age: The Meltdown,6.688,9085,660998756,80000000,91,en,54.381,"Animation, Family, Comedy, Adventure","20th Century Fox Animation, Blue Sky Studios, 20th Century Fox","Ray Romano, John Leguizamo, Denis Leary",Carlos Saldanha,2006,3,726,All-Time Blockbuster
tt5034838,Godzilla vs. Kong,7.661,9080,470116094,200000000,114,en,99.005,"Action, Science Fiction, Thriller",Legendary Pictures,"Alexander SkarsgÂrd, Millie Bobby Brown, Rebecca Hall",Adam Wingard,2021,3,135,Super Hit
tt4520988,Frozen II,7.272,9060,1450026933,150000000,103,en,70.221,"Family, Animation, Adventure, Comedy, Fantasy","Walt Disney Pictures, Walt Disney Animation Studios","Kristen Bell, Idina Menzel, Josh Gad",Chris Buck & Jennifer Lee,2019,11,867,All-Time Blockbuster
tt2527338,Star Wars: The Rise of Skywalker,6.365,9047,1074144248,250000000,142,en,89.699,"Adventure, Action, Science Fiction","Lucasfilm Ltd., Bad Robot","Daisy Ridley, Adam Driver, Oscar Isaac",J.J. Abrams,2019,12,330,Blockbuster
tt0758758,Into the Wild,7.81,9026,56255142,15000000,148,en,30.993,"Adventure, Drama","River Road Entertainment, Paramount Vantage, Into the Wild, The Linson Company, Square One C.I.H.","Emile Hirsch, Marcia Gay Harden, William Hurt",Sean Penn,2007,9,275,Blockbuster
tt0117951,Trainspotting,8,9017,16491080,4000000,94,en,27.042,"Drama, Crime","Noel Gay Motion Picture Company, Figment Films, Film4 Productions, Miramax","Ewan McGregor, Johnny Lee Miller, Robert Carlyle",Danny Boyle,1996,2,312,Blockbuster
tt0376994,X-Men: The Last Stand,6.406,8988,459359555,210000000,104,en,1.071,"Adventure, Action, Science Fiction, Thriller","The Donners' Company, 20th Century Fox","Hugh Jackman, Halle Berry, Ian McKellen",Brett Ratner,2006,5,119,Super Hit
tt1430132,The Wolverine,6.396,8967,415440673,120000000,126,en,7.797,"Action, Science Fiction, Adventure, Fantasy","The Donners' Company, 20th Century Fox","Hugh Jackman, Tao Okamoto, Rila Fukushima",James Mangold,2013,7,246,Blockbuster
tt4846340,Hidden Figures,8.058,8958,235956898,25000000,127,en,70.299,"Drama, History","Fox 2000 Pictures, Levantine Films, Chernin Entertainment, 20th Century Fox","P. Henson, Octavia Spencer, Janelle Mon·e",Theodore Melfi Taraji,2016,12,844,All-Time Blockbuster
tt0448157,Hancock,6.345,8953,629443428,150000000,92,en,29.808,"Fantasy, Action","GH Three, Columbia Pictures, Relativity Media, Blue Light, Weed Road Pictures, Forward Pass, Overbrook Entertainment","Will Smith, Charlize Theron, Jason Bateman",Peter Berg,2008,7,320,Blockbuster
tt1646971,How to Train Your Dragon 2,7.673,8929,621537519,145000000,102,en,42.798,"Fantasy, Action, Adventure, Animation, Comedy, Family","DreamWorks Animation, Mad Hatter Entertainment, Vertigo Entertainment, 20th Century Fox","Jay Baruchel, Cate Blanchett, Gerard Butler",Dean DeBlois,2014,6,329,Blockbuster
tt0120762,Mulan,7.915,8920,304320254,90000000,88,en,73.011,"Animation, Family, Adventure","Walt Disney Pictures, Walt Disney Feature Animation","Ming-Na Wen, Eddie Murphy, BD Wong",Barry Cook & Tony Bancroft,1998,6,238,Blockbuster
tt1706620,Snowpiercer,6.902,8905,86758912,39200000,127,ko,34.597,"Action, Science Fiction, Drama","CJ Entertainment, Opus Pictures, Stillking Films, Moho Film, Union Investment Partners, RADiUS-TWC, The Weinstein Company, SnowPiercer","Chris Evans, Song Kang-ho, Tilda Swinton",Bong Joon-ho,2013,8,121,Super Hit
tt3794354,Sonic the Hedgehog,7.345,8901,319715683,85000000,99,en,53.708,"Action, Science Fiction, Comedy, Family","Original Film, Blur Studio, Marza Animation Planet, Paramount, SEGA","Ben Schwartz, James Marsden, Jim Carrey",Jeff Fowler,2020,2,276,Blockbuster
tt0116629,Independence Day,6.868,8884,817400891,75000000,145,en,33.606,"Action, Adventure, Science Fiction","20th Century Fox, Centropolis Entertainment","Will Smith, Jeff Goldblum, Bill Pullman",Roland Emmerich,1996,6,990,All-Time Blockbuster
tt0405159,Million Dollar Baby,7.958,8874,216763646,30000000,132,en,20.717,Drama,"Lakeshore Entertainment, Malpaso Productions, Epsilon Motion Pictures, Albert S. Ruddy Productions, Warner Bros. Pictures","Hilary Swank, Clint Eastwood, Morgan Freeman",Clint Eastwood,2004,12,623,All-Time Blockbuster
tt1485796,The Greatest Showman,7.908,8844,432844677,84000000,105,en,33.346,Drama,"Chernin Entertainment, 20th Century Fox, TSG Entertainment","Hugh Jackman, Zac Efron, Michelle Williams",Michael Gracey,2017,12,415,All-Time Blockbuster
tt0448115,Shazam!,7.034,8840,366080049,80000000,132,en,32.755,"Action, Comedy, Fantasy","New Line Cinema, The Safran Company, Seven Bucks Productions, DC Films","Zachary Levi, Mark Strong, Asher Angel",David F. Sandberg,2019,3,358,Blockbuster
tt0120667,Fantastic Four,5.775,8765,333535934,100000000,106,en,23.572,"Action, Adventure, Fantasy, Science Fiction","Kumar Mobiliengesellschaft mbH & Co. Projekt Nr. 3 KG, 1492 Pictures, Marvel Enterprises, 20th Century Fox, Bernd Eichinger Productions, Constantin Film","Ioan Gruffudd, Jessica Alba, Chris Evans",Tim Story,2005,6,234,Blockbuster
tt0090605,Aliens,7.933,8758,183316455,18500000,137,en,49.209,"Action, Thriller, Science Fiction","Brandywine Productions, SLM Production Group, 20th Century Fox","Sigourney Weaver, Michael Biehn, Carrie Henn",James Cameron,1986,7,891,All-Time Blockbuster
tt6723592,Tenet,7.191,8744,365304105,205000000,150,en,44.025,"Action, Thriller, Science Fiction","Warner Bros. Pictures, Syncopy","David Washington, Robert Pattinson, Elizabeth Debicki",Christopher Nolan John,2020,8,78,Hit / Semi-Hit
tt2584384,Jojo Rabbit,8.042,8724,82468705,14000000,108,en,22.567,"Comedy, War, Drama","Fox Searchlight Pictures, Defender Films, Piki Films, TSG Entertainment, Czech Anglo Productions","Griffin Davis, Thomasin McKenzie, Scarlett Johansson",Taika Waititi Roman,2019,10,489,All-Time Blockbuster
tt1136608,District 9,7.423,8721,210819611,30000000,112,en,35.709,Science Fiction,"TriStar Pictures, Block / Hanson, WingNut Films, District 9","Sharlto Copley, Jason Cope, David James",Neill Blomkamp,2009,8,603,All-Time Blockbuster
tt0347149,„Éè„Ç¶„É´„ÅÆÂãï„ÅèÂüé,8.402,8720,236049757,24000000,119,ja,79.888,"Fantasy, Animation, Adventure","Studio Ghibli, dentsu Music And Entertainment, Mitsubishi, Nippon Television Network Corporation, TFC, Tokuma Shoten, d-rights","Chieko Baisho, Takuya Kimura, Akihiro Miwa",Hayao Miyazaki,2004,9,884,All-Time Blockbuster
tt3170832,Room,8.033,8684,35401758,13000000,118,en,17.002,"Drama, Thriller","Elevation Pictures, T√©l√©film Canada, Element Pictures, FilmNation Entertainment, No Trace Camping, Film4 Productions, F√≠s √âireann/Screen Ireland","Brie Larson, Jacob Tremblay, Joan Allen",Lenny Abrahamson,2015,10,172,Super Hit
tt0104431,Home Alone 2: Lost in New York,6.705,8671,358994850,18000000,120,en,40.283,"Comedy, Family, Adventure","20th Century Fox, Hughes Entertainment","Macaulay Culkin, Joe Pesci, Daniel Stern",Chris Columbus,1992,11,1894,All-Time Blockbuster
tt0382625,The Da Vinci Code,6.721,8646,767820459,125000000,149,en,30.602,"Thriller, Mystery","Imagine Entertainment, Skylark Productions","Tom Hanks, Audrey Tautou, Ian McKellen",Ron Howard,2006,5,514,All-Time Blockbuster
tt0258463,The Bourne Identity,7.463,8618,214034224,60000000,119,en,31.217,"Action, Drama, Mystery, Thriller","Universal Pictures, Hypnotic, Kalima Productions, Stillking Films, The Kennedy/Marshall Company","Matt Damon, Franka Potente, Chris Cooper",Doug Liman,2002,6,257,Blockbuster
tt1259571,The Twilight Saga: New Moon,6.003,8614,709827462,50000000,131,en,43.688,"Adventure, Fantasy, Drama, Romance","Summit Entertainment, Temple Hill Entertainment, Maverick Films, Imprint Entertainment, Sunswept Entertainment","Kristen Stewart, Robert Pattinson, Taylor Lautner",Chris Weitz,2009,11,1320,All-Time Blockbuster
tt2953050,Encanto,7.63,8611,253000000,50000000,102,en,147.124,"Animation, Comedy, Family, Fantasy","Walt Disney Animation Studios, Walt Disney Pictures","Stephanie Beatriz, MarÌa Cecilia Botero, John Leguizamo",Jared Bush & Byron Howard,2021,10,406,All-Time Blockbuster
tt0217869,Unbreakable,7.134,8607,248118121,75000000,106,en,23.98,"Thriller, Drama, Mystery","Limited Edition Productions Inc., Barry Mendel Productions, Blinding Edge Pictures, Touchstone Pictures","Bruce Willis, Samuel L. Jackson, Robin Wright",M. Night Shyamalan,2000,11,231,Blockbuster
tt1408101,Star Trek Into Darkness,7.328,8589,467365246,190000000,132,en,35.898,"Action, Adventure, Science Fiction","Bad Robot, Paramount, Skydance","Chris Pine, Zachary Quinto, Zoe Saldana",J.J. Abrams,2013,5,146,Super Hit
tt1877830,The Batman,7.705,8584,770945583,185000000,177,en,100.817,"Crime, Mystery, Thriller","6th & Idaho, Dylan Clark Productions, DC Films, Warner Bros. Pictures","Robert Pattinson, ZoÎ Kravitz, Paul Dano",Matt Reeves,2022,3,317,Blockbuster
tt1293847,xXx: Return of Xander Cage,6.138,8541,346147658,85000000,107,en,60.062,"Action, Adventure, Crime","Rox Productions, Revolution Studios, Maple Cage Productions, Huahua Media, Roth-Kirschenbaum Films, Shanghai Film Group, One Race, Paramount","Vin Diesel, Donnie Yen, Deepika Padukone",D.J. Caruso,2017,1,307,Blockbuster
tt0120623,A Bug's Life,6.969,8541,363258859,120000000,95,en,58.168,"Adventure, Animation, Comedy, Family","Pixar, Walt Disney Pictures","Dave Foley, Kevin Spacey, Julia Louis-Dreyfus",John Lasseter,1998,11,203,Blockbuster
tt3228774,Cruella,8.055,8507,233503234,200000000,134,en,77.792,"Comedy, Crime","Walt Disney Pictures, Gunn Films, Marc Platt Productions","Emma Stone, Emma Thompson, Joel Fry",Craig Gillespie,2021,5,17,Average / Below Average
tt0087469,Indiana Jones and the Temple of Doom,7.294,8505,333000000,28000000,118,en,53.304,"Adventure, Action","Paramount, Lucasfilm Ltd.","Harrison Ford, Kate Capshaw, Ke Huy Quan",Steven Spielberg,1984,5,1089,All-Time Blockbuster
tt0409459,Watchmen,7.333,8485,185258983,130000000,163,en,52.384,"Action, Mystery, Science Fiction","DC Comics, Lawrence Gordon Productions, Legendary Pictures, Warner Bros. Pictures, Paramount, Cruel & Unusual Films","Earle Haley, Patrick Wilson, Malin ≈kerman",Zack Snyder Jackie,2009,3,43,Average / Below Average
tt0107688,The Nightmare Before Christmas,7.841,8484,75634409,24000000,76,en,106.816,"Fantasy, Animation, Family","Tim Burton Productions, Skellington Productions Inc., Touchstone Pictures, Walt Disney Pictures","Danny Elfman, Chris Sarandon, Catherine O'Hara",Henry Selick,1993,10,215,Blockbuster
tt9376612,Shang-Chi and the Legend of the Ten Rings,7.589,8481,432243292,150000000,132,en,89.764,"Action, Adventure, Fantasy",Marvel Studios,"Simu Liu, Awkwafina, Tony Leung Chiu-wai",Destin Daniel Cretton,2021,9,188,Super Hit
tt0437086,Alita: Battle Angel,7.219,8450,404980543,170000000,122,en,47.667,"Action, Science Fiction, Adventure","Troublemaker Studios, Lightstorm Entertainment, 20th Century Fox, TSG Entertainment","Rosa Salazar, Christoph Waltz, Jennifer Connelly",Robert Rodriguez,2019,1,138,Super Hit
tt0831387,Godzilla,6.289,8360,529076069,160000000,123,en,44.153,"Action, Drama, Science Fiction",Legendary Pictures,"Aaron Taylor-Johnson, Elizabeth Olsen, Bryan Cranston",Gareth Edwards,2014,5,231,Blockbuster
tt1673434,The Twilight Saga: Breaking Dawn - Part 2,6.468,8352,829747654,120000000,115,en,60.798,"Adventure, Fantasy, Drama, Romance","Summit Entertainment, Temple Hill Entertainment, Sunswept Entertainment, Lionsgate","Kristen Stewart, Robert Pattinson, Taylor Lautner",Bill Condon,2012,11,591,All-Time Blockbuster
tt0253474,The Pianist,8.382,8351,120072577,35000000,150,en,49.528,"Drama, War","Canal+ Polska, Bac Films, Heritage Films, Studio Babelsberg, Agencja Produkcji Filmowej, FFF Bayern, Filmboard Berlin-Brandenburg (FBB), R.P. Productions, StudioCanal, Canal+, TVP, Runteam, FFA","Adrien Brody, Thomas Kretschmann, Emilia Fox",Roman Polanski,2002,9,243,Blockbuster
tt0120616,The Mummy,6.906,8327,415885488,80000000,124,en,55.481,"Adventure, Action, Fantasy","Universal Pictures, Alphaville Films","Brendan Fraser, Rachel Weisz, John Hannah",Stephen Sommers,1999,4,420,All-Time Blockbuster
tt0387564,Saw,7.4,8327,103911669,1200000,103,en,174.783,"Horror, Mystery, Crime","Twisted Pictures, Evolution Entertainment, Saw Productions Inc., Lionsgate","Leigh Whannell, Cary Elwes, Danny Glover",James Wan,2004,10,8559,All-Time Blockbuster
tt1596363,The Big Short,7.344,8320,133346506,28000000,131,en,34.348,"Comedy, Drama","Plan B Entertainment, Paramount, Regency Enterprises","Christian Bale, Steve Carell, Ryan Gosling",Adam McKay,2015,12,376,Blockbuster
tt0413267,Shrek the Third,6.287,8318,813367380,160000000,93,en,60.817,"Fantasy, Adventure, Animation, Comedy, Family","DreamWorks Animation, Pacific Data Images, Paramount","Mike Myers, Eddie Murphy, Cameron Diaz",Chris Miller & Raman Hui,2007,5,408,All-Time Blockbuster
tt0208092,Snatch,7.801,8309,83557872,10000000,103,en,36.73,"Crime, Comedy","SKA Films, Columbia Pictures, Screen Gems","Jason Statham, Brad Pitt, Benicio Del Toro",Guy Ritchie,2000,9,736,All-Time Blockbuster
tt1723121,We're the Millers,6.814,8306,269994119,37000000,110,en,32.293,"Comedy, Crime","Vincent Newman Entertainment, New Line Cinema, Newman/Tooley Films, Slap Happy Productions (II), BenderSpink, Heyday Films, Warner Bros. Pictures, Warner Bros. Entertainment","Jason Sudeikis, Jennifer Aniston, Emma Roberts",Rawson Marshall Thurber,2013,8,630,All-Time Blockbuster
tt1324999,The Twilight Saga: Breaking Dawn - Part 1,6.201,8228,712171856,110000000,117,en,79.868,"Adventure, Fantasy, Romance","Summit Entertainment, Sunswept Entertainment, TSBD Canada Productions, TSBD Louisiana, TSBD Productions, Temple Hill Entertainment, Total Entertainment","Kristen Stewart, Robert Pattinson, Taylor Lautner",Bill Condon,2011,11,547,All-Time Blockbuster
tt1325004,The Twilight Saga: Eclipse,6.214,8226,698491347,68000000,124,en,55.604,"Adventure, Fantasy, Drama, Romance","Summit Entertainment, Temple Hill Entertainment, Imprint Entertainment, Maverick Films, Sunswept Entertainment","Kristen Stewart, Robert Pattinson, Taylor Lautner",David Slade,2010,6,927,All-Time Blockbuster
tt1535108,Elysium,6.499,8224,286140700,115000000,109,en,29.224,"Science Fiction, Action, Drama, Thriller","Genre Films, TriStar Pictures, MRC, QED International, Alpha Core, Simon Kinberg Productions, Sony Pictures","Matt Damon, Jodie Foster, Sharlto Copley",Neill Blomkamp,2013,8,149,Super Hit
tt0121164,Corpse Bride,7.527,8216,118133252,40000000,77,en,77.94,"Romance, Fantasy, Animation","Tim Burton Productions, Laika Entertainment, Patalex Productions, Warner Bros. Pictures, Will Vinton Studios, Tim Burton Animation Company","Johnny Depp, Helena Bonham Carter, Emily Watson",Tim Burton,2005,9,195,Super Hit
tt2381249,Mission: Impossible - Rogue Nation,7.19,8182,682716636,150000000,131,en,64.814,"Action, Adventure","Paramount, Bad Robot, Odin, Skydance","Tom Cruise, Rebecca Ferguson, Jeremy Renner",Christopher McQuarrie,2015,7,355,Blockbuster
tt0455944,The Equalizer,7.247,8145,192330738,55000000,132,en,186.613,"Thriller, Action, Crime","Lonetree Entertainment, Columbia Pictures, Village Roadshow Pictures, Escape Artists, LStar Capital, Mace Neufeld Productions","Denzel Washington, Marton Csokas, ChloÎ Grace Moretz",Antoine Fuqua,2014,9,250,Blockbuster
tt1504320,The King's Speech,7.74,8145,414211549,15000000,118,en,29.833,"Drama, History","The Weinstein Company, UK Film Council, Momentum Pictures, Aegis Film Fund, Molinare Investment, FilmNation Entertainment, See-Saw Films, Bedlam Productions","Colin Firth, Geoffrey Rush, Helena Bonham Carter",Tom Hooper,2010,11,2661,All-Time Blockbuster
tt0087332,Ghostbusters,7.467,8143,296187079,30000000,107,en,29.78,"Comedy, Fantasy","Columbia Pictures, Delphi Films, Black Rhino Productions","Bill Murray, Dan Aykroyd, Sigourney Weaver",Ivan Reitman,1984,6,887,All-Time Blockbuster
tt1951261,The Hangover Part III,6.211,8097,362000072,103000000,100,en,48.629,Comedy,"Green Hat Films, Legendary Pictures, BenderSpink","Bradley Cooper, Zach Galifianakis, Ed Helms",Todd Phillips,2013,5,251,Blockbuster
tt0117060,Mission: Impossible,6.968,8089,457731198,80000000,110,en,44.884,"Adventure, Action, Thriller","Paramount, Cruise/Wagner Productions","Tom Cruise, Jon Voight, Emmanuelle BÈart",Brian De Palma,1996,5,472,All-Time Blockbuster
tt0837562,Hotel Transylvania,7,8037,358375603,85000000,91,en,50.394,"Animation, Comedy, Family, Fantasy","Columbia Pictures, Sony Pictures Animation","Adam Sandler, Selena Gomez, Andy Samberg",Genndy Tartakovsky,2012,9,322,Blockbuster
tt2126355,San Andreas,6.229,8036,473990832,110000000,114,en,142.742,"Action, Drama, Thriller","New Line Cinema, Village Roadshow Pictures, Flynn Picture Company, Warner Bros. Pictures","Dwayne Johnson, Carla Gugino, Alexandra Daddario",Brad Peyton,2015,5,331,Blockbuster
tt3450958,War for the Planet of the Apes,7.16,8030,490719763,150000000,140,en,41.094,"Drama, Science Fiction, War","20th Century Fox, TSG Entertainment, Chernin Entertainment","Andy Serkis, Woody Harrelson, Steve Zahn",Matt Reeves,2017,7,227,Blockbuster
tt7349950,It Chapter Two,6.854,8021,473122525,79000000,169,en,72.553,"Horror, Fantasy","New Line Cinema, Vertigo Entertainment, Double Dream, Rideback","James McAvoy, Jessica Chastain, Bill Hader",Andy Muschietti,2019,9,499,All-Time Blockbuster
tt2798920,Annihilation,6.398,8014,43070915,40000000,115,en,32.793,"Science Fiction, Horror","DNA Films, Paramount, Scott Rudin Productions, Skydance","Natalie Portman, Jennifer Jason Leigh, Gina Rodriguez",Alex Garland,2018,2,8,Average / Below Average
tt0181689,Minority Report,7.3,8013,358372926,102000000,145,en,30.06,"Action, Thriller, Science Fiction, Mystery","Digital Image Associates, Cruise/Wagner Productions, Blue Tulip Productions, Ronald Shusett/Gary Goldman, Amblin Entertainment, 20th Century Fox, DreamWorks Pictures","Tom Cruise, Colin Farrell, Samantha Morton",Steven Spielberg,2002,6,251,Blockbuster
tt0790636,Dallas Buyers Club,7.932,8004,55736588,5000000,117,en,20.121,"Drama, History","Truth Entertainment, Voltage Pictures, CE, Evolution Independent, R¬≤ Films, Rainmaker Films, Focus Features","Matthew McConaughey, Jared Leto, Jennifer Garner",Jean-Marc VallÈe,2013,11,1015,All-Time Blockbuster
tt9419884,Doctor Strange in the Multiverse of Madness,7.355,7991,955775804,200000000,126,en,96.53,"Fantasy, Action, Adventure","Marvel Studios, Kevin Feige Productions","Benedict Cumberbatch, Elizabeth Olsen, Chiwetel Ejiofor",Sam Raimi,2022,5,378,Blockbuster
tt1055369,Transformers: Revenge of the Fallen,6.2,7939,836303693,200000000,149,en,14.169,"Science Fiction, Action, Adventure","DreamWorks Pictures, Paramount, di Bonaventura Pictures, Tom DeSanto/Don Murphy Production, Ian Bryce Productions","Shia LaBeouf, Megan Fox, Josh Duhamel",Michael Bay,2009,6,318,Blockbuster
tt7975244,Jumanji: The Next Level,6.931,7932,801693929,125000000,123,en,38.772,"Adventure, Comedy, Fantasy","Columbia Pictures, Seven Bucks Productions, Matt Tolmach Productions, The Detective Agency","Dwayne Johnson, Kevin Hart, Jack Black",Jake Kasdan,2019,12,541,All-Time Blockbuster
tt0377092,Mean Girls,7.186,7931,130126277,17000000,97,en,56.332,Comedy,"Broadway Video, Paramount, M.G. Films","Lindsay Lohan, Rachel McAdams, Tina Fey",Mark Waters,2004,4,665,All-Time Blockbuster
tt3778644,Solo: A Star Wars Story,6.563,7904,392952373,250000000,135,en,55.759,"Science Fiction, Adventure, Action","Lucasfilm Ltd., Allison Shearmur Productions, Imagine Entertainment","Alden Ehrenreich, Emilia Clarke, Donald Glover",Ron Howard,2018,5,57,Hit / Semi-Hit
tt2184339,The Purge,6.25,7870,89328627,3000000,86,en,33.071,"Science Fiction, Horror, Thriller","Universal Pictures, Why Not Productions, Platinum Dunes, Blumhouse Productions","Ethan Hawke, Lena Headey, Max Burkholder",James DeMonaco,2013,5,2878,All-Time Blockbuster
tt1340138,Terminator Genisys,5.924,7870,440603537,155000000,126,en,67.345,"Science Fiction, Action, Thriller, Adventure","Skydance, Paramount, Annapurna Pictures","Arnold Schwarzenegger, Jason Clarke, Emilia Clarke",Alan Taylor,2015,6,184,Super Hit
tt4925292,Lady Bird,7.271,7861,78966486,10000000,94,en,25.85,"Drama, Comedy","IAC Films, Scott Rudin Productions, Entertainment 360","Saoirse Ronan, Laurie Metcalf, TimothÈe Chalamet",Greta Gerwig,2017,9,690,All-Time Blockbuster
tt3397884,Sicario,7.39,7836,84872444,30000000,122,en,43.821,"Action, Crime, Thriller","Thunder Road, Black Label Media, Lionsgate","Emily Blunt, Benicio Del Toro, Josh Brolin",Denis Villeneuve,2015,9,183,Super Hit
tt7126948,Wonder Woman 1984,6.478,7835,169601036,200000000,151,en,48.128,"Action, Adventure, Fantasy","Warner Bros. Pictures, The Stone Quarry, DC Films, Atlas Entertainment","Gal Gadot, Chris Pine, Kristen Wiig",Patty Jenkins,2020,12,-15,Flop / Disaster
tt2316204,Alien: Covenant,6.1,7822,240891763,97000000,122,en,92.533,"Science Fiction, Horror, Mystery","Scott Free Productions, Brandywine Productions, 20th Century Fox","Michael Fassbender, Katherine Waterston, Billy Crudup",Ridley Scott,2017,5,148,Super Hit
tt6823368,Glass,6.677,7793,246999039,20000000,129,en,31.843,"Thriller, Drama, Science Fiction","Universal Pictures, Blumhouse Productions, Blinding Edge Pictures, Buena Vista International, Perfect World Pictures","James McAvoy, Bruce Willis, Samuel L. Jackson",M. Night Shyamalan,2019,1,1135,All-Time Blockbuster
tt0364569,Ïò¨ÎìúÎ≥¥Ïù¥,8.274,7790,15194593,3000000,120,ko,53.128,"Drama, Thriller, Mystery, Action","Show East, CJ Entertainment, Egg Film, Cineclick Asia","Choi Min-sik, Yoo Ji-tae, Kang Hye-jung",Park Chan-wook,2003,11,406,All-Time Blockbuster
tt2194499,About Time,7.905,7781,87100449,12000000,123,en,35.707,"Drama, Romance, Fantasy","Working Title Films, Translux, Universal Pictures, Relativity Media","Domhnall Gleeson, Rachel McAdams, Bill Nighy",Richard Curtis,2013,9,626,All-Time Blockbuster
tt4126476,After,7.137,7781,69497587,14000000,106,en,155.287,"Romance, Drama","CalMaple Films, Wattpad, Offspring Entertainment, Diamond Film Productions, Voltage Pictures, Frayed Pages Entertainment","Josephine Langford, Hero Fiennes Tiffin, Shane Paul McGhie",Jenny Gage,2019,4,396,Blockbuster
tt5164214,Ocean's Eight,6.985,7780,297718711,70000000,111,en,30.268,"Crime, Comedy, Action","Village Roadshow Pictures, Warner Bros. Pictures, Larger Than Life Productions, Rahway Road Productions, Smoke House Pictures","Sandra Bullock, Cate Blanchett, Anne Hathaway",Gary Ross,2018,6,325,Blockbuster
tt1570728,"Crazy, Stupid, Love.",7.3,7773,145079584,50000000,118,en,39.835,"Comedy, Drama, Romance",Warner Bros. Pictures,"Steve Carell, Ryan Gosling, Emma Stone",Glenn Ficarra & John Requa,2011,7,190,Super Hit
tt3065204,The Conjuring 2,7.293,7769,321834351,40000000,134,en,80.98,"Horror, Thriller","New Line Cinema, Dune Entertainment, The Safran Company, Evergreen Media Group, Atomic Monster","Vera Farmiga, Patrick Wilson, Madison Wolfe",James Wan,2016,6,705,All-Time Blockbuster
tt1895587,Spotlight,7.814,7765,98690254,20000000,129,en,20.159,"Drama, History","Participant, Anonymous Content, Rocklin / Faust, First Look Media, Open Road Films, Entertainment One, Topic Studios, Seville International","Mark Ruffalo, Michael Keaton, Rachel McAdams",Tom McCarthy,2015,11,393,Blockbuster
tt0365748,Shaun of the Dead,7.54,7760,30097092,6100000,99,en,46.212,"Horror, Comedy","WT2 Productions, StudioCanal, Working Title Films, Big Talk Productions, Film4 Productions, Rogue Pictures, Universal Pictures","Simon Pegg, Nick Frost, Kate Ashfield",Edgar Wright,2004,4,393,Blockbuster
tt0060196,"Il buono, il brutto, il cattivo",8.473,7751,38900000,1200000,161,it,81.717,Western,"United Artists, PEA, Arturo Gonz√°lez Producciones Cinematogr√°ficas, Constantin Film","Clint Eastwood, Lee Van Cleef, Eli Wallach",Sergio Leone,1966,12,3142,All-Time Blockbuster
tt1024648,Argo,7.275,7750,232325503,44500000,120,en,17.552,"Drama, Thriller","GK Films, Warner Bros. Pictures, Smoke House Pictures","Ben Affleck, Bryan Cranston, Alan Arkin",Ben Affleck,2012,10,422,All-Time Blockbuster
tt0119567,The Lost World: Jurassic Park,6.527,7740,618638999,73000000,129,en,2.257,"Adventure, Action, Science Fiction","Universal Pictures, Amblin Entertainment, Digital Image Associates","Jeff Goldblum, Julianne Moore, Vince Vaughn",Steven Spielberg,1997,5,747,All-Time Blockbuster
tt1399103,Transformers: Dark of the Moon,6.183,7736,1123794079,195000000,154,en,10.499,"Action, Science Fiction, Adventure","Paramount, di Bonaventura Pictures, Tom DeSanto/Don Murphy Production, Ian Bryce Productions","Shia LaBeouf, Rosie Huntington-Whiteley, Josh Duhamel",Michael Bay,2011,6,476,All-Time Blockbuster
tt0407304,War of the Worlds,6.496,7728,603873119,132000000,117,en,40.932,"Adventure, Thriller, Science Fiction","Paramount, Amblin Entertainment, Cruise/Wagner Productions, DreamWorks Pictures","Tom Cruise, Dakota Fanning, Tim Robbins",Steven Spielberg,2005,6,357,Blockbuster
tt0092099,Top Gun,7,7710,356830601,15000000,110,en,50.029,"Romance, Drama, Action","Paramount, Don Simpson/Jerry Bruckheimer Films","Tom Cruise, Kelly McGillis, Val Kilmer",Tony Scott,1986,5,2279,All-Time Blockbuster
tt0945513,Source Code,7.297,7694,147332697,32000000,94,en,31.922,"Thriller, Science Fiction, Mystery","The Mark Gordon Company, Vend√¥me Pictures, Summit Entertainment, StudioCanal","Jake Gyllenhaal, Michelle Monaghan, Vera Farmiga",Duncan Jones,2011,3,360,Blockbuster
tt6334354,The Suicide Squad,7.557,7692,168717425,185000000,132,en,63.194,"Action, Comedy, Adventure","DC Films, Atlas Entertainment, The Safran Company, Warner Bros. Pictures","Margot Robbie, Idris Elba, John Cena",James Gunn,2021,7,-9,Flop / Disaster
tt1080016,Ice Age: Dawn of the Dinosaurs,6.737,7680,886686817,90000000,94,en,57.649,"Animation, Comedy, Family, Adventure","Blue Sky Studios, 20th Century Fox Animation, 20th Century Fox","Ray Romano, John Leguizamo, Denis Leary",Carlos Saldanha,2009,6,885,All-Time Blockbuster
tt0114746,Twelve Monkeys,7.6,7677,168841459,29000000,129,en,33.942,"Science Fiction, Thriller, Mystery","Universal Pictures, Atlas Entertainment, Classico, Twelve Monkeys Productions","Bruce Willis, Madeleine Stowe, Brad Pitt",Terry Gilliam,1995,12,482,All-Time Blockbuster
tt3040964,The Jungle Book,6.86,7668,966550600,175000000,106,en,33.274,"Family, Adventure, Drama, Fantasy","Walt Disney Pictures, Fairview Entertainment, Moving Picture Company","Neel Sethi, Bill Murray, Ben Kingsley",Jon Favreau,2016,4,452,All-Time Blockbuster
tt2709768,The Secret Life of Pets,6.266,7664,875457937,75000000,86,en,13.019,"Adventure, Comedy, Animation, Family","Illumination, Universal Pictures","Louis C.K., Eric Stonestreet, Kevin Hart",Chris Renaud & Yarrow Cheney,2016,6,1067,All-Time Blockbuster
tt6264654,Free Guy,7.55,7662,331526598,110000000,115,en,62.599,"Comedy, Adventure, Science Fiction","Berlanti Productions, 21 Laps Entertainment, Maximum Effort, Lit Entertainment Group, 20th Century Studios","Ryan Reynolds, Jodie Comer, Taika Waititi",Shawn Levy,2021,8,201,Blockbuster
tt0050083,12 Angry Men,8.54,7658,1000000,350000,97,en,51.201,Drama,"United Artists, Orion-Nova Productions","Henry Fonda, Lee J. Cobb, Martin Balsam",Sidney Lumet,1957,4,186,Super Hit
tt0367882,Indiana Jones and the Kingdom of the Crystal Skull,5.998,7629,786636033,185000000,122,en,47.907,"Adventure, Action","Paramount, Lucasfilm Ltd.","Harrison Ford, Cate Blanchett, Shia LaBeouf",Steven Spielberg,2008,5,325,Blockbuster
tt12801262,Luca,7.865,7625,49750471,200000000,95,en,60.762,"Animation, Comedy, Fantasy, Adventure, Family","Pixar, Walt Disney Pictures","Jacob Tremblay, Jack Dylan Grazer, Emma Berman",Enrico Casarosa,2021,6,-75,Flop / Disaster
tt2109248,Transformers: Age of Extinction,5.92,7581,1104054072,210000000,165,en,57.581,"Science Fiction, Action, Adventure","di Bonaventura Pictures, Tom DeSanto/Don Murphy Production, Ian Bryce Productions, Paramount","Mark Wahlberg, Nicola Peltz, Jack Reynor",Michael Bay,2014,6,426,All-Time Blockbuster
tt1596343,Fast Five,7.251,7581,626137675,125000000,130,en,8.589,"Action, Thriller, Crime","Original Film, Universal Pictures, One Race","Vin Diesel, Paul Walker, Dwayne Johnson",Justin Lin,2011,4,401,All-Time Blockbuster
tt1219827,Ghost in the Shell,6.066,7581,169801921,110000000,107,en,32.851,"Science Fiction, Drama, Action","Weying Galaxy Entertainment, Paramount, Shanghai Film Group, Reliance Entertainment, Grosvenor Park Productions, Steven Paul Production, Huahua Media, Seaside Entertainment, DreamWorks Pictures, Arad Productions","Scarlett Johansson, Pilou AsbÊk, Takeshi Kitano",Rupert Sanders,2017,3,54,Hit / Semi-Hit
tt0433035,Real Steel,6.981,7571,299268508,110000000,127,en,88.181,"Action, Science Fiction, Drama","Touchstone Pictures, ImageMovers, Angry Films, Kontsept Film Company, Revolution Sun Studios, DreamWorks Pictures, Reliance Entertainment, 21 Laps Entertainment","Hugh Jackman, Dakota Goyo, Evangeline Lilly",Shawn Levy,2011,9,172,Super Hit
tt1502397,Bad Boys for Life,7.139,7570,426505244,90000000,124,en,46.619,"Thriller, Action, Crime","Columbia Pictures, 2.0 Entertainment, Don Simpson/Jerry Bruckheimer Films, Overbrook Entertainment","Will Smith, Martin Lawrence, Vanessa Hudgens",Adil El Arbi & Bilall Fallah,2020,1,374,Blockbuster
tt1745960,Top Gun: Maverick,8.26,7546,1488732821,170000000,131,en,126.291,"Action, Drama","Skydance, Don Simpson/Jerry Bruckheimer Films, Paramount","Tom Cruise, Miles Teller, Jennifer Connelly",Joseph Kosinski,2022,5,776,All-Time Blockbuster
tt1469304,Baywatch,6.092,7545,177856751,69000000,116,en,45.123,"Comedy, Action, Crime","Uncharted, Paramount, Flynn Picture Company, Fremantle Productions, Seven Bucks Productions, Skydance, The Montecito Picture Company","Dwayne Johnson, Zac Efron, Alexandra Daddario",Seth Gordon,2017,5,158,Super Hit
tt0401792,Sin City,7.4,7541,158733820,40000000,124,en,42.369,"Thriller, Action, Crime","Dimension Films, Troublemaker Studios, Miramax","Mickey Rourke, Clive Owen, Bruce Willis",Frank Miller & Robert Rodriguez,2005,4,297,Blockbuster
tt1454029,The Help,8.202,7538,216639112,25000000,146,en,52.139,Drama,"1492 Pictures, Harbinger Pictures, Touchstone Pictures","Viola Davis, Emma Stone, Octavia Spencer",Tate Taylor,2011,8,767,All-Time Blockbuster
tt4912910,Mission: Impossible - Fallout,7.414,7537,791657398,178000000,147,en,61.258,"Action, Adventure","Paramount, Bad Robot, Skydance, TC Productions","Tom Cruise, Henry Cavill, Rebecca Ferguson",Christopher McQuarrie,2018,7,345,Blockbuster
tt4477536,Fifty Shades Freed,6.705,7511,368307760,55000000,105,en,93.385,"Drama, Romance","Universal Pictures, Perfect World Pictures","Dakota Johnson, Jamie Dornan, Eric Johnson",James Foley,2018,1,570,All-Time Blockbuster
tt1735898,Snow White and the Huntsman,5.982,7503,396600000,170000000,127,en,34.976,"Adventure, Fantasy, Drama","Universal Pictures, Roth Films","Kristen Stewart, Chris Hemsworth, Charlize Theron",Rupert Sanders,2012,5,133,Super Hit
tt9032400,Eternals,6.927,7493,402064899,200000000,156,en,60.521,"Science Fiction, Action, Adventure",Marvel Studios,"Gemma Chan, Richard Madden, Angelina Jolie",ChloÈ Zhao,2021,11,101,Super Hit
tt0078788,Apocalypse Now,8.282,7485,150000000,31500000,147,en,37.715,"Drama, War","United Artists, American Zoetrope","Martin Sheen, Marlon Brando, Robert Duvall",Francis Ford Coppola,1979,8,376,Blockbuster
tt0088847,The Breakfast Club,7.751,7478,51525171,1000000,98,en,27.667,"Comedy, Drama","Universal Pictures, A&M Films, Channel Productions","Emilio Estevez, Molly Ringwald, Judd Nelson",John Hughes,1985,2,5053,All-Time Blockbuster
tt2294449,22 Jump Street,6.842,7460,331333876,50000000,112,en,23.367,"Crime, Comedy, Action","Columbia Pictures, Original Film, MRC, LStar Capital, Metro-Goldwyn-Mayer, Stephen J. Cannell Productions, 75 Year Plan Productions, Storyville Films, JHF Productions","Jonah Hill, Channing Tatum, Ice Cube",Phil Lord & Christopher Miller,2014,6,563,All-Time Blockbuster
tt3470600,Sing,7.114,7458,634151679,75000000,108,en,45.871,"Animation, Comedy, Family, Music","Illumination, Universal Pictures, Fuji Television Network, dentsu","Matthew McConaughey, Reese Witherspoon, Seth MacFarlane",Garth Jennings,2016,11,746,All-Time Blockbuster
tt1823672,Chappie,6.776,7438,104399548,49000000,120,en,34.709,"Crime, Action, Science Fiction","Columbia Pictures, MRC, LStar Capital, Simon Kinberg Productions, Genre Films, Alpha Core, Ollin Studio, Sony Pictures","Sharlto Copley, Dev Patel, Hugh Jackman",Neill Blomkamp,2015,3,113,Super Hit
tt0319262,The Day After Tomorrow,6.509,7436,552639571,125000000,124,en,30.132,"Action, Adventure, Science Fiction, Thriller","The Mark Gordon Company, Lions Gate Films, Centropolis Entertainment, 20th Century Fox","Dennis Quaid, Jake Gyllenhaal, Emmy Rossum",Roland Emmerich,2004,5,342,Blockbuster
tt0462538,The Simpsons Movie,6.999,7430,527068851,75000000,87,en,59.717,"Animation, Comedy, Family","Gracie Films, 20th Century Fox","Dan Castellaneta, Julie Kavner, Nancy Cartwright",David Silverman,2007,7,603,All-Time Blockbuster
tt2543472,Wonder,8.155,7421,305937718,20000000,113,en,40.233,"Drama, Family","Lionsgate, Participant, Walden Media, Mandeville Films","Jacob Tremblay, Julia Roberts, Owen Wilson",Stephen Chbosky,2017,11,1430,All-Time Blockbuster
tt1632708,Friends with Benefits,6.648,7394,149542245,35000000,109,en,35.4,"Romance, Comedy","Castle Rock Entertainment, Olive Bridge Entertainment","Mila Kunis, Justin Timberlake, Patricia Clarkson",Will Gluck,2011,7,327,Blockbuster
tt0414387,Pride & Prejudice,8.083,7394,121616555,28000000,127,en,49.413,"Drama, Romance","Focus Features, Universal Pictures, StudioCanal, Working Title Films, Scion Films","Keira Knightley, Matthew Macfadyen, Rosamund Pike",Joe Wright,2005,9,334,Blockbuster
tt0147800,10 Things I Hate About You,7.58,7386,53478166,16000000,97,en,36.364,"Comedy, Romance, Drama","Mad Chance, Jaret Entertainment","Heath Ledger, Julia Stiles, Joseph Gordon-Levitt",Gil Junger,1999,3,234,Blockbuster
tt0486576,Fantastic Four: Rise of the Silver Surfer,5.592,7381,301913131,130000000,92,en,30.047,"Adventure, Fantasy, Action, Thriller","1492 Pictures, Bernd Eichinger Productions, 20th Century Fox, Constantin Film, Marvel Studios, Ingenious Film Partners","Ioan Gruffudd, Jessica Alba, Chris Evans",Tim Story,2007,6,132,Super Hit
tt1179933,10 Cloverfield Lane,6.981,7377,110216998,15000000,104,en,27.817,"Thriller, Science Fiction, Drama, Horror",Bad Robot,"Elizabeth Winstead, John Goodman, John Gallagher Jr.",Dan Trachtenberg Mary,2016,3,635,All-Time Blockbuster
tt0100405,Pretty Woman,7.5,7371,463406268,14000000,119,en,42.75,"Comedy, Romance","Touchstone Pictures, Silver Screen Partners IV","Richard Gere, Julia Roberts, Jason Alexander",Garry Marshall,1990,3,3210,All-Time Blockbuster
tt2094766,Assassin's Creed,5.419,7328,240697856,125000000,116,en,26.133,"Action, Adventure, Science Fiction","New Regency Pictures, The Kennedy/Marshall Company, Ubisoft Film & Television, DMC Film","Michael Fassbender, Marion Cotillard, Jeremy Irons",Justin Kurzel,2016,12,93,Hit / Semi-Hit
tt2381941,Focus,6.875,7321,153962963,50100000,105,en,36.414,"Romance, Comedy, Crime","K & S Films, RatPac Entertainment, Zaftig Films, Warner Bros. Pictures, Di Novi Pictures","Will Smith, Margot Robbie, Rodrigo Santoro",Glenn Ficarra & John Requa,2015,2,207,Blockbuster
tt0120591,Armageddon,6.829,7320,553799566,140000000,151,en,36.635,"Action, Thriller, Science Fiction, Adventure","Touchstone Pictures, Jerry Bruckheimer Films, Valhalla Motion Pictures","Bruce Willis, Billy Bob Thornton, Ben Affleck",Michael Bay,1998,7,296,Blockbuster
tt0830515,Quantum of Solace,6.314,7317,589580482,200000000,106,en,33.985,"Adventure, Action, Thriller, Crime","Eon Productions, Metro-Goldwyn-Mayer, Columbia Pictures, B22","Daniel Craig, Olga Kurylenko, Mathieu Amalric",Marc Forster,2008,10,195,Super Hit
tt0097757,The Little Mermaid,7.355,7316,211343479,40000000,83,en,79.593,"Animation, Family, Fantasy","Walt Disney Pictures, Silver Screen Partners IV, Walt Disney Feature Animation","Jodi Benson, Samuel E. Wright, Pat Carroll",Ron Clements & John Musker,1989,11,428,All-Time Blockbuster
tt1365519,Tomb Raider,6.353,7316,274650803,94000000,118,en,27.983,"Action, Adventure, Fantasy","SQUARE ENIX, GK Films, Metro-Goldwyn-Mayer, Warner Bros. Pictures","Alicia Vikander, Dominic West, Walton Goggins",Roar Uthaug,2018,3,192,Super Hit
tt0360717,King Kong,6.869,7297,562363449,207000000,187,en,35.331,"Adventure, Drama, Action","Universal Pictures, WingNut Films, Big Primate Pictures, MFPV Film","Naomi Watts, Jack Black, Adrien Brody",Peter Jackson,2005,12,172,Super Hit
tt1259521,The Cabin in the Woods,6.608,7288,71041255,30000000,95,en,38.675,"Horror, Fantasy","Lionsgate, Mutant Enemy Productions","Kristen Connolly, Chris Hemsworth, Anna Hutchison",Drew Goddard,2012,4,137,Super Hit
tt0116282,Fargo,7.867,7282,60611975,7000000,98,en,22.433,"Crime, Drama, Thriller","PolyGram Filmed Entertainment, Working Title Films","Frances McDormand, William H. Macy, Steve Buscemi",Joel Coen & Ethan Coen,1996,3,766,All-Time Blockbuster
tt0093773,Predator,7.506,7265,98267558,15000000,107,en,57.562,"Science Fiction, Action, Adventure, Thriller","Silver Pictures, 20th Century Fox, Lawrence Gordon Productions, Davis Entertainment, Amercent Films, American Entertainment Partners L.P., Estudios Churubusco Azteca S.A.","Arnold Schwarzenegger, Carl Weathers, Jesse Ventura",John McTiernan,1987,6,555,All-Time Blockbuster
tt4465564,Fifty Shades Darker,6.492,7259,378827494,55000000,118,en,58.367,"Drama, Romance","Universal Pictures, Perfect World Pictures, Michael De Luca Productions, dentsu, Fuji Television Network, Perfect World Pictures","Dakota Johnson, Jamie Dornan, Eric Johnson",James Foley,2017,2,589,All-Time Blockbuster
tt0107048,Groundhog Day,7.606,7255,71074049,14600000,101,en,28.171,"Romance, Fantasy, Drama, Comedy",Columbia Pictures,"Bill Murray, Andie MacDowell, Chris Elliott",Harold Ramis,1993,2,387,Blockbuster
tt0070047,The Exorcist,7.72,7247,441405644,12000000,122,en,94.668,Horror,"Hoya Productions, Warner Bros. Pictures","Ellen Burstyn, Max von Sydow, Linda Blair",William Friedkin,1973,12,3578,All-Time Blockbuster
tt0362227,The Terminal,7.33,7241,219417255,60000000,128,en,23.758,"Comedy, Drama","Amblin Entertainment, Parkes/MacDonald Productions, DreamWorks Pictures","Tom Hanks, Catherine Zeta-Jones, Stanley Tucci",Steven Spielberg,2004,6,266,Blockbuster
tt1490017,The Lego Movie,7.418,7233,469160692,60000000,100,en,30.267,"Animation, Family, Adventure, Comedy, Fantasy","Village Roadshow Pictures, RatPac Entertainment, LEGO, Lin Pictures, Vertigo Entertainment, Warner Bros. Pictures Animation, Animal Logic","Chris Pratt, Elizabeth Banks, Will Ferrell",Phil Lord & Christopher Miller,2014,2,682,All-Time Blockbuster
tt3799694,The Nice Guys,7.108,7230,62788218,50000000,116,en,19.553,"Comedy, Crime, Action","Silver Pictures, Waypoint Entertainment, Bloom, Warner Bros. Pictures","Russell Crowe, Ryan Gosling, Angourie Rice",Shane Black,2016,5,26,Average / Below Average
tt0119698,„ÇÇ„ÅÆ„ÅÆ„ÅëÂß´,8.338,7228,169000000,23500000,134,ja,54.696,"Adventure, Fantasy, Animation","Studio Ghibli, Nibariki, dentsu Music And Entertainment, TNDG, Tokuma Shoten, Nippon Television Network Corporation, dentsu","Y?ji Matsuda, Yuriko Ishida, Y?ko Tanaka",Hayao Miyazaki,1997,7,619,All-Time Blockbuster
tt11286314,Don't Look Up,7.135,7227,791863,75000000,138,en,29.694,"Science Fiction, Comedy, Drama",Hyperobject Industries,"Leonardo DiCaprio, Jennifer Lawrence, Meryl Streep",Adam McKay,2021,12,-99,Flop / Disaster
tt1320253,The Expendables,6.227,7225,274470394,80000000,103,en,89.721,"Thriller, Adventure, Action","Nimar Studios, Rogue Marble, Millennium Media, Nu Image, Lionsgate, Thunder Road","Sylvester Stallone, Jason Statham, Jet Li",Sylvester Stallone,2010,8,243,Blockbuster
tt4550098,Nocturnal Animals,7.442,7196,29252978,22500000,117,en,21.733,"Drama, Thriller","Universal Pictures, Focus Features, Artina Films, Fade to Black Productions","Amy Adams, Jake Gyllenhaal, Michael Shannon",Tom Ford,2016,11,30,Average / Below Average
tt0446029,Scott Pilgrim vs. the World,7.469,7155,48000000,85000000,113,en,39.003,"Action, Comedy, Romance","Marc Platt Productions, Big Talk Productions, Closed on Mondays Entertainment, dentsu","Michael Cera, Mary Elizabeth Winstead, Kieran Culkin",Edgar Wright,2010,8,-44,Flop / Disaster
tt0096895,Batman,7.2,7152,411348924,35000000,126,en,40.79,"Fantasy, Action, Crime","The Guber-Peters Company, Warner Bros. Pictures, PolyGram Filmed Entertainment, DC Comics","Michael Keaton, Jack Nicholson, Kim Basinger",Tim Burton,1989,6,1075,All-Time Blockbuster
tt4500922,Maze Runner: The Death Cure,7.1,7141,288175335,62000000,143,en,41.488,"Science Fiction, Action, Adventure, Thriller","Gotham Group, Temple Hill Entertainment, 20th Century Fox","Dylan OíBrien, Kaya Scodelario, Thomas Brodie-Sangster",Wes Ball,2018,1,365,Blockbuster
tt0075148,Rocky,7.8,7135,225250402,1000000,119,en,42.023,"Drama, Romance",Winkler Films,"Sylvester Stallone, Talia Shire, Burt Young",John G. Avildsen,1976,11,22425,All-Time Blockbuster
tt0440963,The Bourne Ultimatum,7.421,7127,442824138,70000000,115,en,24.667,"Action, Drama, Mystery, Thriller","Universal Pictures, The Kennedy/Marshall Company, Ludlum Entertainment, Motion Picture BETA Produktionsgesellschaft, Bourne Again, KanZaman Services, Peninsula Films, Studio Babelsberg","Matt Damon, Julia Stiles, David Strathairn",Paul Greengrass,2007,8,533,All-Time Blockbuster
tt0163651,American Pie,6.567,7125,235483004,11000000,95,en,43.03,"Comedy, Romance","Summit Entertainment, Universal Pictures, Newmarket Capital Group, Zide-Perry Productions","Jason Biggs, Chris Klein, Mena Suvari",Paul Weitz,1999,7,2041,All-Time Blockbuster
tt0096283,„Å®„Å™„Çä„ÅÆ„Éà„Éà„É≠,8.073,7124,41000000,3700000,86,ja,46.44,"Fantasy, Animation, Family","Studio Ghibli, Nibariki, Tokuma Shoten","Noriko Hidaka, Chika Sakamoto, Hitoshi Takagi",Hayao Miyazaki,1988,4,1008,All-Time Blockbuster
tt1216475,Cars 2,6.08,7115,559852396,200000000,106,en,72.036,"Animation, Family, Adventure, Comedy","Pixar, Walt Disney Pictures","Owen Wilson, Larry the Cable Guy, Michael Caine",John Lasseter & Brad Lewis,2011,6,180,Super Hit
tt0359950,The Secret Life of Walter Mitty,7.172,7080,188133322,90000000,114,en,26.534,"Adventure, Comedy, Drama, Fantasy","TSG Entertainment, Big Screen Productions, Down Productions, Red Hour","Ben Stiller, Kristen Wiig, Sean Penn",Ben Stiller,2013,12,109,Super Hit
tt2120120,Pixels,5.716,7061,244874809,88000000,105,en,32.028,"Action, Comedy, Science Fiction","Sony Pictures, Columbia Pictures, 1492 Pictures, LStar Capital, China Film Group Corporation, Happy Madison Productions","Adam Sandler, Kevin James, Michelle Monaghan",Chris Columbus,2015,7,178,Super Hit
tt1667889,Ice Age: Continental Drift,6.36,7038,877244782,95000000,88,en,53.054,"Animation, Comedy, Adventure, Family","Blue Sky Studios, 20th Century Fox Animation, 20th Century Fox","Ray Romano, John Leguizamo, Denis Leary",Steve Martino & Mike Thurmeier,2012,6,823,All-Time Blockbuster
tt7349662,BlacKkKlansman,7.521,7037,93411426,15000000,136,en,16.735,"Comedy, Crime, Drama","Legendary Pictures, Perfect World Pictures, Monkeypaw Productions, Blumhouse Productions, QC Entertainment, 40 Acres and a Mule Filmworks","David Washington, Adam Driver, Laura Harrier",Spike Lee John,2018,8,523,All-Time Blockbuster
tt4779682,The Meg,6.256,7018,530517320,150000000,113,en,101.431,"Action, Science Fiction, Horror","Apelles Entertainment, Gravity Pictures, di Bonaventura Pictures, Flagship Entertainment Group, Maeday Productions, Warner Bros. Pictures","Jason Statham, Li Bingbing, Rainn Wilson",Jon Turteltaub,2018,8,254,Blockbuster
tt1542344,127 Hours,7.068,7012,35692920,18000000,94,en,25.491,"Adventure, Drama, Thriller","Fox Searchlight Pictures, Path√©, Everest Entertainment, HandMade Films, Film4 Productions, Cloud Eight Films, Dune Entertainment","James Franco, Amber Tamblyn, Kate Mara",Danny Boyle,2010,11,98,Hit / Semi-Hit
tt5848272,Ralph Breaks the Internet,7.2,6999,529323962,175000000,112,en,49.649,"Family, Animation, Comedy, Adventure","Walt Disney Pictures, Walt Disney Animation Studios","C. Reilly, Sarah Silverman, Gal Gadot",Rich Moore & Phil Johnston John,2018,11,202,Blockbuster
tt0450259,Blood Diamond,7.53,6999,171720398,100000000,143,en,33.641,"Drama, Thriller, Action","Virtual Studios, Spring Creek Productions, Bedford Falls Productions, Initial Entertainment Group, Lonely Film Productions GmbH & Co. KG., Warner Bros. Pictures, Liberty Pictures","Leonardo DiCaprio, Djimon Hounsou, Jennifer Connelly",Edward Zwick,2006,12,72,Hit / Semi-Hit
tt2239822,Valerian and the City of a Thousand Planets,6.625,6987,225973340,177200000,136,en,36.195,"Adventure, Science Fiction, Action","Belga Films, River Road Entertainment, Grive Productions, EuropaCorp, UFA, Fundamental Films, Gulf Film, Novo Pictures, TF1 Films Production, Orange Studio, BNP Paribas Fortis","Dane DeHaan, Cara Delevingne, Clive Owen",Luc Besson,2017,7,28,Average / Below Average
tt0372183,The Bourne Supremacy,7.315,6977,288500217,75000000,108,en,28.983,"Action, Drama, Thriller","Universal Pictures, The Kennedy/Marshall Company, Hypnotic, Motion Picture THETA Produktionsgesellschaft, Ludlum Entertainment","Matt Damon, Franka Potente, Joan Allen",Paul Greengrass,2004,7,285,Blockbuster
tt1950186,Ford v Ferrari,8.01,6972,225508210,97600000,153,en,78.353,"Drama, Action, History","20th Century Fox, TSG Entertainment, Chernin Entertainment, Turnpike Films","Christian Bale, Matt Damon, Jon Bernthal",James Mangold,2019,11,131,Super Hit
tt0814255,Percy Jackson & the Olympians: The Lightning Thief,6.21,6964,226497209,95000000,118,en,62.104,"Adventure, Fantasy, Family","1492 Pictures, Sunswept Entertainment, Dune Entertainment","Logan Lerman, Alexandra Daddario, Pierce Brosnan",Chris Columbus,2010,2,138,Super Hit
tt0327597,Coraline,7.854,6950,124600000,60000000,100,en,105.931,"Animation, Family, Fantasy","Focus Features, Laika Entertainment, Pandemonium","Dakota Fanning, Teri Hatcher, Jennifer Saunders",Henry Selick,2009,2,108,Super Hit
tt3076658,Creed,7.413,6949,173567581,37000000,133,en,43.906,"Action, Drama","Metro-Goldwyn-Mayer, New Line Cinema, Chartoff-Winkler Productions, Warner Bros. Pictures","B. Jordan, Sylvester Stallone, Tessa Thompson",Ryan Coogler Michael,2015,11,369,Blockbuster
tt0425112,Hot Fuzz,7.554,6929,80573774,12000000,121,en,24.96,"Crime, Action, Comedy","Universal Pictures, Big Talk Productions, StudioCanal, Working Title Films, Focus Features, Rogue Pictures","Simon Pegg, Nick Frost, Jim Broadbent",Edgar Wright,2007,2,571,All-Time Blockbuster
tt4160708,Don't Breathe,7.009,6922,159047649,9900000,89,en,24.908,"Thriller, Horror","Screen Gems, Stage 6 Films, Ghost House Pictures","Stephen Lang, Jane Levy, Dylan Minnette",Fede ¡lvarez,2016,6,1507,All-Time Blockbuster
tt2637276,Ted 2,6.286,6892,215863606,68000000,115,en,58.25,"Comedy, Fantasy","Smart Entertainment, Universal Pictures, Fuzzy Door Productions, Bluegrass Films, MRC","Mark Wahlberg, Seth MacFarlane, Amanda Seyfried",Seth MacFarlane,2015,6,217,Blockbuster
tt0289879,The Butterfly Effect,7.56,6890,96060858,13000000,113,en,30.387,"Science Fiction, Thriller","FilmEngine, Katalyst Films, BenderSpink, New Line Cinema","Ashton Kutcher, Amy Smart, Melora Walters",Eric Bress & J. Mackye Gruber,2004,1,639,All-Time Blockbuster
tt7784604,Hereditary,7.274,6880,82530552,10000000,128,en,38.531,"Horror, Mystery, Thriller",PalmStar Media,"Toni Collette, Alex Wolff, Milly Shapiro",Ari Aster,2018,6,725,All-Time Blockbuster
tt0029583,Snow White and the Seven Dwarfs,7.116,6840,184925486,1488423,83,en,53.193,"Fantasy, Animation, Family",Walt Disney Productions,"Adriana Caselotti, Lucille La Verne, Harry Stockwell",David Hand,1937,12,12324,All-Time Blockbuster
tt1605783,Midnight in Paris,7.535,6835,151119219,17000000,94,en,25.087,"Fantasy, Comedy, Romance","Pontchartrain Productions, Gravier Productions, Mediapro, Vers√°til Cinema, TV3, Firstep, Imagina International Sales, Sony Pictures Classics","Owen Wilson, Rachel McAdams, Marion Cotillard",Woody Allen,2011,5,789,All-Time Blockbuster
tt0119282,Hercules,7.501,6823,252712101,85000000,93,en,57.069,"Animation, Family, Fantasy, Adventure, Comedy, Romance","Walt Disney Pictures, Walt Disney Feature Animation","Tate Donovan, James Woods, Danny DeVito",Ron Clements & John Musker,1997,6,197,Super Hit
tt1800241,American Hustle,6.848,6821,251171807,40000000,138,en,20.876,"Drama, Crime","Annapurna Pictures, Atlas Entertainment, Columbia Pictures","Christian Bale, Bradley Cooper, Amy Adams",David O. Russell,2013,12,528,All-Time Blockbuster
tt5442430,Life,6.423,6811,100541806,58000000,104,en,48.2,"Horror, Science Fiction, Mystery, Thriller","Columbia Pictures, Nvizage, Sony Pictures, Skydance","Jake Gyllenhaal, Rebecca Ferguson, Ryan Reynolds",Daniel Espinosa,2017,3,73,Hit / Semi-Hit
tt1133985,Green Lantern,5.167,6806,219851172,200000000,114,en,32.041,"Adventure, Action, Thriller, Science Fiction","DC Entertainment, De Line Pictures, Warner Bros. Pictures","Ryan Reynolds, Blake Lively, Peter Sarsgaard",Martin Campbell,2011,6,10,Average / Below Average
tt0322259,2 Fast 2 Furious,6.483,6795,236350661,76000000,108,en,6.294,"Action, Crime, Thriller","Ardustry Entertainment, Mikona Productions, Original Film, Universal Pictures","Paul Walker, Tyrese Gibson, Eva Mendes",John Singleton,2003,6,211,Blockbuster
tt1700841,Sausage Party,5.734,6789,140705322,19000000,89,en,44.804,"Adventure, Animation, Comedy, Fantasy","Columbia Pictures, Annapurna Pictures, Point Grey Pictures, Nitrogen Studios Canada","Seth Rogen, Kristen Wiig, Jonah Hill",Greg Tiernan & Conrad Vernon,2016,7,641,All-Time Blockbuster
tt6857112,Us,6.97,6776,256067149,20000000,116,en,25.853,"Horror, Thriller, Mystery","Monkeypaw Productions, Universal Pictures, QC Entertainment, Blumhouse Productions","Lupita Nyongío, Winston Duke, Elisabeth Moss",Jordan Peele,2019,3,1180,All-Time Blockbuster
tt0970179,Hugo,7.171,6763,185770160,170000000,126,en,29.197,"Adventure, Drama, Family","Paramount, Infinitum Nihil, GK Films, Mandate International","Asa Butterfield, Ben Kingsley, ChloÎ Grace Moretz",Martin Scorsese,2011,11,9,Average / Below Average
tt0077631,Grease,7.394,6760,181813770,6000000,110,en,37.651,"Romance, Comedy","Paramount, Robert Stigwood Organization, Fine Arts Films","John Travolta, Olivia Newton-John, Stockard Channing",Randal Kleiser,1978,7,2930,All-Time Blockbuster
tt1077368,Dark Shadows,6.044,6754,245527149,150000000,113,en,29.198,"Comedy, Fantasy","Tim Burton Productions, Infinitum Nihil, GK Films, Village Roadshow Pictures, Dan Curtis Productions, Warner Bros. Pictures, The Zanuck Company","Johnny Depp, Michelle Pfeiffer, Eva Green",Tim Burton,2012,5,64,Hit / Semi-Hit
tt0892791,Shrek Forever After,6.351,6751,752600867,165000000,93,en,65.35,"Comedy, Adventure, Fantasy, Animation, Family","DreamWorks Animation, Paramount","Mike Myers, Eddie Murphy, Cameron Diaz",Mike Mitchell,2010,5,356,Blockbuster
tt6718170,The Super Mario Bros. Movie,7.775,6743,1355725263,100000000,93,en,410.411,"Animation, Family, Adventure, Fantasy, Comedy","Universal Pictures, Illumination, Nintendo","Chris Pratt, Anya Taylor-Joy, Charlie Day",Aaron Horvath & Michael Jelenic,2023,4,1256,All-Time Blockbuster
tt2345759,The Mummy,5.507,6741,409231607,125000000,110,en,21.893,"Fantasy, Thriller, Action, Adventure, Horror","Secret Hideout, Sean Daniel Company, Universal Pictures, Perfect World Pictures, Conspiracy Factory, dentsu","Tom Cruise, Sofia Boutella, Annabelle Wallis",Alex Kurtzman,2017,6,227,Blockbuster
tt0467406,Juno,7.048,6736,232372681,7500000,96,en,22.245,"Comedy, Drama, Romance","Mandate Pictures, Mr. Mudd Production, Mandate International","Ellen Page, Michael Cera, Jennifer Garner",Jason Reitman,2007,12,2998,All-Time Blockbuster
tt0335266,Lost in Translation,7.392,6734,119723856,4000000,102,en,27.061,"Drama, Romance","American Zoetrope, Focus Features, TFC, Elemental Films","Bill Murray, Scarlett Johansson, Giovanni Ribisi",Sofia Coppola,2003,9,2893,All-Time Blockbuster
tt0349903,Ocean's Twelve,6.564,6721,362744280,110000000,125,en,27.103,"Thriller, Crime","Village Roadshow Pictures, Jerry Weintraub Productions, Section Eight, WV Films III, Warner Bros. Pictures","George Clooney, Brad Pitt, Matt Damon",Steven Soderbergh,2004,12,230,Blockbuster
tt0317248,Cidade de Deus,8.429,6708,30641770,3300000,130,pt,29.573,"Drama, Crime","O2 Filmes, VideoFilmes, Wild Bunch, Hank Levine Film, Globo Filmes, Lumi√®re, Miramax","Alexandre Rodrigues, Leandro Firmino, Phellipe Haagensen",Fernando Meirelles,2002,8,829,All-Time Blockbuster
tt0319061,Big Fish,7.761,6707,123218424,70000000,125,en,18.982,"Adventure, Fantasy, Drama","Columbia Pictures, The Zanuck Company, Jinks/Cohen Company, Tim Burton Productions","Ewan McGregor, Albert Finney, Billy Crudup",Tim Burton,2003,12,76,Hit / Semi-Hit
tt0343660,50 First Dates,6.844,6705,196482882,75000000,99,en,36.466,"Comedy, Romance","Columbia Pictures, Anonymous Content, Flower Films, Happy Madison Productions","Adam Sandler, Drew Barrymore, Rob Schneider",Peter Segal,2004,2,162,Super Hit
tt1013752,Fast & Furious,6.68,6702,363164265,85000000,107,en,7.716,"Action, Crime, Drama, Thriller","dentsu, Universal Pictures, Relativity Media, Original Film, One Race","Vin Diesel, Paul Walker, Michelle Rodriguez",Justin Lin,2009,4,327,Blockbuster
tt5700672,Î∂ÄÏÇ∞Ìñâ,7.8,6694,87547518,8500000,118,ko,49.553,"Horror, Thriller, Action, Adventure","Next Entertainment World, RedPeter Film, Contents Panda, Union Investment Partners, KTB Network, Korean Film Council","Yoo Gong, Ma Dong-seok, Ahn So-hee",Sang-ho Yeon,2016,7,930,All-Time Blockbuster
tt0298203,8 Mile,7.124,6692,242875078,41000000,111,en,36.179,"Drama, Music","Mikona Productions, Imagine Entertainment","Hanson Eminem, Kim Basinger, Brittany Murphy",Curtis,2002,11,492,All-Time Blockbuster
tt0170016,How the Grinch Stole Christmas,6.741,6688,345823040,123000000,104,en,50.556,"Family, Comedy, Fantasy","Universal Pictures, Imagine Entertainment, LUNI Productions GmbH and Company KG","Jim Carrey, Taylor Momsen, Jeffrey Tambor",Ron Howard,2000,11,181,Super Hit
tt3263904,Sully,7.177,6686,240797623,60000000,96,en,23.191,"Drama, History","Malpaso Productions, FilmNation Entertainment, Flashlight Films, Warner Bros. Pictures, RatPac Entertainment, The Kennedy/Marshall Company","Tom Hanks, Aaron Eckhart, Laura Linney",Clint Eastwood,2016,9,301,Blockbuster
tt3874544,The Boss Baby,6.451,6682,527965936,125000000,97,en,14.391,"Animation, Comedy, Family","DreamWorks Animation, 20th Century Fox","Alec Baldwin, Steve Buscemi, Lisa Kudrow",Tom McGrath,2017,3,322,Blockbuster
tt1661199,Cinderella,6.798,6679,543514353,95000000,105,en,58.212,"Romance, Fantasy, Family, Drama","Walt Disney Pictures, Genre Films, Beagle Pug Films, Allison Shearmur Productions","Lily James, Cate Blanchett, Richard Madden",Kenneth Branagh,2015,3,472,All-Time Blockbuster
tt5433138,F9,7.139,6660,726229501,200000000,143,en,48.986,"Action, Adventure, Crime","Original Film, One Race, Perfect Storm Entertainment, Universal Pictures, Roth-Kirschenbaum Films","Vin Diesel, John Cena, Michelle Rodriguez",Justin Lin,2021,5,263,Blockbuster
tt1371111,Cloud Atlas,6.884,6657,130482868,102000000,172,en,23.803,"Drama, Science Fiction","Cloud Atlas Productions, Anarchos Productions, X Filme Creative Pool, ARD Degeto, A Company","Tom Hanks, Halle Berry, Hugh Grant",Lana & Lilly Wachowski,2012,10,28,Average / Below Average
tt1104001,TRON: Legacy,6.459,6648,400062763,170000000,125,en,45.665,"Adventure, Action, Science Fiction","Walt Disney Pictures, Sean Bailey Productions","Jeff Bridges, Garrett Hedlund, Olivia Wilde",Joseph Kosinski,2010,12,135,Super Hit
tt4975722,Moonlight,7.392,6641,65046687,4000000,111,en,16.748,Drama,"A24, Plan B Entertainment, PASTEL","Trevante Rhodes, AndrÈ Holland, Janelle Mon·e",Barry Jenkins,2016,10,1526,All-Time Blockbuster
tt0829482,Superbad,7.229,6620,170812526,20000000,113,en,51.547,Comedy,"Columbia Pictures, Apatow Productions","Jonah Hill, Michael Cera, Christopher Mintz-Plasse",Greg Mottola,2007,3,754,All-Time Blockbuster
tt6806448,Fast & Furious Presents: Hobbs & Shaw,6.867,6618,760098996,200000000,137,en,70.691,"Action, Adventure, Comedy","Chris Morgan Productions, Seven Bucks Productions, Universal Pictures","Dwayne Johnson, Jason Statham, Idris Elba",David Leitch,2019,8,280,Blockbuster
tt0481499,The Croods,6.913,6607,587204668,135000000,98,en,38.079,"Animation, Adventure, Family, Fantasy, Comedy, Action","DreamWorks Animation, 20th Century Fox","Nicolas Cage, Emma Stone, Ryan Reynolds",Kirk DeMicco & Chris Sanders,2013,3,335,Blockbuster
tt1979320,Rush,7.708,6598,90247624,38000000,123,en,32.222,"Drama, Action","Revolution Films, Working Title Films, Imagine Entertainment","Chris Hemsworth, Daniel Br¸hl, Olivia Wilde",Ron Howard,2013,9,137,Super Hit
tt0163025,Jurassic Park III,6.126,6592,368780809,93000000,92,en,1.49,"Adventure, Action, Thriller, Science Fiction","Universal Pictures, Amblin Entertainment","Sam Neill, William H. Macy, TÈa Leoni",Joe Johnston,2001,7,297,Blockbuster
tt1964418,Tomorrowland,6.257,6591,209154322,190000000,130,en,45.045,"Adventure, Family, Mystery, Science Fiction","Babieka Films, Walt Disney Pictures, A113","George Clooney, Britt Robertson, Hugh Laurie",Brad Bird,2015,5,10,Average / Below Average
tt2004420,Neighbors,6.178,6569,270665134,18000000,97,en,17.158,Comedy,"Good Universe, Universal Pictures, Point Grey Pictures","Seth Rogen, Zac Efron, Rose Byrne",Nicholas Stoller,2014,5,1404,All-Time Blockbuster
tt0493464,Wanted,6.508,6562,342463063,75000000,110,en,29.371,"Action, Thriller, Crime","Kickstart, Universal Pictures, Spyglass Entertainment, Bazelevs Production, Marc Platt Productions, Top Cow Productions, Relativity Media, Ringerike Zweite Filmproduktion, Revolution Sun Studios","James McAvoy, Angelina Jolie, Morgan Freeman",Timur Bekmambetov,2008,6,357,Blockbuster
tt3469046,Despicable Me 3,6.451,6560,1031552585,80000000,90,en,29.104,"Action, Animation, Comedy, Family, Adventure","Illumination, Universal Pictures","Steve Carell, Kristen Wiig, Trey Parker",Kyle Balda & Pierre Coffin,2017,6,1189,All-Time Blockbuster
tt3531824,Nerve,7.045,6555,85241496,19000000,96,en,14.439,"Mystery, Adventure, Crime","Lionsgate, Allison Shearmur Productions, Keep Your Head Productions","Emma Roberts, Dave Franco, Emily Meade",Henry Joost & Ariel Schulman,2016,6,349,Blockbuster
tt0113277,Heat,7.903,6552,187436818,60000000,170,en,41.522,"Action, Crime, Drama","Regency Enterprises, Forward Pass, Warner Bros. Pictures, The Linson Company, Monarchy Enterprises B.V., New Regency Pictures","Al Pacino, Robert De Niro, Val Kilmer",Michael Mann,1995,12,212,Blockbuster
tt0914798,The Boy in the Striped Pyjamas,7.849,6542,20416563,12500000,94,en,45.822,"War, Drama, History","BBC Film, Miramax, Heyday Films","Asa Butterfield, Vera Farmiga, David Thewlis",Mark Herman,2008,5,63,Hit / Semi-Hit
tt2231461,Rampage,6.451,6539,428028233,120000000,107,en,109.045,"Action, Adventure, Science Fiction","Wrigley Pictures, New Line Cinema, 7 Bucks Entertainment, ASAP Entertainment, Flynn Picture Company, Twisted Media","Dwayne Johnson, Naomie Harris, Jeffrey Dean Morgan",Brad Peyton,2018,4,257,Blockbuster
tt1060277,Cloverfield,6.672,6525,170764026,25000000,85,en,29.625,"Action, Thriller, Science Fiction",Bad Robot,"Lizzy Caplan, T.J. Miller, Michael Stahl-David",Matt Reeves,2008,1,583,All-Time Blockbuster
tt0360486,Constantine,7.063,6521,230884728,100000000,121,en,48.185,"Fantasy, Action, Horror","Village Roadshow Pictures, Lonely Film Productions GmbH & Co. KG., The Donners' Company, Batfilm Productions, Weed Road Pictures, Warner Bros. Pictures, 3 Arts Entertainment, DC Vertigo","Keanu Reeves, Rachel Weisz, Tilda Swinton",Francis Lawrence,2005,2,131,Super Hit
tt0389860,Click,6.3,6518,240685326,82500000,107,en,34.068,"Comedy, Drama, Fantasy","Original Film, Revolution Studios, Columbia Pictures, Happy Madison Productions","Adam Sandler, Kate Beckinsale, Christopher Walken",Frank Coraci,2006,6,192,Super Hit
tt10648342,Thor: Love and Thunder,6.517,6510,760928081,250000000,119,en,117.087,"Fantasy, Action, Comedy","Marvel Studios, Kevin Feige Productions","Chris Hemsworth, Natalie Portman, Christian Bale",Taika Waititi,2022,7,204,Blockbuster
tt0449059,Little Miss Sunshine,7.677,6508,100523181,8000000,102,en,16.375,"Comedy, Drama","Fox Searchlight Pictures, Bona Fide Productions, Big Beach","Abigail Breslin, Greg Kinnear, Steve Carell",Jonathan Dayton & Valerie Faris,2006,7,1157,All-Time Blockbuster
tt0206634,Children of Men,7.605,6495,70595464,76000000,109,en,28.409,"Drama, Action, Thriller, Science Fiction","Universal Pictures, Strike Entertainment, Hit & Run Productions","Clive Owen, Julianne Moore, Michael Caine",Alfonso CuarÛn,2006,9,-7,Flop / Disaster
tt0790724,Jack Reacher,6.607,6486,218340595,60000000,130,en,44.484,"Crime, Drama, Thriller, Action","Skydance, H2L Media ""AKA"" Mutual Film Company, H2L Media Group, TC Productions, Mutual Films, Paramount","Tom Cruise, Rosamund Pike, Richard Jenkins",Christopher McQuarrie,2012,12,264,Blockbuster
tt1282140,Easy A,6.811,6485,75026327,8000000,93,en,26.846,Comedy,"Screen Gems, Olive Bridge Entertainment","Emma Stone, Penn Badgley, Amanda Bynes",Will Gluck,2010,9,838,All-Time Blockbuster
tt7653254,Marriage Story,7.753,6478,2300000,18000000,137,en,16.594,Drama,Heyday Films,"Adam Driver, Scarlett Johansson, Laura Dern",Noah Baumbach,2019,9,-87,Flop / Disaster
tt1568346,The Girl with the Dragon Tattoo,7.361,6475,232617430,90000000,158,en,23.466,"Thriller, Crime, Mystery","Ground Control, Columbia Pictures, Scott Rudin Productions, Film Rites, Metro-Goldwyn-Mayer, Yellow Bird","Rooney Mara, Daniel Craig, Christopher Plummer",David Fincher,2011,12,158,Super Hit
tt0209163,The Mummy Returns,6.358,6475,443280904,98000000,130,en,45.092,"Adventure, Action, Fantasy","Universal Pictures, Alphaville Films","Brendan Fraser, Rachel Weisz, John Hannah",Stephen Sommers,2001,5,352,Blockbuster
tt0388795,Brokeback Mountain,7.799,6426,178043761,14000000,134,en,31.516,"Drama, Romance","Focus Features, River Road Entertainment, Alberta Film Entertainment","Heath Ledger, Jake Gyllenhaal, Michelle Williams",Ang Lee,2005,9,1172,All-Time Blockbuster
tt1535109,Captain Phillips,7.552,6424,218791811,55000000,134,en,24.668,"Action, Drama, Thriller","Columbia Pictures, Michael De Luca Productions, Scott Rudin Productions, Trigger Street Productions","Tom Hanks, Barkhad Abdi, Catherine Keener",Paul Greengrass,2013,10,298,Blockbuster
tt3682448,Bridge of Spies,7.222,6421,165478348,40000000,141,en,15.627,"Thriller, Drama","TSG Entertainment, Amblin Entertainment, Studio Babelsberg, Fox 2000 Pictures, Marc Platt Productions, Participant, Reliance Entertainment, DreamWorks Pictures","Tom Hanks, Mark Rylance, Amy Ryan",Steven Spielberg,2015,10,314,Blockbuster
tt1078912,Night at the Museum: Battle of the Smithsonian,6.1,6414,413106170,150000000,105,en,27.683,"Adventure, Fantasy, Action, Comedy, Family","21 Laps Entertainment, 1492 Pictures, Dune Entertainment, Moving Picture Company, Museum Canada Productions, 20th Century Fox","Ben Stiller, Amy Adams, Owen Wilson",Shawn Levy,2009,5,175,Super Hit
tt4263482,The Witch,6.927,6398,40423945,3500000,92,en,33.875,"Drama, Fantasy, Horror, Mystery","Very Special Projects, Parts and Labor, RT Features, Rooks Nest Entertainment, Maiden Voyage Pictures, Pulse Films, Scythia Films, Code Red Productions, Mott Street Pictures","Anya Taylor-Joy, Ralph Ineson, Kate Dickie",Robert Eggers,2015,1,1055,All-Time Blockbuster
tt3915174,Puss in Boots: The Last Wish,8.266,6394,482129780,90000000,103,en,221.49,"Animation, Family, Fantasy, Adventure, Comedy, Action","DreamWorks Animation, Universal Pictures","Antonio Banderas, Salma Hayek, Harvey GuillÈn",Joel Crawford,2022,12,436,All-Time Blockbuster
tt0167190,Hellboy,6.665,6392,99318987,66000000,122,en,23.193,"Fantasy, Action","Columbia Pictures, Revolution Studios, Dark Horse Entertainment, Lawrence Gordon Productions, Starlite Films, Partnership Films","Ron Perlman, Selma Blair, Doug Jones",Guillermo del Toro,2004,4,50,Hit / Semi-Hit
tt1291150,Teenage Mutant Ninja Turtles,5.901,6391,485004754,125000000,101,en,76.327,"Science Fiction, Action, Adventure, Comedy","Nickelodeon Movies, Paramount, Platinum Dunes, Mirage Studios","Megan Fox, Will Arnett, William Fichtner",Jonathan Liebesman,2014,8,288,Blockbuster
tt0479952,Madagascar: Escape 2 Africa,6.488,6371,603900354,150000000,89,en,61.944,"Family, Adventure, Animation, Comedy","DreamWorks Animation, Pacific Data Images, Paramount","Ben Stiller, Chris Rock, David Schwimmer",Eric Darnell & Tom McGrath,2008,10,303,Blockbuster
tt1302011,Kung Fu Panda 2,6.968,6365,665692281,150000000,91,en,52.793,"Animation, Family","DreamWorks Animation, Paramount","Jack Black, Angelina Jolie, Gary Oldman",Jennifer Yuh Nelson,2011,5,344,Blockbuster
tt0814314,Seven Pounds,7.613,6362,168167691,55000000,123,en,32.144,Drama,"Escape Artists, Columbia Pictures, Relativity Media, Overbrook Entertainment","Will Smith, Rosario Dawson, Woody Harrelson",Gabriele Muccino,2008,12,206,Blockbuster
tt1617661,Jupiter Ascending,5.433,6353,183987723,176000003,127,en,53.857,"Science Fiction, Fantasy, Action","Anarchos Productions, Village Roadshow Pictures, Dune Entertainment, Warner Bros. Pictures","Channing Tatum, Mila Kunis, Sean Bean",Lana Wachowski & Lilly Wachowski,2015,2,5,Average / Below Average
tt0808151,Angels & Demons,6.697,6351,485930816,150000000,138,en,31.307,"Thriller, Mystery","Columbia Pictures, Imagine Entertainment, Skylark Productions, Panorama Films","Tom Hanks, Ewan McGregor, Ayelet Zurer",Ron Howard,2009,5,224,Blockbuster
tt0175142,Scary Movie,6.336,6346,278019771,19000000,88,en,64.01,Comedy,"Brad Grey Pictures, Gold/Miller Productions, Wayans Bros. Entertainment, Dimension Films","Anna Faris, Shawn Wayans, Marlon Wayans",Keenen Ivory Wayans,2000,7,1363,All-Time Blockbuster
tt0803096,Warcraft,6.364,6340,433677183,160000000,123,en,37.312,"Action, Adventure, Fantasy","Legendary Pictures, Universal Pictures, Atlas Entertainment, Blizzard Entertainment, Tencent Pictures, Fuji Television Network, dentsu, Huayi Brothers Pictures, Taihe Entertainment","Travis Fimmel, Paula Patton, Ben Foster",Duncan Jones,2016,5,171,Super Hit
tt1068680,Yes Man,6.66,6336,223241637,70000000,104,en,26.26,"Comedy, Romance","The Zanuck Company, Village Roadshow Pictures, Heyday Films, Warner Bros. Pictures","Jim Carrey, Zooey Deschanel, Bradley Cooper",Peyton Reed,2008,12,219,Blockbuster
tt0473075,Prince of Persia: The Sands of Time,6.261,6334,336365676,200000000,116,en,35.279,"Adventure, Fantasy, Action","Walt Disney Pictures, Jerry Bruckheimer Films","Jake Gyllenhaal, Gemma Arterton, Ben Kingsley",Mike Newell,2010,5,68,Hit / Semi-Hit
tt1428538,Hansel & Gretel: Witch Hunters,6.029,6324,226349749,50000000,88,en,61.884,"Fantasy, Horror, Action","Paramount, MTV Films, Gary Sanchez Productions, Studio Babelsberg, Metro-Goldwyn-Mayer, Deutscher Filmf√∂rderfonds","Jeremy Renner, Gemma Arterton, Famke Janssen",Tommy Wirkola,2013,1,353,Blockbuster
tt5884052,Pok√©mon Detective Pikachu,6.953,6314,449762638,150000000,105,en,33.679,"Action, Adventure, Fantasy","Legendary Pictures, The Pok√©mon Company, TOHO","Ryan Reynolds, Justice Smith, Kathryn Newton",Rob Letterman,2019,5,200,Blockbuster
tt8228288,El hoyo,6.986,6308,1090116,1203235,95,es,29.398,"Drama, Science Fiction, Thriller","Basque Films, Mr. Miyagi, EiTB, TVE","Iv·n MassaguÈ, Antonia San Juan, Zorion Eguileor",Galder Gaztelu-Urrutia,2019,11,-9,Flop / Disaster
tt1591095,Insidious,6.947,6298,99870886,1500000,103,en,40.882,"Horror, Thriller","FilmDistrict, Stage 6 Films, Alliance Films, IM Global, Haunted Movies, Blumhouse Productions, Solana Films","Patrick Wilson, Rose Byrne, Lin Shaye",James Wan,2011,3,6558,All-Time Blockbuster
tt0325710,The Last Samurai,7.574,6297,456758981,140000000,154,en,37.549,"Drama, Action, War","Warner Bros. Pictures, Bedford Falls Productions, Radar Pictures, Cruise/Wagner Productions","Tom Cruise, Ken Watanabe, Billy Connolly",Edward Zwick,2003,12,226,Blockbuster
tt1001526,Megamind,6.963,6290,321885765,130000000,96,en,41.692,"Animation, Action, Comedy, Family, Science Fiction","DreamWorks Animation, Paramount, Pacific Data Images","Will Ferrell, Tina Fey, Jonah Hill",Tom McGrath,2010,10,148,Super Hit
tt1764651,The Expendables 2,6.323,6289,314975955,100000000,103,en,59.833,"Action, Adventure, Thriller","Nu Image, Millennium Media, Lionsgate, Thunder Road, Nu Boyana Film Studios","Sylvester Stallone, Jason Statham, Jean-Claude Van Damme",Simon West,2012,8,215,Blockbuster
tt1245526,RED,6.685,6282,199000000,58000000,111,en,25.561,"Action, Adventure, Comedy, Crime, Thriller","di Bonaventura Pictures, DC Comics, Summit Entertainment","Bruce Willis, Helen Mirren, John Malkovich",Robert Schwentke,2010,10,243,Blockbuster
tt4566758,Mulan,6.906,6280,66800000,200000000,115,en,43.222,"Adventure, Fantasy, Drama, Action","Walt Disney Pictures, China Film Group Corporation, Good Fear, Jason T. Reed Productions","Yifei Liu, Donnie Yen, Jason Scott Lee",Niki Caro,2020,9,-67,Flop / Disaster
tt5109280,Raya and the Last Dragon,7.9,6271,130423032,100000000,107,en,53.503,"Animation, Family, Fantasy, Action, Adventure","Walt Disney Pictures, Walt Disney Animation Studios","Marie Tran, Awkwafina, Izaac Wang",Carlos LÛpez Estrada & Don Hall Kelly,2021,3,30,Average / Below Average
tt5109784,mother!,7,6267,44516999,30000000,121,en,24.705,"Drama, Thriller, Horror","Protozoa Pictures, Paramount","Jennifer Lawrence, Javier Bardem, Ed Harris",Darren Aronofsky,2017,9,48,Average / Below Average
tt0042332,Cinderella,7.037,6239,263591415,2900000,74,en,85.42,"Family, Fantasy, Animation, Romance",Walt Disney Productions,"Ilene Woods, Eleanor Audley, Verna Felton","Clyde Geronimi, Wilfred Jackson, Hamilton Luske",1950,2,8989,All-Time Blockbuster
tt0120855,Tarzan,7.402,6238,448191819,130000000,88,en,72.359,"Family, Adventure, Animation, Drama","Walt Disney Pictures, Edgar Rice Burroughs Inc., Walt Disney Feature Animation","Tony Goldwyn, Minnie Driver, Glenn Close",Chris Buck & Kevin Lima,1999,6,245,Blockbuster
tt1028532,Hachi: A Dog's Tale,8.006,6235,46749646,16000000,93,en,34.409,"Drama, Family","Scion Films, Stage 6 Films, Inferno Distribution, Hachiko, Grand Army Entertainment, Opperman Viner Chrystyn Entertainment","Richard Gere, Joan Allen, Cary-Hiroyuki Tagawa",Lasse Hallstrˆm,2009,6,192,Super Hit
tt1623205,Oz the Great and Powerful,5.903,6232,491868548,200000000,130,en,29.84,"Fantasy, Adventure, Family","Roth Films, Walt Disney Pictures","James Franco, Mila Kunis, Rachel Weisz",Sam Raimi,2013,3,146,Super Hit
tt0084787,The Thing,8.045,6232,19629760,15000000,109,en,57.921,"Horror, Mystery, Science Fiction","Universal Pictures, Turman-Foster Company, Province of BC, Ministry of Tourism, Film Promotion Office","Kurt Russell, Wilford Brimley, Keith David",John Carpenter,1982,6,31,Average / Below Average
tt1446192,Rise of the Guardians,7.36,6229,306941670,145000000,97,en,36.796,"Family, Animation, Fantasy, Action, Adventure","DreamWorks Animation, Paramount","Chris Pine, Alec Baldwin, Jude Law","Peter Ramsey, Robert Persichetti Jr., William Joyce",2012,11,112,Super Hit
tt3410834,Allegiant,6.1,6228,179246868,110000000,120,en,19.857,"Adventure, Science Fiction, Action, Mystery","Mandeville Films, Summit Entertainment, Lionsgate, Red Wagon Entertainment","Shailene Woodley, Theo James, Miles Teller",Robert Schwentke,2016,3,63,Hit / Semi-Hit
tt2660888,Star Trek Beyond,6.781,6226,343471816,185000000,122,en,47.927,"Action, Adventure, Science Fiction","Skydance, Paramount, Bad Robot, Perfect Storm Entertainment, Sneaky Shark","Chris Pine, Zachary Quinto, Zoe Saldana",Justin Lin,2016,7,86,Hit / Semi-Hit
tt0463985,The Fast and the Furious: Tokyo Drift,6.454,6222,158964610,85000000,104,en,11.096,"Action, Crime, Drama, Thriller","MP Munich Pape Filmproductions, Original Film, Relativity Media, Universal Pictures","Lucas Black, Nathalie Kelley, Sung Kang",Justin Lin,2006,6,87,Hit / Semi-Hit
tt2302755,Olympus Has Fallen,6.394,6218,170270201,70000000,120,en,41.289,"Action, Thriller","Millennium Media, G-BASE, Nu Image","Gerard Butler, Aaron Eckhart, Morgan Freeman",Antoine Fuqua,2013,3,143,Super Hit
tt0405422,The 40 Year Old Virgin,6.374,6218,177378645,26000000,116,en,22.984,"Comedy, Romance","Universal Pictures, Apatow Productions","Steve Carell, Catherine Keener, Paul Rudd",Judd Apatow,2005,8,582,All-Time Blockbuster
tt7888964,Nobody,8.018,6217,61779301,17000000,92,en,44.03,"Action, Crime, Thriller","87North Productions, Odenkirk Provissiero Entertainment, Eighty Two Films","Bob Odenkirk, Connie Nielsen, Christopher Lloyd",Ilya Naishuller,2021,3,263,Blockbuster
tt1981677,Pitch Perfect,7.295,6206,115400000,17000000,112,en,25.464,"Comedy, Music, Romance","Brownstone Productions, Gold Circle Films, Universal Pictures","Anna Kendrick, Rebel Wilson, Skylar Astin",Jason Moore,2012,9,579,All-Time Blockbuster
tt1815862,After Earth,5.191,6205,243843127,130000000,100,en,24.446,"Science Fiction, Action, Adventure","Columbia Pictures, Overbrook Entertainment, Blinding Edge Pictures, Sony Pictures","Will Smith, Jaden Smith, Sophie Okonedo",M. Night Shyamalan,2013,5,88,Hit / Semi-Hit
tt1302006,The Irishman,7.615,6203,968853,159000000,209,en,23.095,"Crime, Drama, History","Tribeca Productions, Sikelia Productions, Winkler Films","De Niro, Al Pacino, Joe Pesci",Martin Scorsese Robert,2019,11,-99,Flop / Disaster
tt1397280,Taken 2,6.3,6201,376141306,45000000,91,en,47.042,"Action, Crime, Thriller","EuropaCorp, Grive Productions, M6 Films, Cin√©+, 20th Century Fox, Canal+, Dune Entertainment, Karma Film Prod, Taken 2, Fox International Productions","Liam Neeson, Maggie Grace, Famke Janssen",Olivier Megaton,2012,9,736,All-Time Blockbuster
tt2361509,The Intern,7.205,6199,194564672,35000000,121,en,27.542,Comedy,Waverly Films,"De Niro, Anne Hathaway, Rene Russo",Nancy Meyers Robert,2015,9,456,All-Time Blockbuster
tt1650062,Super 8,6.76,6199,260095986,50000000,112,en,19.534,"Thriller, Science Fiction, Mystery","Bad Robot, Amblin Entertainment, Paramount, K/O Camera Toys","Elle Fanning, Kyle Chandler, Joel Courtney",J.J. Abrams,2011,6,420,All-Time Blockbuster
tt3741834,Lion,8.083,6199,140312928,12000000,118,en,20.266,Drama,"The Weinstein Company, See-Saw Films, Screen Australia, Aquarius Films, Sunstar Entertainment","Dev Patel, Nicole Kidman, Rooney Mara",Garth Davis,2016,11,1069,All-Time Blockbuster
tt0162661,Sleepy Hollow,7.169,6198,206071502,100000000,105,en,32.443,"Drama, Fantasy, Thriller, Mystery, Horror","Paramount, Mandalay Pictures, American Zoetrope, Tim Burton Productions, Karol Film Productions, Scott Rudin Productions, Adam Schroeder Entertainment, Dieter Geissler Filmproduktion, StudioCanal, Lions Gate Films, Summit Entertainment","Johnny Depp, Christina Ricci, Miranda Richardson",Tim Burton,1999,11,106,Super Hit
tt1436562,Rio,6.719,6195,484635760,90000000,96,en,43.578,"Animation, Adventure, Comedy, Family","Blue Sky Studios, 20th Century Fox Animation, 20th Century Fox","Jesse Eisenberg, Anne Hathaway, George Lopez",Carlos Saldanha,2011,4,438,All-Time Blockbuster
tt1041829,The Proposal,7.13,6189,317375031,40000000,108,en,34.566,"Comedy, Romance, Drama","Kurtzman/Orci, Touchstone Pictures, Mandeville Films","Sandra Bullock, Ryan Reynolds, Betty White",Anne Fletcher,2009,6,693,All-Time Blockbuster
tt0317919,Mission: Impossible III,6.722,6186,398479497,150000000,126,en,45.484,"Adventure, Action, Thriller","Paramount, Cruise/Wagner Productions","Tom Cruise, Philip Seymour Hoffman, Michelle Monaghan",J.J. Abrams,2006,4,166,Super Hit
tt8772262,Midsommar,7.162,6185,47969371,9000000,147,en,32.581,"Horror, Drama, Mystery","B-Reel Films, Square Peg","Florence Pugh, Jack Reynor, Will Poulter",Ari Aster,2019,7,433,All-Time Blockbuster
tt0117571,Scream,7.4,6180,173046663,15000000,112,en,61.423,"Crime, Horror, Mystery","Dimension Films, Woods Entertainment, Miramax","Neve Campbell, Courteney Cox, David Arquette",Wes Craven,1996,12,1054,All-Time Blockbuster
tt2935510,Ad Astra,6.1,6143,127461872,87500000,123,en,11.084,"Science Fiction, Drama","New Regency Productions, MadRiver Pictures, Plan B Entertainment, RT Features, Bona Film Group, TSG Entertainment, Keep Your Head Productions, 20th Century Fox","Brad Pitt, Tommy Lee Jones, Ruth Negga",James Gray,2019,9,46,Average / Below Average
tt0120755,Mission: Impossible II,6.119,6122,546388105,125000000,123,en,38.395,"Adventure, Action, Thriller","Paramount, Cruise/Wagner Productions","Tom Cruise, Dougray Scott, Thandiwe Newton",John Woo,2000,5,337,Blockbuster
tt0094721,Beetlejuice,7.384,6117,74714298,15000000,92,en,41.633,"Fantasy, Comedy","Geffen Pictures, Warner Bros. Pictures","Michael Keaton, Winona Ryder, Catherine O'Hara",Tim Burton,1988,3,398,Blockbuster
tt0120917,The Emperor's New Groove,7.551,6109,169327687,100000000,78,en,76.823,"Adventure, Animation, Comedy, Family, Fantasy","Walt Disney Pictures, Walt Disney Feature Animation","David Spade, John Goodman, Eartha Kitt",Mark Dindal,2000,12,69,Hit / Semi-Hit
tt0289043,28 Days Later,7.202,6104,85720385,5000000,113,en,37.355,"Horror, Thriller, Science Fiction",DNA Films,"Cillian Murphy, Naomie Harris, Brendan Gleeson",Danny Boyle,2002,10,1614,All-Time Blockbuster
tt0181852,Terminator 3: Rise of the Machines,6.145,6098,435000000,200000000,109,en,36.434,"Action, Thriller, Science Fiction","Columbia Pictures, Intermedia Films, C-2 Pictures, IMF Internationale Medien und Film GmbH & Co. 3. Produktions KG, Mostow/Lieberman Productions, Warner Bros. Pictures, Senator International","Arnold Schwarzenegger, Nick Stahl, Claire Danes",Jonathan Mostow,2003,7,118,Super Hit
tt1655441,The Age of Adaline,7.469,6092,65663276,25000000,112,en,27.069,"Romance, Fantasy, Drama","Lakeshore Entertainment, Sidney Kimmel Entertainment, Lionsgate","Blake Lively, Michiel Huisman, Harrison Ford",Lee Toland Krieger,2015,4,163,Super Hit
tt0217505,Gangs of New York,7.318,6091,193772504,100000000,168,en,31.711,"Drama, History, Crime","Miramax, Initial Entertainment Group, Alberto Grimaldi Productions, Touchstone Pictures","Leonardo DiCaprio, Daniel Day-Lewis, Cameron Diaz",Martin Scorsese,2002,12,94,Hit / Semi-Hit
tt5814060,The Nun,5.9,6076,365582797,22000000,96,en,357.731,"Horror, Mystery, Thriller","New Line Cinema, Atomic Monster, The Safran Company","Taissa Farmiga, Demi·n Bichir, Jonas Bloquet",Corin Hardy,2018,9,1562,All-Time Blockbuster
tt0120735,"Lock, Stock and Two Smoking Barrels",8.126,6072,28356188,1350000,105,en,10.5,"Comedy, Crime","Summit Entertainment, The Steve Tisch Company, SKA Films, PolyGram Filmed Entertainment, HandMade Films","Jason Statham, Vinnie Jones, Jason Flemyng",Guy Ritchie,1998,8,2000,All-Time Blockbuster
tt1253863,300: Rise of an Empire,6.093,6055,337580051,110000000,102,en,38.678,"Action, Drama, War","Legendary Pictures, Hollywood Gang Productions, Atmosphere Entertainment MM, Nimar Studios, Warner Bros. Pictures, Cruel & Unusual Films","Sullivan Stapleton, Eva Green, Lena Headey",Noam Murro,2014,3,207,Blockbuster
tt1606378,A Good Day to Die Hard,5.3,6052,304654182,92000000,98,en,88.883,"Action, Thriller","Mid Atlantic Films, Ingenious Media, Dune Entertainment, Big Screen Productions, Temple Hill Entertainment, TSG Entertainment, Giant Pictures, Origo Film Group, 20th Century Fox","Bruce Willis, Jai Courtney, Sebastian Koch",John Moore,2013,2,231,Blockbuster
tt0314331,Love Actually,7.1,6047,244931766,40000000,135,en,23.456,"Comedy, Romance, Drama","Working Title Films, DNA Films, Universal Pictures, StudioCanal","Hugh Grant, Keira Knightley, Colin Firth",Richard Curtis,2003,9,512,All-Time Blockbuster
tt2975578,The Purge: Anarchy,6.649,6042,111928365,9000000,104,en,36.694,"Horror, Thriller","Why Not Productions, Platinum Dunes, Blumhouse Productions, 5150 Action, Universal Pictures","Frank Grillo, Carmen Ejogo, Zach Gilford",James DeMonaco,2014,7,1144,All-Time Blockbuster
tt0327056,Mystic River,7.746,6036,156822020,25000000,138,en,25.675,"Thriller, Crime, Drama, Mystery","Warner Bros. Pictures, Village Roadshow Pictures, NPV Entertainment, Malpaso Productions","Sean Penn, Tim Robbins, Kevin Bacon",Clint Eastwood,2003,3,527,All-Time Blockbuster
tt2567026,Alice Through the Looking Glass,6.55,6025,299457024,170000000,113,en,34.545,"Adventure, Family, Fantasy","Legend3D, Walt Disney Pictures, Roth Films, Team Todd, Tim Burton Productions","Mia Wasikowska, Johnny Depp, Anne Hathaway",James Bobin,2016,5,76,Hit / Semi-Hit
tt0795421,Mamma Mia!,6.966,6024,609841637,52000000,108,en,25.811,"Comedy, Romance","Littlestar, Playtone, Internationale Filmproduktion Richter","Meryl Streep, Amanda Seyfried, Pierce Brosnan",Phyllida Lloyd,2008,7,1073,All-Time Blockbuster
tt3553976,Captain Fantastic,7.912,6017,23123592,5000000,118,en,27.428,"Adventure, Drama","Electric City Entertainment, ShivHans Pictures","Viggo Mortensen, George Mackay, Samantha Isler",Matt Ross,2016,7,362,Blockbuster
tt0438488,Terminator Salvation,6,6009,371353001,200000000,115,en,40.434,"Action, Science Fiction, Thriller","Columbia Pictures, The Halcyon Company, Wonderland Sound and Vision, Warner Bros. Pictures, Mandate International, Intermedia Films","Christian Bale, Sam Worthington, Anton Yelchin",McG,2009,5,86,Hit / Semi-Hit
tt0469494,There Will Be Blood,8.085,5985,77208711,25000000,158,en,28.909,Drama,"Paramount Vantage, Miramax, Ghoulardi Film Company","Daniel Day-Lewis, Paul Dano, Dillon Freasier",Paul Thomas Anderson,2007,12,209,Blockbuster
tt0103776,Batman Returns,6.913,5985,280000000,80000000,126,en,29.261,"Action, Fantasy","Warner Bros. Pictures, DC Comics","Michael Keaton, Danny DeVito, Michelle Pfeiffer",Tim Burton,1992,6,250,Blockbuster
tt1289401,Ghostbusters,5.371,5976,229147509,144000000,117,en,40.052,"Action, Fantasy, Comedy","Ghost Corps, Columbia Pictures, Village Roadshow Pictures, LStar Capital, Feigco Entertainment, Pascal Pictures, The Montecito Picture Company","Melissa McCarthy, Kristen Wiig, Kate McKinnon",Paul Feig,2016,7,59,Hit / Semi-Hit
tt0119174,The Game,7.56,5975,109423648,50000000,129,en,24.586,"Drama, Thriller, Mystery","PolyGram Filmed Entertainment, Propaganda Films","Michael Douglas, Sean Penn, Deborah Kara Unger",David Fincher,1997,9,119,Super Hit
tt1192628,Rango,6.825,5969,245724603,135000000,107,en,69.598,"Animation, Comedy, Family, Western, Adventure","Paramount, Nickelodeon Movies, GK Films, Blind Wink, Industrial Light & Magic","Johnny Depp, Isla Fisher, Abigail Breslin",Gore Verbinski,2011,3,82,Hit / Semi-Hit
tt0213149,Pearl Harbor,6.932,5944,449220945,140000000,183,en,33.063,"War, History, Romance, Drama","Jerry Bruckheimer Films, Touchstone Pictures","Ben Affleck, Josh Hartnett, Kate Beckinsale",Michael Bay,2001,5,221,Blockbuster
tt1245492,This Is the End,6.222,5941,126041322,32000000,107,en,37.315,"Action, Comedy","Columbia Pictures, Mandate Pictures, Point Grey Pictures, Sony Pictures","Seth Rogen, James Franco, Jonah Hill",Seth Rogen & Evan Goldberg,2013,6,294,Blockbuster
tt6565702,Dark Phoenix,5.994,5941,252442974,200000000,114,en,42.341,"Fantasy, Science Fiction, Action, Adventure","The Donners' Company, Genre Films, Hutch Parker Entertainment, 20th Century Fox","Sophie Turner, James McAvoy, Michael Fassbender",Simon Kinberg,2019,6,26,Average / Below Average
tt1499658,Horrible Bosses,6.565,5940,209838559,35000000,98,en,25.142,"Comedy, Crime","New Line Cinema, Rat Entertainment","Jason Bateman, Charlie Day, Jennifer Aniston",Seth Gordon,2011,7,500,All-Time Blockbuster
tt0307453,Shark Tale,6.023,5923,367275019,75000000,90,en,42.747,"Animation, Action, Comedy, Family","DreamWorks Animation, DreamWorks Pictures","Will Smith, Robert De Niro, RenÈe Zellweger","Vicky Jenson, Bibo Bergeron, Rob Letterman",2004,9,390,Blockbuster
tt0918940,The Legend of Tarzan,5.9,5917,356743061,180000000,109,en,27.807,"Fantasy, Action, Adventure","Village Roadshow Pictures, Dark Horse Entertainment, Beagle Pug Films, Jerry Weintraub Productions, RatPac Entertainment, Riche Productions, Warner Bros. Pictures","Alexander SkarsgÂrd, Margot Robbie, Samuel L. Jackson",David Yates,2016,6,98,Hit / Semi-Hit
tt0230600,The Others,7.612,5916,209947037,17000000,101,en,40.216,"Horror, Mystery, Thriller","Cruise/Wagner Productions, Canal+, Sogecine, Las Producciones del Escorpion, Dimension Films, StudioCanal","Nicole Kidman, Christopher Eccleston, Fionnula Flanagan",Alejandro Amen·bar,2001,8,1135,All-Time Blockbuster
tt0499448,The Chronicles of Narnia: Prince Caspian,6.616,5916,419665568,225000000,150,en,39.516,"Adventure, Family, Fantasy","Walt Disney Pictures, Walden Media, Stillking Films, Ozumi Films, Propeler, Silverbell Films, Revolution Sun Studios","Ben Barnes, Georgie Henley, Skandar Keynes",Andrew Adamson,2008,5,87,Hit / Semi-Hit
tt0047396,Rear Window,8.359,5893,37034514,1000000,112,en,27.612,"Thriller, Mystery","Paramount, Patron Inc.","James Stewart, Grace Kelly, Raymond Burr",Alfred Hitchcock,1954,8,3603,All-Time Blockbuster
tt2397535,Predestination,7.442,5889,4942449,5500000,97,en,30.577,"Science Fiction, Thriller","Screen Queensland, Screen Australia, Blacklab Entertainment, Wolfhound Pictures","Ethan Hawke, Sarah Snook, Noah Taylor",Michael & Peter Spierig,2014,8,-10,Flop / Disaster
tt3062096,Inferno,6.1,5888,220021259,75000000,121,en,24.901,"Mystery, Thriller, Action","Columbia Pictures, Imagine Entertainment","Tom Hanks, Felicity Jones, Irrfan Khan",Ron Howard,2016,10,193,Super Hit
tt3235888,It Follows,6.56,5882,14674076,2000000,101,en,35.095,"Horror, Mystery","Two Flints, Northern Lights Films, Animal Kingdom","Maika Monroe, Keir Gilchrist, Jake Weary",David Robert Mitchell,2014,9,634,All-Time Blockbuster
tt1649419,The Impossible,7.363,5880,198087212,45000000,113,en,21.538,"Adventure, Drama, Thriller","Summit Entertainment, Apaches Entertainment, Canal+ Espa√±a, ICAA, IVAC, Mediaset Espa√±a, La Trini, Generalitat Valenciana, Telecinco Cinema, VS Service, Lionsgate","Naomi Watts, Ewan McGregor, Tom Holland",J.A. Bayona,2012,9,340,Blockbuster
tt0878804,The Blind Side,7.692,5868,309208309,29000000,129,en,35.267,Drama,"Warner Bros. Pictures, Alcon Entertainment","Sandra Bullock, Quinton Aaron, Tim McGraw",John Lee Hancock,2009,11,966,All-Time Blockbuster
tt1636826,Project X,6.844,5867,102731865,12000000,88,en,60.327,Comedy,"Silver Pictures, Green Hat Films","Thomas Mann, Oliver Cooper, Jonathan Daniel Brown",Nima Nourizadeh,2012,3,756,All-Time Blockbuster
tt0800320,Clash of the Titans,5.882,5863,493214993,125000000,106,en,36.011,"Adventure, Fantasy, Action","The Zanuck Company, Legendary Pictures, Thunder Road, Moving Picture Company, Warner Bros. Pictures","Sam Worthington, Liam Neeson, Ralph Fiennes",Louis Leterrier,2010,3,295,Blockbuster
tt2406566,Atomic Blonde,6.4,5860,100014025,30000000,115,en,19.968,"Action, Thriller","Focus Features, Denver and Delilah Productions, 87Eleven, Sierra/Affinity, Closed on Mondays Entertainment, TGIM Films, Film i V√§st","Charlize Theron, James McAvoy, Sofia Boutella",David Leitch,2017,7,233,Blockbuster
tt0496806,Ocean's Thirteen,6.72,5859,311312624,85000000,122,en,31.629,"Crime, Thriller","Village Roadshow Pictures, Warner Bros. Pictures, Section Eight, Jerry Weintraub Productions","George Clooney, Brad Pitt, Matt Damon",Steven Soderbergh,2007,6,266,Blockbuster
tt1638355,The Man from U.N.C.L.E.,7.087,5852,108145109,75000000,116,en,25.534,"Comedy, Action, Adventure","Wigram Productions, Davis Entertainment, RatPac Entertainment, Warner Bros. Pictures","Henry Cavill, Armie Hammer, Alicia Vikander",Guy Ritchie,2015,8,44,Average / Below Average
tt0368891,National Treasure,6.605,5850,347512318,100000000,131,en,29.091,"Adventure, Action, Thriller, Mystery","Walt Disney Pictures, Jerry Bruckheimer Films, Saturn Films, Junction Entertainment","Nicolas Cage, Diane Kruger, Justin Bartha",Jon Turteltaub,2004,11,248,Blockbuster
tt1959490,Noah,5.653,5846,362637473,125000000,138,en,28.882,"Drama, Adventure","Disruption Entertainment, Paramount, Regency Enterprises, Protozoa Pictures","Russell Crowe, Jennifer Connelly, Emma Watson",Darren Aronofsky,2014,3,190,Super Hit
tt0119396,Jackie Brown,7.353,5824,39673162,12000000,154,en,22.8,Crime,"Miramax, A Band Apart, Lawrence Bender Productions, Mighty Mighty Afrodite Productions","Pam Grier, Samuel L. Jackson, Robert Forster",Quentin Tarantino,1997,12,231,Blockbuster
tt11866324,Prey,7.762,5821,0,65000000,100,en,154.579,"Thriller, Action, Science Fiction",20th Century Studios,"Amber Midthunder, Dakota Beavers, Dane DiLiegro",Dan Trachtenberg,2022,8,-100,Flop / Disaster
tt0087363,Gremlins,7.09,5819,153083102,11000000,106,en,28.718,"Fantasy, Horror, Comedy","Amblin Entertainment, Warner Bros. Pictures","Zach Galligan, Phoebe Cates, Hoyt Axton",Joe Dante,1984,6,1292,All-Time Blockbuster
tt2386490,How to Train Your Dragon: The Hidden World,7.761,5817,524580592,129000000,104,en,61.84,"Animation, Family, Adventure","DreamWorks Animation, Mad Hatter Entertainment","Jay Baruchel, America Ferrera, F. Murray Abraham",Dean DeBlois,2019,1,307,Blockbuster
tt0095953,Rain Man,7.756,5814,354825435,25000000,134,en,21.798,Drama,"United Artists, Star Partners II Ltd.","Dustin Hoffman, Tom Cruise, Valeria Golino",Barry Levinson,1988,12,1319,All-Time Blockbuster
tt0055254,One Hundred and One Dalmatians,7.162,5812,85000000,4000000,82,en,38.721,"Adventure, Animation, Comedy, Family",Walt Disney Productions,"Rod Taylor, J. Pat O'Malley, Betty Lou Gerson",Wolfgang Reitherman,1961,1,2025,All-Time Blockbuster
tt0061852,The Jungle Book,7.276,5809,205843612,4000000,78,en,55.91,"Family, Animation, Adventure",Walt Disney Productions,"Phil Harris, Sebastian Cabot, Louis Prima",Wolfgang Reitherman,1967,10,5046,All-Time Blockbuster
tt0120804,Resident Evil,6.61,5803,102984862,33000000,100,en,22.662,"Horror, Action, Science Fiction","Impact Pictures, Davis Films, New Legacy Film, Constantin Film, FFA, Filmboard Berlin-Brandenburg (FBB), FFF Bayern","Milla Jovovich, Michelle Rodriguez, Eric Mabius",Paul W.S. Anderson,2002,3,212,Blockbuster
tt1650554,Kick-Ass 2,6.396,5791,60700000,28000000,103,en,24.476,"Action, Adventure, Crime","Marv Films, Universal Pictures, dentsu, Plan B Entertainment","Aaron Taylor-Johnson, ChloÎ Grace Moretz, Jim Carrey",Jeff Wadlow,2013,7,117,Super Hit
tt0119177,Gattaca,7.548,5786,12532777,36000000,106,en,25.598,"Thriller, Science Fiction, Mystery, Romance","Jersey Films, Columbia Pictures","Ethan Hawke, Uma Thurman, Jude Law",Andrew Niccol,1997,9,-65,Flop / Disaster
tt1588173,Warm Bodies,6.44,5761,116980662,35000000,97,en,21.946,"Horror, Comedy, Romance","Summit Entertainment, Mandeville Films, Lionsgate","Nicholas Hoult, Teresa Palmer, Rob Corddry",Jonathan Levine,2013,1,234,Blockbuster
tt0112442,Bad Boys,6.785,5758,141407024,19000000,119,en,28.92,"Action, Comedy, Crime, Thriller","Columbia Pictures, Don Simpson/Jerry Bruckheimer Films","Will Smith, Martin Lawrence, TÈa Leoni",Michael Bay,1995,4,644,All-Time Blockbuster
tt5164432,"Love, Simon",8.041,5748,66316289,17000000,110,en,19.843,"Comedy, Drama, Romance","Temple Hill Entertainment, Fox 2000 Pictures, New Leaf Literary & Media, 20th Century Fox, Twisted Media","Nick Robinson, Jennifer Garner, Josh Duhamel",Greg Berlanti,2018,2,290,Blockbuster
tt3322940,Annabelle,5.8,5742,257047661,6500000,99,en,44.87,Horror,"Atomic Monster, New Line Cinema, The Safran Company, Evergreen Media Group, RatPac Entertainment, Warner Bros. Pictures","Annabelle Wallis, Ward Horton, Alfre Woodard",John R. Leonetti,2014,10,3855,All-Time Blockbuster
tt1959563,The Hitman's Bodyguard,6.891,5732,176586701,30000000,118,en,28.214,"Action, Comedy","Campbell Grobman Films, East Light Media, Nu Boyana Film Studios, Tom de Mol Productions, Summit Entertainment, Millennium Media, Davis Films, Cristal Pictures","Ryan Reynolds, Samuel L. Jackson, Salma Hayek",Patrick Hughes,2017,8,489,All-Time Blockbuster
tt3371366,Transformers: The Last Knight,6.059,5727,605425157,217000000,154,en,44.968,"Action, Adventure, Science Fiction","Paramount, di Bonaventura Pictures, Ian Bryce Productions, Tom DeSanto/Don Murphy Production","Mark Wahlberg, Anthony Hopkins, Josh Duhamel",Michael Bay,2017,6,179,Super Hit
tt5308322,Happy Death Day,6.638,5721,125479266,4800000,97,en,17.251,"Horror, Mystery, Comedy","Vesuvius Productions, Blumhouse Productions, Digital Riot Media","Jessica Rothe, Israel Broussard, Ruby Modine",Christopher Landon,2017,10,2514,All-Time Blockbuster
tt0212720,A.I. Artificial Intelligence,7.041,5719,235926552,100000000,146,en,26.617,"Drama, Science Fiction, Adventure","Amblin Entertainment, Stanley Kubrick Productions, DreamWorks Pictures, Warner Bros. Pictures","Joel Osment, Jude Law, Frances O'Connor",Steven Spielberg Haley,2001,6,136,Super Hit
tt0298130,The Ring,6.651,5706,249348933,48000000,115,en,25.195,"Horror, Mystery","BenderSpink, Parkes+MacDonald Image Nation, DreamWorks Pictures, TOHO","Naomi Watts, Martin Henderson, Brian Cox",Gore Verbinski,2002,10,419,All-Time Blockbuster
tt0146316,Lara Croft: Tomb Raider,5.879,5705,274703340,115000000,100,en,32.121,"Adventure, Fantasy, Action, Thriller","Paramount, Mutual Film Company, Lawrence Gordon Productions, Marubeni, Eidos Interactive, BBC Film, KFP Produktions, Tele M√ºnchen Fernseh Produktionsgesellschaft (TMG), TOHO-TOWA, H2L Media Group","Angelina Jolie, Jon Voight, Iain Glen",Simon West,2001,6,139,Super Hit
tt3281548,Little Women,7.895,5700,216601214,40000000,135,en,25.76,"Drama, Romance","Columbia Pictures, Pascal Pictures, Regency Enterprises, Sony Pictures","Saoirse Ronan, Emma Watson, Florence Pugh",Greta Gerwig,2019,12,442,All-Time Blockbuster
tt4777008,Maleficent: Mistress of Evil,7.323,5698,491730089,185000000,119,en,40.547,"Family, Fantasy, Adventure, Action","Walt Disney Pictures, Roth Films","Angelina Jolie, Elle Fanning, Harris Dickinson",Joachim R¯nning,2019,10,166,Super Hit
tt0320691,Underworld,6.807,5696,95708457,22000000,122,en,31.889,"Fantasy, Action, Thriller","Screen Gems, Lakeshore Entertainment, Laurinfilm, Subterranean Productions LLC, Subterranean Productions UK Ltd., Underworld Produktions GmbH","Kate Beckinsale, Scott Speedman, Michael Sheen",Len Wiseman,2003,9,335,Blockbuster
tt8332922,A Quiet Place Part II,7.511,5691,297400000,61000000,97,en,46.269,"Science Fiction, Thriller, Horror","Paramount, Platinum Dunes, Sunday Night, Buffalo FilmWorks","Emily Blunt, Cillian Murphy, Millicent Simmonds",John Krasinski,2021,5,388,Blockbuster
tt1536537,What Happened to Monday,7.17,5687,27975429,20000000,123,en,39.927,"Science Fiction, Thriller, Drama, Mystery, Action","Nexus Factory, Vend√¥me Pictures, Raffaella Productions, SND, Title Media, uMedia, uFund","Noomi Rapace, Glenn Close, Willem Dafoe",Tommy Wirkola,2017,8,40,Average / Below Average
tt7146812,Onward,7.726,5687,141940042,200000000,103,en,25.372,"Family, Animation, Adventure, Comedy, Fantasy","Walt Disney Pictures, Pixar","Tom Holland, Chris Pratt, Julia Louis-Dreyfus",Dan Scanlon,2020,2,-29,Flop / Disaster
tt0338348,The Polar Express,6.707,5682,310634054,165000000,100,en,45.535,"Animation, Adventure, Family, Fantasy","Golden Mean, Playtone, ImageMovers, Castle Rock Entertainment, Shangri-La Entertainment","Tom Hanks, Chris Coppola, Michael Jeter",Robert Zemeckis,2004,11,88,Hit / Semi-Hit
tt0829150,Dracula Untold,6.401,5680,217124280,70000000,92,en,21.951,"Horror, Action, Fantasy","Universal Pictures, Legendary Pictures, Michael De Luca Productions, dentsu","Luke Evans, Dominic Cooper, Sarah Gadon",Gary Shore,2014,10,210,Blockbuster
tt0092890,Dirty Dancing,7.345,5679,214577242,6000000,100,en,29.153,"Drama, Music, Romance","Great American Films Limited Partnership, Vestron Pictures","Patrick Swayze, Jennifer Grey, Jerry Orbach",Emile Ardolino,1987,8,3476,All-Time Blockbuster
tt0083944,First Blood,7.5,5675,125212904,15000000,93,en,41.721,"Action, Adventure, Thriller, War","Carolco Pictures, Anabasis N.V., Elcajo Productions, Cinema 84","Sylvester Stallone, Brian Dennehy, Richard Crenna",Ted Kotcheff,1982,10,735,All-Time Blockbuster
tt1628841,Independence Day: Resurgence,5.283,5674,389681935,165000000,120,en,31.224,"Action, Adventure, Science Fiction","20th Century Fox, TSG Entertainment, Centropolis Entertainment, Stereo D","Liam Hemsworth, Jeff Goldblum, Jessie T. Usher",Roland Emmerich,2016,6,136,Super Hit
tt3079380,Spy,6.832,5666,235666219,65000000,120,en,25.334,"Action, Comedy, Crime","Chernin Entertainment, Feigco Entertainment, TSG Entertainment","Melissa McCarthy, Rose Byrne, Jude Law",Paul Feig,2015,5,263,Blockbuster
tt0275847,Lilo & Stitch,7.516,5665,273144151,80000000,85,en,44.02,"Animation, Family","Walt Disney Pictures, Walt Disney Feature Animation","Daveigh Chase, Chris Sanders, Tia Carrere",Chris Sanders & Dean DeBlois,2002,6,241,Blockbuster
tt0166924,Mulholland Drive,7.827,5664,20271129,15000000,147,en,29.859,"Thriller, Drama, Mystery","Asymmetrical Productions, Les Films Alain Sarde, Babbo Inc., The Picture Factory, Canal+, StudioCanal","Naomi Watts, Laura Harring, Justin Theroux",David Lynch,2001,6,35,Average / Below Average
tt1598778,Contagion,6.636,5663,137551594,60000000,106,en,22.541,"Drama, Thriller, Science Fiction","Participant, Imagenation Abu Dhabi FZ, Double Feature Films, Regency Enterprises, Warner Bros. Pictures","Matt Damon, Kate Winslet, Jude Law",Steven Soderbergh,2011,9,129,Super Hit
tt1277953,Madagascar 3: Europe's Most Wanted,6.606,5658,746921274,145000000,93,en,38.66,"Animation, Family, Comedy, Adventure","DreamWorks Animation, Paramount, Pacific Data Images","Ben Stiller, Chris Rock, Jada Pinkett Smith",Eric Darnell & Tom McGrath,2012,6,415,All-Time Blockbuster
tt1502712,Fantastic Four,4.414,5648,167977596,120000000,100,en,35.837,"Action, Adventure, Science Fiction","Moving Picture Company, Marvel Entertainment, TSG Entertainment, Marv Films, Genre Films, 20th Century Fox, Constantin Film","Miles Teller, Kate Mara, Michael B. Jordan",Josh Trank,2015,8,40,Average / Below Average
tt4701182,Bumblebee,6.73,5639,467989645,135000000,113,en,30.511,"Action, Adventure, Science Fiction","Paramount, Allspark Pictures, Bay Films, di Bonaventura Pictures, Tom DeSanto/Don Murphy Production","Hailee Steinfeld, John Cena, Jorge Lendeborg Jr.",Travis Knight,2018,12,247,Blockbuster
tt1037705,The Book of Eli,6.781,5636,157107755,80000000,118,en,36.812,"Action, Thriller, Science Fiction","Alcon Entertainment, Silver Pictures","Denzel Washington, Mila Kunis, Gary Oldman",The Hughes Brothers,2010,1,96,Hit / Semi-Hit
tt2140479,The Accountant,7.062,5635,155160045,44000000,128,en,22.664,"Crime, Thriller, Drama","Zero Gravity Management, Electric City Entertainment, RatPac Entertainment, Warner Bros. Pictures","Ben Affleck, Anna Kendrick, J.K. Simmons",Gavin O'Connor,2016,10,253,Blockbuster
tt0107614,Mrs. Doubtfire,7.186,5633,441286195,25000000,125,en,23.964,"Comedy, Drama, Family","20th Century Fox, Blue Wolf Productions","Robin Williams, Sally Field, Pierce Brosnan",Chris Columbus,1993,11,1665,All-Time Blockbuster
tt0099674,The Godfather Part III,7.422,5627,136766062,54000000,162,en,73.018,"Crime, Drama, Thriller","Paramount, American Zoetrope","Al Pacino, Diane Keaton, Andy Garcia",Francis Ford Coppola,1990,12,153,Super Hit
tt0109686,Dumb and Dumber,6.606,5615,247275374,16000000,107,en,34.591,Comedy,"New Line Cinema, Motion Picture Corporation of America","Jim Carrey, Jeff Daniels, Lauren Holly",Peter Farrelly & Bobby Farrelly,1994,12,1445,All-Time Blockbuster
tt0117705,Space Jam,6.835,5608,250200000,80000000,88,en,27.025,"Family, Animation, Comedy, Science Fiction","Warner Bros. Pictures, Northern Lights Entertainment, Courtside Seats Productions, Warner Bros. Animation","Michael Jordan, Wayne Knight, Theresa Randle",Joe Pytka,1996,11,213,Blockbuster
tt0112864,Die Hard: With a Vengeance,7.253,5604,366101666,90000000,128,en,42.511,"Action, Thriller","Cinergi Pictures Entertainment, 20th Century Fox","Bruce Willis, Samuel L. Jackson, Jeremy Irons",John McTiernan,1995,5,307,Blockbuster
tt2321549,The Babadook,6.52,5604,10312540,2000000,94,en,20.417,"Drama, Horror","Screen Australia, Smoking Gun Productions, Causeway Films, South Australian Film Corporation, Entertainment One","Essie Davis, Noah Wiseman, Daniel Henshall",Jennifer Kent,2014,5,416,All-Time Blockbuster
tt0111257,Speed,7.12,5603,350448145,30000000,116,en,34.369,"Action, Adventure, Crime","20th Century Fox, The Mark Gordon Company","Keanu Reeves, Sandra Bullock, Dennis Hopper",Jan de Bont,1994,6,1068,All-Time Blockbuster
tt2873282,Red Sparrow,6.533,5596,151572634,69000000,140,en,24.57,"Thriller, Mystery","Chernin Entertainment, 20th Century Fox, TSG Entertainment, Film Rights","Jennifer Lawrence, Joel Edgerton, Matthias Schoenaerts",Francis Lawrence,2018,2,120,Super Hit
tt0942385,Tropic Thunder,6.635,5591,195702811,92000000,107,en,23.108,"Action, Comedy, Adventure, War","Internationale Filmproduktion Stella-del-Sud Second, DreamWorks Pictures, Red Hour, Goldcrest","Ben Stiller, Robert Downey Jr., Jack Black",Ben Stiller,2008,8,113,Super Hit
tt0397892,Bolt,6.5,5582,309979994,150000000,98,en,40.236,"Animation, Family, Adventure, Comedy","Walt Disney Animation Studios, Walt Disney Pictures","John Travolta, Miley Cyrus, Susie Essman",Byron Howard & Chris Williams,2008,11,107,Super Hit
tt3464902,The Lobster,7.034,5580,15656193,4000000,118,en,19.716,"Comedy, Drama, Romance","Scarlet Films, Haut et Court, Eurimages, Lemming Film, Element Pictures, Nederlands Fonds voor de Film, Greek Film Centre, Faliro House Productions, Limp Films, Film4 Productions, Protagonist Pictures","Colin Farrell, Rachel Weisz, Olivia Colman",Yorgos Lanthimos,2015,10,291,Blockbuster
tt1375670,Grown Ups,6.359,5577,271430189,80000000,102,en,46.895,Comedy,"Columbia Pictures, Relativity Media, Sony Pictures, Happy Madison Productions","Adam Sandler, Kevin James, Chris Rock",Dennis Dugan,2010,6,239,Blockbuster
tt1907668,Flight,6.818,5572,161772375,31000000,138,en,33.128,Drama,"Paramount, ImageMovers, Parkes-MacDonald Productions","Denzel Washington, Kelly Reilly, Don Cheadle",Robert Zemeckis,2012,11,422,All-Time Blockbuster
tt0125439,Notting Hill,7.259,5558,363889678,42000000,124,en,30.288,"Romance, Comedy","Notting Hill Pictures, Bookshop Productions, PolyGram Filmed Entertainment, Working Title Films, Universal Pictures","Julia Roberts, Hugh Grant, Rhys Ifans",Roger Michell,1999,5,766,All-Time Blockbuster
tt0120663,Eyes Wide Shut,7.474,5552,162100000,65000000,159,en,51.808,"Drama, Thriller, Mystery","Stanley Kubrick Productions, Hobby Films, Warner Bros. Pictures, Pole Star","Tom Cruise, Nicole Kidman, Sydney Pollack",Stanley Kubrick,1999,7,149,Super Hit
tt1155076,The Karate Kid,6.527,5545,359126022,40000000,140,en,49.169,"Action, Adventure, Drama, Family","Jerry Weintraub Productions, Columbia Pictures, China Film Group, Overbrook Entertainment, Sony Pictures, Zwart Arbeid","Jaden Smith, Jackie Chan, Taraji P. Henson",Harald Zwart,2010,6,798,All-Time Blockbuster
tt2404435,The Magnificent Seven,6.418,5545,162360636,90000000,132,en,33.557,"Adventure, Action, Western","Escape Artists, Columbia Pictures, Village Roadshow Pictures, LStar Capital, Pin High Productions, Metro-Goldwyn-Mayer","Denzel Washington, Chris Pratt, Ethan Hawke",Antoine Fuqua,2016,9,80,Hit / Semi-Hit
tt7846844,Enola Holmes,7.3,5541,0,21000000,123,en,22.028,"Adventure, Mystery, Comedy, Crime","PCMA Productions, Legendary Pictures","Bobby Brown, Henry Cavill, Sam Claflin",Harry Bradbeer Millie,2020,9,-100,Flop / Disaster
tt1210819,The Lone Ranger,6.089,5528,260502115,215000000,149,en,25.875,"Action, Adventure, Western","Walt Disney Pictures, Jerry Bruckheimer Films, Blind Wink Productions, Infinitum Nihil","Johnny Depp, Armie Hammer, William Fichtner",Gore Verbinski,2013,7,21,Average / Below Average
tt8936646,Extraction,7.356,5516,0,65000000,116,en,46.071,"Action, Thriller","AGBO, Thematic Entertainment, TGIM Films","Chris Hemsworth, Rudhraksh Jaiswal, Randeep Hooda",Sam Hargrave,2020,4,-100,Flop / Disaster
tt0212338,Meet the Parents,6.672,5512,330444045,55000000,108,en,21.88,"Comedy, Romance","Tribeca Productions, Universal Pictures, Nancy Tenenbaum Films, DreamWorks Pictures","Ben Stiller, Robert De Niro, Teri Polo",Jay Roach,2000,10,501,All-Time Blockbuster
tt0485947,Mr. Nobody,7.832,5512,2331721,47000000,141,en,21.974,"Science Fiction, Drama, Romance, Fantasy","Pan Europ√©enne Production, Virtual Films, Wild Bunch","Jared Leto, Sarah Polley, Diane Kruger",Jaco Van Dormael,2009,11,-95,Flop / Disaster
tt0810819,The Danish Girl,7.605,5503,64191523,15000000,119,en,15.865,Drama,"Pretty Pictures, Working Title Films, Art√©mis Productions, Shelter Productions, Senator Global Productions, ReVision Pictures","Eddie Redmayne, Alicia Vikander, Ben Whishaw",Tom Hooper,2015,11,328,Blockbuster
tt2382320,No Time to Die,7.402,5502,774153007,250000000,163,en,51.295,"Action, Thriller, Romance","Eon Productions, Metro-Goldwyn-Mayer, Universal Pictures","Daniel Craig, LÈa Seydoux, Rami Malek",Cary Joji Fukunaga,2021,9,210,Blockbuster
tt2692250,Night at the Museum: Secret of the Tomb,6.2,5495,363204635,127000000,98,en,38.749,"Adventure, Comedy, Fantasy, Family","Moving Picture Company, 21 Laps Entertainment, 1492 Pictures, TSG Entertainment","Ben Stiller, Robin Williams, Owen Wilson",Shawn Levy,2014,12,186,Super Hit
tt3741700,Godzilla: King of the Monsters,6.674,5479,386600138,170000000,132,en,53.983,"Science Fiction, Action","Legendary Pictures, Huahua Media, TOHO","Kyle Chandler, Vera Farmiga, Millie Bobby Brown",Michael Dougherty,2019,5,127,Super Hit
tt2304933,The 5th Wave,5.946,5479,109906372,38000000,112,en,26.968,"Science Fiction, Adventure, Action","LStar Capital, Columbia Pictures, GK Films, Material Pictures","Grace Moretz, Nick Robinson, Ron Livingston",J Blakeson ChloÎ,2016,1,189,Super Hit
tt0259324,Ghost Rider,5.547,5477,228738393,110000000,114,en,39.494,"Thriller, Action, Fantasy","Crystal Sky Pictures, Relativity Media, Michael De Luca Productions, GH One, Vengeance Productions Pty. Ltd., Columbia Pictures, Marvel Studios","Nicolas Cage, Eva Mendes, Wes Bentley",Mark Steven Johnson,2007,1,108,Super Hit
tt9114286,Black Panther: Wakanda Forever,7.193,5475,859102154,250000000,162,en,131.897,"Action, Adventure, Science Fiction",Marvel Studios,"Letitia Wright, Lupita Nyongío, Danai Gurira",Ryan Coogler,2022,11,244,Blockbuster
tt1489889,Central Intelligence,6.41,5473,216972543,50000000,107,en,25.567,"Action, Comedy, Crime, Mystery","Warner Bros. Pictures, New Line Cinema, Universal Pictures, Bluegrass Films, RatPac Entertainment, Perfect World Pictures, Artists First, Principato-Young Entertainment","Dwayne Johnson, Kevin Hart, Amy Ryan",Rawson Marshall Thurber,2016,6,334,Blockbuster
tt6443346,Black Adam,7.014,5467,393252111,200000000,124,en,104.759,"Action, Adventure, Science Fiction","New Line Cinema, Flynn Picture Company, DC Films, Seven Bucks Productions","Dwayne Johnson, Aldis Hodge, Pierce Brosnan",Jaume Collet-Serra,2022,10,97,Hit / Semi-Hit
tt0120611,Blade,6.762,5466,131183530,45000000,121,en,37.081,"Horror, Action","New Line Cinema, Amen Ra Films, Imaginary Forces","Wesley Snipes, Stephen Dorff, Kris Kristofferson",Stephen Norrington,1998,8,192,Super Hit
tt0408236,Sweeney Todd: The Demon Barber of Fleet Street,7.2,5466,152000000,50000000,116,en,31.416,"Drama, Horror","Tim Burton Productions, Parkes+MacDonald Image Nation, DreamWorks Pictures, Warner Bros. Pictures, The Zanuck Company","Johnny Depp, Helena Bonham Carter, Alan Rickman",Tim Burton,2007,12,204,Blockbuster
tt0844471,Cloudy with a Chance of Meatballs,6.6,5461,242988466,100000000,90,en,33.074,"Animation, Comedy, Family","Sony Pictures Animation, Columbia Pictures","Bill Hader, Anna Faris, James Caan",Phil Lord & Christopher Miller,2009,9,143,Super Hit
tt0043274,Alice in Wonderland,7.185,5459,57200000,3000000,75,en,54.201,"Animation, Family, Fantasy, Adventure",Walt Disney Productions,"Kathryn Beaumont, Ed Wynn, Richard Haydn","Clyde Geronimi, Wilfred Jackson, Hamilton Luske",1951,7,1807,All-Time Blockbuster
tt0032910,Pinocchio,7.102,5440,84300000,2600000,88,en,34.383,"Animation, Family",Walt Disney Productions,"Dickie Jones, Christian Rub, Cliff Edwards","Ben Sharpsteen, Hamilton Luske",1940,2,3142,All-Time Blockbuster
tt1748122,Moonrise Kingdom,7.69,5434,68263166,16000000,94,en,19.062,"Comedy, Drama, Romance","Focus Features, Scott Rudin Productions, Indian Paintbrush, American Empirical Pictures","Jared Gilman, Kara Hayward, Bruce Willis",Wes Anderson,2012,5,327,Blockbuster
tt1731141,Ender's Game,6.59,5432,125537191,110000000,114,en,25.865,"Science Fiction, Action, Adventure","Digital Domain, Chartoff Productions, Taleswapper, K/O Paper Products, OddLot Entertainment","Asa Butterfield, Harrison Ford, Hailee Steinfeld",Gavin Hood,2013,10,14,Average / Below Average
tt0118971,The Devil's Advocate,7.451,5429,152944660,57000000,144,en,28.22,"Drama, Mystery, Thriller, Horror","Monarchy Enterprises B.V., Regency Enterprises, Kopelson Entertainment, New Regency Pictures, Taurus Film, Warner Bros. Pictures","Keanu Reeves, Al Pacino, Charlize Theron",Taylor Hackford,1997,10,168,Super Hit
tt3631112,The Girl on the Train,6.434,5427,173185859,45000000,112,en,15.235,"Thriller, Mystery, Drama, Crime","Reliance Entertainment, DreamWorks Pictures, Marc Platt Productions, Amblin Partners","Emily Blunt, Haley Bennett, Rebecca Ferguson",Tate Taylor,2016,10,285,Blockbuster
tt0293429,Mortal Kombat,7.081,5427,84426031,20000000,110,en,49.774,"Action, Fantasy, Adventure","Atomic Monster, Broken Road Productions, New Line Cinema","Lewis Tan, Jessica McNamee, Josh Lawson",Simon McQuoid,2021,4,322,Blockbuster
tt0338526,Van Helsing,6.324,5410,300257475,160000000,132,en,45.54,"Horror, Adventure, Action","Universal Pictures, Sommers Company, The, Stillking Films","Hugh Jackman, Kate Beckinsale, Richard Roxburgh",Stephen Sommers,2004,5,88,Hit / Semi-Hit
tt7069210,The Conjuring: The Devil Made Me Do It,7.491,5407,206431050,39000000,111,en,152.616,"Horror, Mystery, Thriller","New Line Cinema, The Safran Company, Atomic Monster","Patrick Wilson, Vera Farmiga, Ruairi OíConnor",Michael Chaves,2021,5,429,All-Time Blockbuster
tt0116367,From Dusk Till Dawn,7,5407,25836616,19000000,108,en,29.005,"Horror, Action, Thriller, Crime","Los Hooligans Productions, A Band Apart, Dimension Films, Miramax","George Clooney, Quentin Tarantino, Harvey Keitel",Robert Rodriguez,1996,1,36,Average / Below Average
tt5580036,"I, Tonya",7.501,5405,53939297,11000000,120,en,16.904,"Drama, Comedy","LuckyChap Entertainment, Clubhouse Pictures","Margot Robbie, Sebastian Stan, Allison Janney",Craig Gillespie,2017,12,390,Blockbuster
tt1645170,The Dictator,6.173,5401,179379533,65000000,83,en,31.301,Comedy,"Four By Two Productions, Paramount","Baron Cohen, Anna Faris, Ben Kingsley",Larry Charles Sacha,2012,5,176,Super Hit
tt4034228,Manchester by the Sea,7.5,5396,78988148,9000000,138,en,22.316,Drama,"Pearl Street Films, K Period Media, B Story, The Affleck/Middleton Project, The Media Farm, Amazon Studios, Big Indie Pictures, CMP Entertainment, OddLot Entertainment","Casey Affleck, Michelle Williams, Kyle Chandler",Kenneth Lonergan,2016,11,778,All-Time Blockbuster
tt0286716,Hulk,5.5,5392,245360480,137000000,138,en,39.705,"Science Fiction, Adventure, Action","Marvel Enterprises, Universal Pictures, Good Machine, Valhalla Motion Pictures","Eric Bana, Jennifer Connelly, Sam Elliott",Ang Lee,2003,6,79,Hit / Semi-Hit
tt2704998,Game Night,6.85,5372,117501013,37000000,100,en,18.92,"Mystery, Comedy, Crime","New Line Cinema, Aggregate Films, Davis Entertainment, Access Entertainment, Dune Entertainment","Francis Daley, Jonathan Goldstein Jason Bateman, Rachel McAdams, Kyle Chandler",John,2018,2,218,Blockbuster
tt2788710,The Interview,6.185,5370,12342632,44000000,113,en,54.384,"Action, Comedy","Point Grey Pictures, Columbia Pictures","James Franco, Seth Rogen, Lizzy Caplan","Seth Rogen, Evan Goldberg",2014,12,-72,Flop / Disaster
tt0386588,Hitch,6.551,5367,371600000,70000000,118,en,23.127,"Comedy, Drama, Romance","Columbia Pictures, Overbrook Entertainment, Sony Pictures","Will Smith, Eva Mendes, Kevin James",Andy Tennant,2005,2,431,All-Time Blockbuster
tt0337978,Live Free or Die Hard,6.606,5365,383531464,110000000,128,en,33.523,"Action, Thriller","Dune Entertainment, Cheyenne Enterprises, Wintergreen Productions, 20th Century Fox, Ingenious Media","Bruce Willis, Justin Long, Timothy Olyphant",Len Wiseman,2007,6,249,Blockbuster
tt4196776,Jason Bourne,6.329,5362,415484914,120000000,123,en,28.778,"Action, Thriller, Mystery, Drama","The Kennedy/Marshall Company, Captivate Entertainment, Pearl Street Films, Perfect World Pictures","Matt Damon, Tommy Lee Jones, Alicia Vikander",Paul Greengrass,2016,7,246,Blockbuster
tt2446042,Taken 3,6.234,5360,325771424,48000000,109,en,86.527,"Thriller, Action","EuropaCorp, Grive Productions, M6, TSG Entertainment, 20th Century Fox, Fox International Productions, Canal+, Cin√©+","Liam Neeson, Forest Whitaker, Maggie Grace",Olivier Megaton,2014,12,579,All-Time Blockbuster
tt0139654,Training Day,7.485,5360,104876233,45000000,122,en,30.21,"Action, Crime, Drama","WV Films II, Village Roadshow Pictures, NPV Entertainment, Outlaw Productions, Warner Bros. Pictures","Denzel Washington, Ethan Hawke, Scott Glenn",Antoine Fuqua,2001,10,133,Super Hit
tt2510894,Hotel Transylvania 2,6.8,5338,473226958,80000000,89,en,36.252,"Animation, Comedy, Family, Fantasy","Columbia Pictures, Sony Pictures Animation","Adam Sandler, Selena Gomez, Andy Samberg",Genndy Tartakovsky,2015,9,492,All-Time Blockbuster
tt0110148,Interview with the Vampire,7.38,5338,223664608,60000000,123,en,39.342,"Horror, Drama, Fantasy",Geffen Pictures,"Tom Cruise, Brad Pitt, Kirsten Dunst",Neil Jordan,1994,11,273,Blockbuster
tt1194173,The Bourne Legacy,6.216,5337,276572938,130000000,135,en,32.088,"Action, Thriller","Universal Pictures, Relativity Media, Captivate Entertainment, dentsu, The Kennedy/Marshall Company","Jeremy Renner, Rachel Weisz, Edward Norton",Tony Gilroy,2012,8,113,Super Hit
tt0489099,Jumper,6.142,5337,222231186,85000000,88,en,26.527,"Action, Adventure, Science Fiction","Dune Entertainment, Hypnotic, New Regency Pictures","Hayden Christensen, Jamie Bell, Rachel Bilson",Doug Liman,2008,2,161,Super Hit
tt1972591,King Arthur: Legend of the Sword,6.536,5333,148675066,175000000,126,en,33.349,"Action, Drama, Fantasy","Village Roadshow Pictures, Weed Road Pictures, Wigram Productions, Safehouse Pictures, Warner Bros. Pictures","Charlie Hunnam, Jude Law, Astrid BergËs-Frisbey",Guy Ritchie,2017,5,-15,Flop / Disaster
tt2267968,Kung Fu Panda 3,6.878,5327,521170825,145000000,95,en,45.002,"Action, Adventure, Animation, Comedy, Family","Pearl Studio, DreamWorks Animation, China Film Group Corporation, 20th Century Fox","Jack Black, Bryan Cranston, Dustin Hoffman",Jennifer Yuh Nelson,2016,1,259,Blockbuster
tt0092005,Stand by Me,7.856,5317,52287414,8000000,89,en,28.659,"Crime, Drama","Columbia Pictures, Act III Productions","Wil Wheaton, River Phoenix, Corey Feldman",Rob Reiner,1986,8,554,All-Time Blockbuster
tt0109040,Ace Ventura: Pet Detective,6.544,5315,107217396,15000000,86,en,28.829,"Comedy, Adventure","Morgan Creek, Warner Bros. Pictures","Jim Carrey, Courteney Cox, Sean Young",Tom Shadyac,1994,2,615,All-Time Blockbuster
tt0114148,Pocahontas,6.926,5306,346079773,55000000,81,en,37.713,"Adventure, Animation, Family, Romance","Walt Disney Pictures, Walt Disney Feature Animation","Mel Gibson, Irene Bedard, David Ogden Stiers","Mike Gabriel, Eric Goldberg",1995,6,529,All-Time Blockbuster
tt1092026,Paul,6.708,5300,97984015,40000000,104,en,22.43,"Adventure, Comedy, Science Fiction","Universal Pictures, Relativity Media, Working Title Films, Big Talk Productions","Simon Pegg, Nick Frost, Seth Rogen",Greg Mottola,2011,2,145,Super Hit
tt0454848,Inside Man,7.399,5297,186003591,45000000,129,en,24.586,"Crime, Drama, Thriller","40 Acres and a Mule Filmworks, Imagine Entertainment, Universal Pictures","Denzel Washington, Clive Owen, Jodie Foster",Spike Lee,2006,3,313,Blockbuster
tt5519340,Bright,6.156,5296,0,90000000,117,en,18.138,"Fantasy, Action, Thriller","Clubhouse Pictures, Overbrook Entertainment","Will Smith, Joel Edgerton, Noomi Rapace",David Ayer,2017,12,-100,Flop / Disaster
tt1051906,The Invisible Man,7.129,5282,144492724,7000000,124,en,22.738,"Thriller, Science Fiction, Horror","Blumhouse Productions, Universal Pictures, Goalpost Pictures, Nervous Tick, Screen Australia","Elisabeth Moss, Oliver Jackson-Cohen, Aldis Hodge",Leigh Whannell,2020,2,1964,All-Time Blockbuster
tt0071853,Monty Python and the Holy Grail,7.797,5280,1940906,400000,91,en,28.015,"Adventure, Comedy, Fantasy","Python (Monty) Pictures Limited, Michael White Productions, National Film Trustee Company","Graham Chapman, John Cleese, Eric Idle","Terry Gilliam, Terry Jones",1975,5,385,Blockbuster
tt0099423,Die Hard 2,6.923,5275,240031094,70000000,124,en,35.157,"Action, Thriller","Gordon Company, Silver Pictures, 20th Century Fox","Bruce Willis, William Sadler, Bonnie Bedelia",Renny Harlin,1990,7,243,Blockbuster
tt1564367,Just Go with It,6.673,5270,214945591,80000000,117,en,43.196,"Comedy, Romance","Columbia Pictures, Happy Madison Productions","Adam Sandler, Jennifer Aniston, Nicole Kidman",Dennis Dugan,2011,2,169,Super Hit
tt3606752,Cars 3,6.853,5263,383925276,175000000,102,en,62.961,"Animation, Adventure, Comedy, Family",Pixar,"Owen Wilson, Cristela Alonzo, Armie Hammer",Brian Fee,2017,6,119,Super Hit
tt5140878,Annabelle: Creation,6.6,5258,306515884,15000000,110,en,53.098,"Horror, Mystery, Thriller","Atomic Monster, New Line Cinema, The Safran Company, Warner Bros. Pictures","Stephanie Sigman, Talitha Bateman, Lulu Wilson",David F. Sandberg,2017,8,1943,All-Time Blockbuster
tt0089218,The Goonies,7.52,5254,61389680,19000000,114,en,37.406,"Adventure, Comedy, Family","Amblin Entertainment, Warner Bros. Pictures","Sean Astin, Josh Brolin, Corey Feldman",Richard Donner,1985,6,223,Blockbuster
tt6472976,Five Feet Apart,8.287,5254,92600000,7000000,116,en,29.178,"Romance, Drama","Wayfarer Entertainment, CBS Films","Lu Richardson, Cole Sprouse, MoisÈs Arias",Justin Baldoni Haley,2019,3,1223,All-Time Blockbuster
tt0052357,Vertigo,8.18,5251,7797728,2479000,128,en,28.086,"Mystery, Romance, Thriller","Paramount, Alfred J. Hitchcock Productions","James Stewart, Kim Novak, Barbara Bel Geddes",Alfred Hitchcock,1958,5,215,Blockbuster
tt0100802,Total Recall,7.284,5243,261317921,65000000,113,en,25.031,"Action, Adventure, Science Fiction","Carolco Pictures, TriStar Pictures, Ronald Shusett/Gary Goldman","Arnold Schwarzenegger, Sharon Stone, Michael Ironside",Paul Verhoeven,1990,6,302,Blockbuster
tt0112641,Casino,8.004,5240,116112375,50000000,179,en,29.212,"Crime, Drama","Universal Pictures, Syalis DA, De Fina-Cappa, L√©gende Films","De Niro, Sharon Stone, Joe Pesci",Martin Scorsese Robert,1995,11,132,Super Hit
tt1182345,Moon,7.57,5238,9760104,5000000,97,en,20.346,"Science Fiction, Drama","Lunar Industries, Liberty Films, Xingu Films, Limelight Fund, Stage 6 Films, Sony Pictures Classics, Independent","Sam Rockwell, Kevin Spacey, Dominique McElligott",Duncan Jones,2009,6,95,Hit / Semi-Hit
tt0034492,Bambi,7,5236,267447150,858000,70,en,43.491,"Animation, Drama, Family",Walt Disney Productions,"Hardie Albright, Stan Alexander, Bobette Audrey",David Hand,1942,8,31071,All-Time Blockbuster
tt8041270,Jurassic World Dominion,6.787,5225,1001978080,165000000,147,en,113.897,"Adventure, Action, Science Fiction","Amblin Entertainment, Universal Pictures","Chris Pratt, Bryce Dallas Howard, Laura Dern",Colin Trevorrow,2022,6,507,All-Time Blockbuster
tt0401729,John Carter,6.296,5225,284139100,250000000,132,en,38.495,"Action, Adventure, Science Fiction",Walt Disney Pictures,"Taylor Kitsch, Lynn Collins, Willem Dafoe",Andrew Stanton,2012,3,14,Average / Below Average
tt1583421,G.I. Joe: Retaliation,5.609,5217,371876278,130000000,110,en,40.343,"Science Fiction, Adventure, Action, Thriller","Paramount, Hasbro, di Bonaventura Pictures, Saints LA, Metro-Goldwyn-Mayer, Skydance","Dwayne Johnson, Channing Tatum, Adrianne Palicki",Jon M. Chu,2013,3,186,Super Hit
tt0096438,Who Framed Roger Rabbit,7.52,5216,329803958,70000000,104,en,29.829,"Fantasy, Animation, Comedy, Crime","Amblin Entertainment, Silver Screen Partners III, Touchstone Pictures","Bob Hoskins, Christopher Lloyd, Joanna Cassidy",Robert Zemeckis,1988,6,371,Blockbuster
tt6710474,Everything Everywhere All at Once,7.822,5210,139200000,25000000,140,en,64.278,"Action, Adventure, Science Fiction","AGBO, Ley Line Entertainment, Year of the Rat Productions, A24, IAC Films","Michelle Yeoh, Ke Huy Quan, Stephanie Hsu","Daniel Kwan, Daniel Scheinert",2022,3,457,All-Time Blockbuster
tt0265086,Black Hawk Down,7.368,5208,172989651,92000000,145,en,36.7,"Action, History, War","Jerry Bruckheimer Films, Revolution Studios, Scott Free Productions","Josh Hartnett, Ewan McGregor, Tom Sizemore",Ridley Scott,2001,12,88,Hit / Semi-Hit
tt0870154,Jungle Cruise,7.418,5199,220889446,200000000,127,en,48.284,"Action, Adventure, Fantasy","Walt Disney Pictures, Seven Bucks Productions, Davis Entertainment, Flynn Picture Company, TSG Entertainment, Zaftig Films","Dwayne Johnson, Emily Blunt, Jack Whitehall",Jaume Collet-Serra,2021,7,10,Average / Below Average
tt0980970,The Chronicles of Narnia: The Voyage of the Dawn Treader,6.433,5193,415686217,155000000,113,en,38.313,"Adventure, Family, Fantasy","Fox 2000 Pictures, Walden Media","Ben Barnes, Skandar Keynes, Georgie Henley",Michael Apted,2010,12,168,Super Hit
tt0887912,The Hurt Locker,7.254,5187,49230772,15000000,131,en,24.144,"Drama, Thriller, War","Film Capital Europe Funds (FCEF ), First Light, Kingsgate Films, Summit Entertainment, Voltage Pictures, Grosvenor Park Media","Jeremy Renner, Anthony Mackie, Brian Geraghty",Kathryn Bigelow,2008,10,228,Blockbuster
tt1560220,Zombieland: Double Tap,6.955,5187,122801777,42000000,99,en,33.951,"Comedy, Horror","Pariah, Columbia Pictures, 2.0 Entertainment","Woody Harrelson, Jesse Eisenberg, Emma Stone",Ruben Fleischer,2019,10,192,Super Hit
tt0094226,The Untouchables,7.77,5181,76270454,25000000,119,en,30.039,"Crime, Drama, History, Thriller",Paramount,"Kevin Costner, Sean Connery, Robert De Niro",Brian De Palma,1987,6,205,Blockbuster
tt1798684,Southpaw,7.362,5178,91709827,30000000,123,en,30.067,"Action, Drama","Fuqua Films, Escape Artists, Riche-Ludwig Productions, Wanda Pictures","Jake Gyllenhaal, Rachel McAdams, Forest Whitaker",Antoine Fuqua,2015,3,206,Blockbuster
tt0332379,School of Rock,7.071,5173,131095990,35000000,110,en,22.223,"Comedy, Music","Paramount, Scott Rudin Productions, NEW Century, MFP Munich Film Partners GmbH & Company I. Produktions KG, Sor Productions","Jack Black, Joan Cusack, Mike White",Richard Linklater,2003,10,275,Blockbuster
tt0119528,Liar Liar,6.667,5163,302710615,45000000,86,en,28.978,Comedy,"Universal Pictures, Imagine Entertainment","Jim Carrey, Maura Tierney, Justin Cooper",Tom Shadyac,1997,3,573,All-Time Blockbuster
tt0286106,Signs,6.681,5144,408247917,72000000,106,en,21.106,"Drama, Thriller, Science Fiction, Mystery","Touchstone Pictures, Blinding Edge Pictures, The Kennedy/Marshall Company","Mel Gibson, Joaquin Phoenix, Rory Culkin",M. Night Shyamalan,2002,8,467,All-Time Blockbuster
tt1979388,The Good Dinosaur,6.745,5143,332207671,175000000,93,en,57.167,"Adventure, Animation, Family",Pixar,"Jeffrey Wright, Frances McDormand, Maleah Nipay-Padilla",Peter Sohn,2015,11,90,Hit / Semi-Hit
tt7991608,Red Notice,6.803,5135,178143,160000000,118,en,52.476,"Action, Comedy, Crime","Flynn Picture Company, Seven Bucks Productions, Bad Version","Dwayne Johnson, Ryan Reynolds, Gal Gadot",Rawson Marshall Thurber,2021,11,-100,Flop / Disaster
tt1440129,Battleship,5.808,5134,303025485,209000000,131,en,53.288,"Thriller, Action, Adventure, Science Fiction","Universal Pictures, Hasbro, Bluegrass Films, Film 44, October Pictures, dentsu","Taylor Kitsch, Rihanna, Liam Neeson",Peter Berg,2012,4,45,Average / Below Average
tt1234721,RoboCop,5.847,5133,242688965,120000000,118,en,32.422,"Science Fiction, Action, Crime, Thriller","Columbia Pictures, Strike Entertainment, Metro-Goldwyn-Mayer, Dynamic Effects Canada","Joel Kinnaman, Gary Oldman, Michael Keaton",JosÈ Padilha,2014,1,102,Super Hit
tt4682786,Collateral Beauty,7.239,5122,88528280,36000000,97,en,15.804,"Drama, Romance","Village Roadshow Pictures, Likely Story, Anonymous Content, New Line Cinema, PalmStar Media, Overbrook Entertainment","Will Smith, Keira Knightley, Kate Winslet",David Frankel,2016,12,146,Super Hit
tt0317740,The Italian Job,6.763,5113,176070171,60000000,110,en,60.451,"Action, Crime","De Line Pictures, Working Title Films, Paramount, Mestiere Cinema","Mark Wahlberg, Charlize Theron, Edward Norton",F. Gary Gray,2003,5,193,Super Hit
tt0032138,The Wizard of Oz,7.571,5112,33754967,2777000,102,en,44.236,"Adventure, Fantasy, Family",Metro-Goldwyn-Mayer,"Judy Garland, Frank Morgan, Ray Bolger",Victor Fleming,1939,8,1116,All-Time Blockbuster
tt0057012,Dr. Strangelove or: How I Learned to Stop Worrying and Love the Bomb,8.129,5111,9523464,1800000,95,en,18.253,"Drama, Comedy, War","Hawk Films, Columbia Pictures","Peter Sellers, George C. Scott, Sterling Hayden",Stanley Kubrick,1964,1,429,All-Time Blockbuster
tt0944835,Salt,6.398,5109,293329073,110000000,100,en,31.472,"Action, Mystery, Thriller","Wintergreen Productions, Columbia Pictures, Relativity Media, di Bonaventura Pictures","Angelina Jolie, Liev Schreiber, Chiwetel Ejiofor",Phillip Noyce,2010,7,167,Super Hit
tt1386703,Total Recall,6,5107,198802074,125000000,118,en,29.009,"Action, Science Fiction, Thriller","Total Recall, Original Film, Prime Focus, Rekall Productions, Columbia Pictures","Colin Farrell, Kate Beckinsale, Jessica Biel",Len Wiseman,2012,8,59,Hit / Semi-Hit
tt0129167,The Iron Giant,7.925,5105,23159305,70000000,86,en,41.39,"Family, Animation, Science Fiction, Drama","Warner Bros. Pictures, Warner Bros. Animation","Eli Marienthal, Vin Diesel, Jennifer Aniston",Brad Bird,1999,8,-67,Flop / Disaster
tt0099653,Ghost,7.206,5103,505000000,22000000,127,en,31.271,"Fantasy, Drama, Thriller, Mystery, Romance",Paramount,"Patrick Swayze, Demi Moore, Whoopi Goldberg",Jerry Zucker,1990,7,2195,All-Time Blockbuster
tt2209764,Transcendence,6.029,5102,103039258,100000000,119,en,20.628,"Thriller, Science Fiction, Drama, Mystery","DMG Entertainment, Warner Bros. Pictures, Alcon Entertainment, Syncopy, Straight Up Films, Summit Entertainment","Johnny Depp, Rebecca Hall, Paul Bettany",Wally Pfister,2014,4,3,Average / Below Average
tt1243957,The Tourist,6.178,5097,278731369,100000000,103,en,25.174,"Action, Thriller, Romance","Columbia Pictures, Spyglass Entertainment, Peninsula Films, StudioCanal, GK Films, Cineroma SRL, Mandate International","Johnny Depp, Angelina Jolie, Paul Bettany",Florian Henckel von Donnersmarck,2010,12,179,Super Hit
tt0461770,Enchanted,6.805,5088,340487652,85000000,107,en,26.472,"Comedy, Family, Fantasy, Romance","Walt Disney Pictures, Josephson Entertainment, Andalasia Productions, Right Coast","Amy Adams, Patrick Dempsey, James Marsden",Kevin Lima,2007,11,301,Blockbuster
tt2848292,Pitch Perfect 2,6.864,5084,287506194,29000000,115,en,25.942,"Comedy, Music","Brownstone Productions, Gold Circle Films, Universal Pictures","Anna Kendrick, Rebel Wilson, Hailee Steinfeld",Elizabeth Banks,2015,5,891,All-Time Blockbuster
tt0361862,The Machinist,7.52,5081,8203235,5000000,101,en,15.629,"Thriller, Drama","ICF, Castelao Productions, Canal+ Espa√±a, ICAA, Filmax, Paramount Vantage, MEDIA Programme of the European Union","Christian Bale, Jennifer Jason Leigh, Aitana S·nchez-GijÛn",Brad Anderson,2004,7,64,Hit / Semi-Hit
tt0195714,Final Destination,6.6,5080,112880294,23000000,98,en,35.867,Horror,"Hard Eight Pictures, New Line Cinema, Zide-Perry Productions","Devon Sawa, Ali Larter, Kerr Smith",James Wong,2000,3,391,Blockbuster
tt8367814,The Gentlemen,7.678,5079,115171795,22000000,113,en,31.06,"Comedy, Crime","Miramax, Toff Guy Films, STX Films","Matthew McConaughey, Charlie Hunnam, Henry Golding",Guy Ritchie,2020,1,424,All-Time Blockbuster
tt0369339,Collateral,7.213,5079,217764291,65000000,120,en,22.492,"Drama, Crime, Thriller","Paramount, Parkes/MacDonald Productions, Edge City, DreamWorks Pictures","Tom Cruise, Jamie Foxx, Jada Pinkett Smith",Michael Mann,2004,8,235,Blockbuster
tt1517268,Barbie,7.279,5074,1428545028,145000000,114,en,1069.34,"Comedy, Adventure, Fantasy","LuckyChap Entertainment, Heyday Films, NB/GG Pictures, Mattel","Margot Robbie, Ryan Gosling, America Ferrera",Greta Gerwig,2023,7,885,All-Time Blockbuster
tt0103644,Alien¬≥,6.4,5066,159773545,50000000,114,en,28.981,"Science Fiction, Action, Horror","Brandywine Productions, 20th Century Fox","Sigourney Weaver, Charles S. Dutton, Charles Dance",David Fincher,1992,5,220,Blockbuster
tt1464335,Uncharted,7.002,5066,407141258,120000000,116,en,79.542,"Action, Adventure","Columbia Pictures, Atlas Entertainment, PlayStation Productions, Arad Productions","Tom Holland, Mark Wahlberg, Sophia Ali",Ruben Fleischer,2022,2,239,Blockbuster
tt0780521,The Princess and the Frog,7.2,5062,270997378,105000000,98,en,61.134,"Romance, Family, Animation","Walt Disney Pictures, Walt Disney Animation Studios","Anika Noni Rose, Bruno Campos, Keith David","Ron Clements, John Musker",2009,12,158,Super Hit
tt0472043,Apocalypto,7.567,5049,120673227,40000000,139,en,51.114,"Action, Drama, History","Icon Entertainment International, Icon Productions, Touchstone Pictures","Rudy Youngblood, Raoul Trujillo, Dalia Hern·ndez",Mel Gibson,2006,12,202,Blockbuster
tt1231583,Due Date,6.35,5042,211780824,65000000,95,en,19.067,"Comedy, Drama","Legendary Pictures, Green Hat Films, Warner Bros. Pictures","Downey Jr., Zach Galifianakis, Michelle Monaghan",Todd Phillips Robert,2010,11,226,Blockbuster
tt0033467,Citizen Kane,8.015,5034,23218000,839727,119,en,28.218,"Mystery, Drama","Mercury Productions, RKO Radio Pictures","Orson Welles, Joseph Cotten, Dorothy Comingore",Orson Welles,1941,4,2665,All-Time Blockbuster
tt0983193,The Adventures of Tintin,6.885,5024,373993951,130000000,107,en,33.653,"Adventure, Animation, Mystery","Paramount, Columbia Pictures, WingNut Films, Amblin Entertainment, Nickelodeon Movies, Hemisphere Media Capital, The Kennedy/Marshall Company, DreamWorks Pictures","Jamie Bell, Andy Serkis, Daniel Craig",Steven Spielberg,2011,10,188,Super Hit
tt10838180,The Matrix Resurrections,6.479,5018,156497322,190000000,147,en,52.143,"Science Fiction, Action, Adventure","Warner Bros. Pictures, Village Roadshow Pictures, Venus Castina Productions","Keanu Reeves, Carrie-Anne Moss, Yahya Abdul-Mateen II",Lana Wachowski,2021,12,-18,Flop / Disaster
tt0116996,Mars Attacks!,6.396,5008,101371017,70000000,106,en,23.282,"Comedy, Fantasy, Science Fiction","Tim Burton Productions, Warner Bros. Pictures","Jack Nicholson, Glenn Close, Annette Bening",Tim Burton,1996,12,45,Average / Below Average
tt1922777,Sinister,6.868,5008,82515113,3000000,110,en,38.624,"Horror, Thriller, Mystery","Automatik Entertainment, Blumhouse Productions, Alliance Films, IM Global, Possessed Pictures, Summit Entertainment","Ethan Hawke, Juliet Rylance, James Ransone",Scott Derrickson,2012,3,2651,All-Time Blockbuster
tt6343314,Creed II,7.015,5007,214215889,50000000,130,en,45.172,"Drama, Action","Metro-Goldwyn-Mayer, New Line Cinema, Chartoff-Winkler Productions","B. Jordan, Sylvester Stallone, Tessa Thompson",Steven Caple Jr. Michael,2018,11,328,Blockbuster
tt0112384,Apollo 13,7.443,4997,355237933,52000000,140,en,20.16,"Drama, History","Imagine Entertainment, Universal Pictures, TF1 International","Tom Hanks, Bill Paxton, Kevin Bacon",Ron Howard,1995,6,583,All-Time Blockbuster
tt0328880,Brother Bear,7.257,4993,250397798,128000000,85,en,43.734,"Adventure, Animation, Family",Walt Disney Feature Animation,"Joaquin Phoenix, Jeremy Suarez, Rick Moranis","Aaron Blaise, Robert Walker",2003,10,96,Hit / Semi-Hit
tt0046183,Peter Pan,7.222,4990,87404651,4000000,77,en,37.561,"Animation, Family, Adventure, Fantasy",Walt Disney Productions,"Bobby Driscoll, Kathryn Beaumont, Hans Conried","Clyde Geronimi, Wilfred Jackson, Hamilton Luske",1953,2,2085,All-Time Blockbuster
tt2024469,Non-Stop,6.811,4987,222809600,50000000,106,en,21.187,"Action, Thriller, Mystery","TF1, StudioCanal, Silver Pictures, Anton Capital Entertainment, LOVEFiLM International, Canal+, TF1 Films Production, Universal Pictures","Liam Neeson, Julianne Moore, Scoot McNairy",Jaume Collet-Serra,2014,2,346,Blockbuster
tt0077651,Halloween,7.562,4987,70274000,325000,91,en,56.727,"Horror, Thriller","Compass International Pictures, Falcon International Productions","Lee Curtis, Donald Pleasence, Nancy Loomis",John Carpenter Jamie,1978,10,21523,All-Time Blockbuster
tt4481414,Gifted,8.044,4983,40343446,7000000,101,en,48.714,"Drama, Comedy","Grade A Entertainment, Dayday Films, FilmNation Entertainment, Fox Searchlight Pictures","Chris Evans, Mckenna Grace, Lindsay Duncan",Marc Webb,2017,4,476,All-Time Blockbuster
tt0399201,The Island,6.7,4981,162949164,126000000,136,en,33.414,"Action, Thriller, Science Fiction, Adventure","DreamWorks Pictures, Warner Bros. Pictures, Parkes-MacDonald Productions, K/O Paper Products","Ewan McGregor, Scarlett Johansson, Djimon Hounsou",Michael Bay,2005,7,29,Average / Below Average
tt1213663,The World's End,6.795,4981,46089287,20000000,109,en,25.768,"Comedy, Action, Science Fiction","Big Talk Productions, Working Title Films","Simon Pegg, Nick Frost, Martin Freeman",Edgar Wright,2013,7,130,Super Hit
tt1707386,Les Mis√©rables,7.338,4978,441809770,61000000,158,en,26.344,"History, Drama","Universal Pictures, Working Title Films, Cameron Mackintosh Ltd., Relativity Media","Hugh Jackman, Anne Hathaway, Russell Crowe",Tom Hooper,2012,12,624,All-Time Blockbuster
tt0118617,Anastasia,7.611,4958,139804348,53000000,94,en,36.612,"Animation, Family, Fantasy, Adventure","Fox Animation Studios, Fox Family Films, The Big Gun Project, Little Wolf Entertainment, 20th Century Fox","Meg Ryan, John Cusack, Christopher Lloyd","Don Bluth, Gary Goldman",1997,11,164,Super Hit
tt0443453,Borat: Cultural Learnings of America for Make Benefit Glorious Nation of Kazakhstan,6.754,4945,262552893,18000000,84,en,18.823,Comedy,"20th Century Fox, Everyman Pictures, Dune Entertainment, Four by Two Films, Major Studio Partners, One America","Baron Cohen, Ken Davitian, Luenell",Larry Charles Sacha,2006,11,1359,All-Time Blockbuster
tt6791350,Guardians of the Galaxy Vol. 3,8.023,4941,845430302,250000000,150,en,318.516,"Science Fiction, Adventure, Action","Marvel Studios, Kevin Feige Productions","Chris Pratt, Zoe SaldaÒa, Dave Bautista",James Gunn,2023,5,238,Blockbuster
tt0765429,American Gangster,7.577,4933,266465037,100000000,157,en,31.385,"Drama, Crime","Film Rites, Imagine Entertainment, Universal Pictures, Scott Free Productions, Relativity Media","Denzel Washington, Russell Crowe, Chiwetel Ejiofor",Ridley Scott,2007,11,166,Super Hit
tt0102057,Hook,6.824,4931,300855000,70000000,142,en,29.223,"Adventure, Fantasy, Comedy, Family","Amblin Entertainment, TriStar Pictures","Robin Williams, Dustin Hoffman, Julia Roberts",Steven Spielberg,1991,4,330,Blockbuster
tt0034583,Casablanca,8.171,4928,10462500,878000,102,en,25.177,"Drama, Romance",Warner Bros. Pictures,"Humphrey Bogart, Ingrid Bergman, Paul Henreid",Michael Curtiz,1943,1,1092,All-Time Blockbuster
tt0172156,Bad Boys II,6.598,4924,273339556,130000000,147,en,31.463,"Adventure, Action, Comedy, Thriller, Crime","Don Simpson/Jerry Bruckheimer Films, Columbia Pictures","Will Smith, Martin Lawrence, Gabrielle Union",Michael Bay,2003,7,110,Super Hit
tt4094724,The Purge: Election Year,6.394,4919,118587880,10000000,105,en,32.648,"Action, Horror, Thriller","Why Not Productions, Universal Pictures, Blumhouse Productions, Platinum Dunes, Dentsu Entertainment, Fuji Television Network","Frank Grillo, Elizabeth Mitchell, Mykelti Williamson",James DeMonaco,2016,6,1086,All-Time Blockbuster
tt0338751,The Aviator,7.224,4906,213700000,110000000,170,en,21.485,Drama,"Miramax, Appian Way, Forward Pass, Cappa Productions, Initial Entertainment Group, IMF Internationale Medien und Film GmbH & Co. 3. Produktions KG, Warner Bros. Pictures","Leonardo DiCaprio, Cate Blanchett, Kate Beckinsale",Martin Scorsese,2004,12,94,Hit / Semi-Hit
tt0448011,Knowing,6.18,4902,155446362,50000000,121,en,37.125,"Action, Mystery, Science Fiction, Thriller","Summit Entertainment, Escape Artists, Mystery Clock Cinema, Kaplan/Perrone Entertainment, Wintergreen Productions, Goldcrest","Nicolas Cage, Rose Byrne, Chandler Canterbury",Alex Proyas,2009,3,211,Blockbuster
tt0293662,The Transporter,6.696,4902,43928932,21000000,92,en,26.061,"Action, Crime, Thriller","TF1 Films Production, EuropaCorp, Current Entertainment, Canal+","Jason Statham, Qi Shu, FranÁois BerlÈand",Louis Leterrier,2002,10,109,Super Hit
tt1213641,First Man,7.045,4896,105713218,70000000,141,en,25.21,"History, Drama","DreamWorks Pictures, Temple Hill Entertainment, Universal Pictures, Amblin Entertainment, Phantasma Films, Perfect World Pictures","Ryan Gosling, Claire Foy, Jason Clarke",Damien Chazelle,2018,10,51,Hit / Semi-Hit
tt1706593,Chronicle,6.822,4891,145000000,15000000,84,en,26.714,"Science Fiction, Drama, Thriller","Dune Entertainment, Davis Entertainment, Adam Schroeder Productions, 20th Century Fox","Dane DeHaan, Alex Russell, Michael B. Jordan",Josh Trank,2012,2,867,All-Time Blockbuster
tt1403865,True Grit,7.301,4890,252276927,38000000,110,en,18.656,"Drama, Adventure, Western","Paramount, Scott Rudin Productions, Mike Zoss Productions, Skydance","Jeff Bridges, Hailee Steinfeld, Matt Damon","Joel Coen, Ethan Coen",2010,12,564,All-Time Blockbuster
tt1148204,Orphan,7.001,4889,77912251,20000000,122,en,36.406,"Horror, Thriller, Mystery","Warner Bros. Pictures, Dark Castle Entertainment, StudioCanal, Don Carmody Productions, Studio Babelsberg, Appian Way, Silver Pictures, OMDC","Vera Farmiga, Peter Sarsgaard, Isabelle Fuhrman",Jaume Collet-Serra,2009,7,290,Blockbuster
tt3622592,Paper Towns,6.134,4881,85512300,12000000,109,en,17.592,"Mystery, Drama, Romance","Fox 2000 Pictures, Temple Hill Entertainment","Nat Wolff, Cara Delevingne, Austin Abrams",Jake Schreier,2015,6,613,All-Time Blockbuster
tt0048280,Lady and the Tramp,7.101,4880,36359037,4000000,76,en,36.117,"Family, Animation, Romance",Walt Disney Productions,"Barbara Luddy, Larry Roberts, Peggy Lee","Clyde Geronimi, Wilfred Jackson, Hamilton Luske",1955,6,809,All-Time Blockbuster
tt0087843,Once Upon a Time in America,8.427,4863,5500000,30000000,229,en,42.059,"Drama, Crime","The Ladd Company, Embassy International Pictures, Rafran Cinematografica, Warner Bros. Pictures, PSO","De Niro, James Woods, Elizabeth McGovern",Sergio Leone Robert,1984,5,-82,Flop / Disaster
tt0095327,ÁÅ´ÂûÇ„Çã„ÅÆÂ¢ì,8.455,4861,516962,3700000,89,ja,0.6,"Animation, Drama, War",Studio Ghibli,"Tsutomu Tatsumi, Ayano Shiraishi, Akemi Yamaguchi",Isao Takahata,1988,4,-86,Flop / Disaster
tt1854564,Percy Jackson: Sea of Monsters,6.028,4859,199850315,90000000,106,en,24.018,"Adventure, Family, Fantasy","Fox 2000 Pictures, Sunswept Entertainment, 1492 Pictures, TSG Entertainment","Logan Lerman, Brandon T. Jackson, Alexandra Daddario",Thor Freudenthal,2013,8,122,Super Hit
tt5083738,The Favourite,7.537,4855,95918706,15000000,119,en,18.954,"Drama, Comedy, Thriller","Waypoint Entertainment, Element Pictures, Scarlet Films, Film4 Productions","Olivia Colman, Emma Stone, Rachel Weisz",Yorgos Lanthimos,2018,11,539,All-Time Blockbuster
tt1065073,Boyhood,7.509,4828,48137666,4000000,166,en,18.637,Drama,"Detour Filmproduction, IFC Productions","Ellar Coltrane, Patricia Arquette, Ethan Hawke",Richard Linklater,2014,6,1103,All-Time Blockbuster
tt0119094,Face/Off,7.019,4826,245676146,80000000,138,en,24.879,"Action, Crime, Science Fiction","Krane Entertainment, Paramount, Permut Presentations, WCG Entertainment Productions, Touchstone Pictures, Douglas/Reuther Productions","John Travolta, Nicolas Cage, Joan Allen",John Woo,1997,6,207,Blockbuster
tt12593682,Bullet Train,7.495,4804,239268602,90000000,126,en,79.836,"Action, Comedy, Thriller","87North Productions, Columbia Pictures","Brad Pitt, Joey King, Aaron Taylor-Johnson",David Leitch,2022,8,166,Super Hit
tt0432283,Fantastic Mr. Fox,7.782,4798,46471023,40000000,87,en,32.693,"Adventure, Animation, Comedy, Family","Regency Enterprises, Indian Paintbrush, American Empirical Pictures","George Clooney, Meryl Streep, Jason Schwartzman",Wes Anderson,2009,10,16,Average / Below Average
tt0432348,Saw II,6.564,4790,147748505,4000000,93,en,111.416,Horror,"Got Films, Twisted Pictures, Evolution Entertainment, Saw 2 Productions, Lionsgate","Donnie Wahlberg, Shawnee Smith, Tobin Bell",Darren Lynn Bousman,2005,10,3594,All-Time Blockbuster
tt1211956,Escape Plan,6.722,4789,137328301,50000000,115,en,44.96,"Action, Thriller","Knightsbridge Entertainment, Summit Entertainment, Atmosphere Entertainment MM, EFO Films, Mark Canton Productions, Envision Entertainment, Boies/Schiller Film Group","Sylvester Stallone, Arnold Schwarzenegger, Jim Caviezel",Mikael HÂfstrˆm,2013,10,175,Super Hit
tt4052882,The Shallows,6.35,4789,119100758,17000000,86,en,19.501,"Horror, Drama, Thriller","Columbia Pictures, Ombra Films, Weimaraner Republic Pictures","Blake Lively, ”scar Jaenada, Brett Cullen",Jaume Collet-Serra,2016,6,601,All-Time Blockbuster
tt0974661,17 Again,6.287,4788,136316880,20000000,102,en,32.875,Comedy,New Line Cinema,"Zac Efron, Matthew Perry, Leslie Mann",Burr Steers,2009,3,582,All-Time Blockbuster
tt0053285,Sleeping Beauty,6.942,4784,51600000,6000000,75,en,37.722,"Fantasy, Animation, Romance, Family",Walt Disney Productions,"Mary Costa, Bill Shirley, Eleanor Audley","Clyde Geronimi, Les Clark, Eric Larson",1959,2,760,All-Time Blockbuster
tt0411477,Hellboy II: The Golden Army,6.752,4782,160388063,85000000,120,en,28.563,"Fantasy, Horror, Adventure, Action","Universal Pictures, Dark Horse Entertainment, Internationale Filmproduktion Eagle, Mid Atlantic Films, Relativity Media, Lawrence Gordon Productions","Ron Perlman, Selma Blair, Doug Jones",Guillermo del Toro,2008,7,89,Hit / Semi-Hit
tt0112462,Batman Forever,5.409,4780,336529144,100000000,121,en,40.247,"Action, Crime, Fantasy","DC Comics, Warner Bros. Pictures, PolyGram Filmed Entertainment, Tim Burton Productions","Val Kilmer, Jim Carrey, Tommy Lee Jones",Joel Schumacher,1995,6,237,Blockbuster
tt4555426,Darkest Hour,7.35,4761,150847207,30000000,125,en,18.896,"Drama, History","Perfect World Pictures, Working Title Films, Focus Features","Gary Oldman, Lily James, Kristin Scott Thomas",Joe Wright,2017,11,403,All-Time Blockbuster
tt0465234,National Treasure: Book of Secrets,6.321,4761,459242249,130000000,124,en,32.036,"Action, Adventure, Mystery, Thriller","Walt Disney Pictures, Jerry Bruckheimer Films, Saturn Films, Junction Entertainment, Sparkler Entertainment, NT2 Productions","Nicolas Cage, Diane Kruger, Justin Bartha",Jon Turteltaub,2007,12,253,Blockbuster
tt0337563,13 Going on 30,6.733,4755,96455697,37000000,98,en,26.074,"Comedy, Fantasy, Romance","Columbia Pictures, Revolution Studios, Thirteen Productions","Jennifer Garner, Mark Ruffalo, Judy Greer",Gary Winick,2004,4,161,Super Hit
tt0366548,Happy Feet,6.174,4752,384335608,100000000,108,en,33.717,"Animation, Comedy, Family","Kennedy Miller Productions, Animal Logic","Elijah Wood, Robin Williams, Brittany Murphy",George Miller,2006,11,284,Blockbuster
tt2034800,The Great Wall,6.005,4748,331957105,150000000,103,en,32.601,"Action, Adventure, Fantasy","Legendary East, Universal Pictures, Atlas Entertainment, Le Vision Pictures, Kava Productions, China Film Group Corporation, dentsu, Fuji Television Network, Legendary Pictures","Matt Damon, Tian Jing, Pedro Pascal",Zhang Yimou,2016,12,121,Super Hit
tt5362988,Wind River,7.428,4747,44998252,11000000,107,en,22.336,"Crime, Drama, Mystery, Thriller","Savvy Media Holdings, Thunder Road, Film 44, Acacia Filmed Entertainment, Riverstone Pictures, Voltage Pictures, Synergics Films, Star Thrower Entertainment, Tunica-Biloxi Tribe of Louisiana, The Fyzz, Wild Bunch","Jeremy Renner, Elizabeth Olsen, Graham Greene",Taylor Sheridan,2017,8,309,Blockbuster
tt1025100,Gemini Man,6.311,4718,173469516,140000000,117,en,23.667,"Science Fiction, Action, Adventure, Thriller","Skydance, Jerry Bruckheimer Films, Alibaba Pictures Group, Fosun Pictures, Paramount, Gobierno de Colombia, Hungarian National Film Fund","Will Smith, Mary Elizabeth Winstead, Clive Owen",Ang Lee,2019,10,24,Average / Below Average
tt0287978,Daredevil,5.251,4718,179179718,78000000,103,en,23.531,"Fantasy, Action","Marvel Enterprises, New Regency Pictures, Epsilon Motion Pictures, Regency Enterprises, 20th Century Fox","Ben Affleck, Jennifer Garner, Michael Clarke Duncan",Mark Steven Johnson,2003,2,130,Super Hit
tt0409847,Cowboys & Aliens,5.588,4718,174822325,163000000,119,en,26.069,"Action, Science Fiction, Thriller, Western","DreamWorks Pictures, Universal Pictures, Reliance Entertainment, Relativity Media, Imagine Entertainment, K/O Paper Products, Fairview Entertainment, Platinum Studios","Daniel Craig, Harrison Ford, Olivia Wilde",Jon Favreau,2011,7,7,Average / Below Average
tt0758752,Love & Other Drugs,7.037,4717,102820008,30000000,112,en,45.032,"Drama, Comedy, Romance","Fox 2000 Pictures, Regency Enterprises, New Regency Pictures, Stuber Productions, Bedford Falls Productions, Dune Entertainment, 20th Century Fox","Jake Gyllenhaal, Anne Hathaway, Oliver Platt",Edward Zwick,2010,11,243,Blockbuster
tt1028528,Death Proof,6.824,4703,31126421,25000000,113,en,28.985,"Action, Thriller","Troublemaker Studios, The Weinstein Company, Dimension Films, Rodriguez International Pictures","Kurt Russell, ZoÎ Bell, Rosario Dawson",Quentin Tarantino,2007,5,25,Average / Below Average
tt0339291,Lemony Snicket's A Series of Unfortunate Events,6.814,4688,209073645,140000000,108,en,25.604,"Adventure, Comedy, Family","Paramount, Scott Rudin Productions, Nickelodeon Movies, Kumar Mobiliengesellschaft mbH & Co. Projekt Nr. 2 KG, Parkes+MacDonald Image Nation, DreamWorks Pictures","Jim Carrey, Meryl Streep, Jude Law",Brad Silberling,2004,12,49,Average / Below Average
tt1634106,Bloodshot,6.76,4681,39861118,42000000,110,en,29.852,"Action, Science Fiction, Adventure","Cross Creek Pictures, Mimran Schur Pictures, Original Film, The Hideaway Entertainment, Valiant Entertainment, Columbia Pictures, One Race, Bona Film Group, Mid Atlantic Films","Vin Diesel, Eiza Gonz·lez, Guy Pearce",Dave Wilson,2020,3,-5,Flop / Disaster
tt0117509,Romeo + Juliet,6.795,4681,147298761,14500000,120,en,21.63,"Drama, Romance","20th Century Fox, Bazmark Films","Leonardo DiCaprio, Claire Danes, John Leguizamo",Baz Luhrmann,1996,11,916,All-Time Blockbuster
tt1179904,Paranormal Activity,5.991,4676,193355800,215000,85,en,35.429,"Horror, Mystery","Blumhouse Productions, Solana Films","Katie Featherston, Micah Sloat, Mark Fredrichs",Oren Peli,2007,9,89833,All-Time Blockbuster
tt0328107,Man on Fire,7.45,4674,130293714,70000000,146,en,33.347,"Action, Drama, Thriller","Fox 2000 Pictures, Regency Enterprises, New Regency Pictures, Scott Free Productions, Epsilon Motion Pictures","Denzel Washington, Dakota Fanning, Christopher Walken",Tony Scott,2004,4,86,Hit / Semi-Hit
tt1343727,Dredd,6.817,4663,41037742,50000000,95,en,28.024,"Action, Science Fiction","Rena Film, DNA Films, Reliance Big Entertainment, IM Global, Peach Trees","Karl Urban, Olivia Thirlby, Lena Headey",Pete Travis,2012,9,-18,Flop / Disaster
tt0065421,The Aristocats,7.289,4660,55675257,4000000,78,en,38.66,"Animation, Comedy, Family, Adventure",Walt Disney Productions,"Phil Harris, Eva Gabor, Sterling Holloway",Wolfgang Reitherman,1970,12,1292,All-Time Blockbuster
tt1648190,The Dark Tower,5.673,4658,113231078,60000000,95,en,22.183,"Fantasy, Action, Science Fiction","MRC, Imagine Entertainment, Weed Road Pictures, Columbia Pictures, Sony Pictures, The Department of Trade and Industry of South Africa","Idris Elba, Matthew McConaughey, Tom Taylor",Nikolaj Arcel,2017,8,89,Hit / Semi-Hit
tt2554274,Crimson Peak,6.641,4655,74679822,55000000,119,en,23.058,"Horror, Romance","Double Dare You Productions, Legendary Pictures, Universal Pictures","Mia Wasikowska, Tom Hiddleston, Jessica Chastain",Guillermo del Toro,2015,10,36,Average / Below Average
tt1351685,Jack the Giant Slayer,5.818,4655,197687603,195000000,114,en,44.613,"Fantasy, Action, Adventure, Family","New Line Cinema, Legendary Pictures, Original Film, Big Kid Pictures, Bad Hat Harry Productions, Warner Bros. Pictures","Nicholas Hoult, Eleanor Tomlinson, Ewan McGregor",Bryan Singer,2013,2,1,Average / Below Average
tt1210166,Moneyball,7.263,4652,110206216,50000000,134,en,19.803,Drama,"Columbia Pictures, Scott Rudin Productions, Michael De Luca Productions, Sidney Kimmel Entertainment, Specialty Films","Brad Pitt, Jonah Hill, Philip Seymour Hoffman",Bennett Miller,2011,9,120,Super Hit
tt6450804,Terminator: Dark Fate,6.455,4652,261119292,185000000,128,en,39.447,"Science Fiction, Action","Lightstorm Entertainment, Skydance, 20th Century Fox, Paramount, Tencent Pictures, TSG Entertainment, Ministry of Finance of Spain, Ministerio de Cultura, Hungarian National Film Fund, Mid Atlantic Films","Linda Hamilton, Arnold Schwarzenegger, Mackenzie Davis",Tim Miller,2019,10,41,Average / Below Average
tt3766354,The Equalizer 2,6.705,4652,190400157,62000000,121,en,81.313,"Action, Thriller, Crime","Lonetree Entertainment, Fuqua Films, Escape Artists, Sony Pictures, ZHIV Productions, Mace Neufeld Productions, Columbia Pictures","Denzel Washington, Pedro Pascal, Ashton Sanders",Antoine Fuqua,2018,7,207,Blockbuster
tt0780536,In Bruges,7.479,4644,34533783,15000000,108,en,17.315,"Comedy, Drama, Crime","Twins Financing, Blueprint Pictures, Focus Features, Scion Films, Film4 Productions","Colin Farrell, Brendan Gleeson, Ralph Fiennes",Martin McDonagh,2008,2,130,Super Hit
tt10366206,John Wick: Chapter 4,7.814,4639,426978565,90000000,170,en,482.538,"Action, Thriller, Crime","Thunder Road, 87Eleven, Summit Entertainment, Studio Babelsberg","Keanu Reeves, Donnie Yen, Bill SkarsgÂrd",Chad Stahelski,2023,3,374,Blockbuster
tt1197624,Law Abiding Citizen,7.373,4637,127944208,53000000,109,en,39.664,"Drama, Crime, Thriller","The Film Department, Evil Twins, Warp Films, G-BASE, Overture Films, Mandate International","Gerard Butler, Jamie Foxx, Leslie Bibb",F. Gary Gray,2009,10,141,Super Hit
tt0963966,The Sorcerer's Apprentice,6.106,4637,215283742,150000000,109,en,28.585,"Fantasy, Adventure, Action","Walt Disney Pictures, Jerry Bruckheimer Films, Saturn Films, Broken Road Productions, Junction Entertainment","Nicolas Cage, Jay Baruchel, Alfred Molina",Jon Turteltaub,2010,7,44,Average / Below Average
tt0243155,Bridget Jones's Diary,6.744,4635,281929795,25000000,97,en,26.933,"Comedy, Romance, Drama","Working Title Films, Little Bird, Miramax, Universal Pictures","RenÈe Zellweger, Colin Firth, Hugh Grant",Sharon Maguire,2001,4,1028,All-Time Blockbuster
tt0884328,The Mist,6.9,4634,57470220,18000000,126,en,29.693,"Horror, Science Fiction, Thriller","Darkwoods Productions, Dimension Films, The Weinstein Company, Metro-Goldwyn-Mayer","Thomas Jane, Marcia Gay Harden, Laurie Holden",Frank Darabont,2007,11,219,Blockbuster
tt11083552,Wrath of Man,7.669,4632,103966489,40000000,119,en,56.933,"Crime, Thriller, Action","Miramax, Metro-Goldwyn-Mayer, Toff Guy Films, Flic Films UK","Jason Statham, Holt McCallany, Josh Hartnett",Guy Ritchie,2021,4,160,Super Hit
tt0103874,Bram Stoker's Dracula,7.449,4626,215862692,40000000,128,en,35.967,"Romance, Horror","American Zoetrope, Osiris Films, Columbia Pictures","Gary Oldman, Winona Ryder, Anthony Hopkins",Francis Ford Coppola,1992,11,440,All-Time Blockbuster
tt0118688,Batman & Robin,4.331,4625,238207122,125000000,125,en,35.285,"Action, Science Fiction, Adventure, Comedy","DC Comics, PolyGram Filmed Entertainment, Warner Bros. Pictures","George Clooney, Chris O'Donnell, Uma Thurman",Joel Schumacher,1997,6,91,Hit / Semi-Hit
tt5758778,Skyscraper,6.318,4623,292351275,125000000,102,en,22.604,"Action, Thriller","Flynn Picture Company, Legendary Pictures, Seven Bucks Productions, The Third Floor","Dwayne Johnson, Neve Campbell, Chin Han",Rawson Marshall Thurber,2018,7,134,Super Hit
tt0840361,The Town,7.2,4616,154026136,37000000,125,en,35.118,"Crime, Drama, Thriller","Legendary Pictures, GK Films, Thunder Road, Warner Bros. Pictures","Ben Affleck, Rebecca Hall, Jon Hamm",Ben Affleck,2010,9,316,Blockbuster
tt0087800,A Nightmare on Elm Street,7.324,4615,57000000,1100000,91,en,32.056,Horror,"New Line Cinema, Smart Egg Pictures, Media Home Entertainment, Cinema 84, The Elm Street Venture","Heather Langenkamp, Robert Englund, John Saxon",Wes Craven,1984,11,5082,All-Time Blockbuster
tt0116583,The Hunchback of Notre Dame,7.103,4614,325338851,100000000,91,en,37.775,"Drama, Animation, Family","Walt Disney Pictures, Walt Disney Feature Animation","Tom Hulce, Demi Moore, Tony Jay","Gary Trousdale, Kirk Wise",1996,6,225,Blockbuster
tt2333784,The Expendables 3,6.224,4611,214700000,95000000,126,en,89.686,"Action, Adventure, Thriller","Davis Films, Nu Image, Ex3 Productions, Fipex Holding, Lionsgate, Millennium Media","Sylvester Stallone, Jason Statham, Mel Gibson",Patrick Hughes,2014,8,126,Super Hit
tt0119643,Meet Joe Black,7.302,4609,142940100,90000000,178,en,43.274,"Fantasy, Drama, Romance","Universal Pictures, City Light Films","Brad Pitt, Anthony Hopkins, Claire Forlani",Martin Brest,1998,11,59,Hit / Semi-Hit
tt7959026,The Mule,6.829,4593,174804407,50000000,116,en,16.833,"Crime, Drama","Imperative Entertainment, Bron Studios, Malpaso Productions, Warner Bros. Pictures, Creative Wealth Media Finance","Clint Eastwood, Bradley Cooper, Taissa Farmiga",Clint Eastwood,2018,12,250,Blockbuster
tt4116284,The Lego Batman Movie,7.222,4593,311950384,80000000,104,en,29.4,"Animation, Action, Comedy, Family","Lin Pictures, Warner Bros. Animation, Animal Logic, DC Entertainment, Lord Miller, Warner Bros. Pictures, LEGO, Warner Bros. Pictures Animation","Will Arnett, Zach Galifianakis, Michael Cera",Chris McKay,2017,2,290,Blockbuster
tt0457939,The Holiday,7.078,4592,194168700,85000000,136,en,19.822,"Comedy, Romance","Waverly Films, Columbia Pictures, Universal Pictures, Relativity Media","Cameron Diaz, Kate Winslet, Jude Law",Nancy Meyers,2006,12,128,Super Hit
tt0033563,Dumbo,6.995,4591,1600000,812000,64,en,60.157,"Animation, Family",Walt Disney Productions,"Sterling Holloway, Edward Brophy, Herman Bing",Ben Sharpsteen,1941,10,97,Hit / Semi-Hit
tt0129387,There's Something About Mary,6.585,4589,369884651,23000000,119,en,28.083,"Romance, Comedy",20th Century Fox,"Cameron Diaz, Ben Stiller, Matt Dillon","Bobby Farrelly, Peter Farrelly",1998,7,1508,All-Time Blockbuster
tt0247638,The Princess Diaries,6.942,4583,165335153,37000000,115,en,29.469,"Comedy, Family, Romance","Bottom of the Ninth Productions, Walt Disney Pictures, BrownHouse Productions","Anne Hathaway, Julie Andrews, Hector Elizondo",Garry Marshall,2001,8,347,Blockbuster
tt2381991,The Huntsman: Winter's War,6.288,4573,164989338,115000000,114,en,23.024,"Action, Adventure, Drama","Roth Films, Universal Pictures, Perfect World Pictures","Chris Hemsworth, Charlize Theron, Jessica Chastain",Cedric Nicolas-Troyan,2016,4,43,Average / Below Average
tt2719848,Everest,6.81,4567,203427584,55000000,121,en,28.694,"Adventure, Drama, History","Cross Creek Pictures, Working Title Films, Walden Media, RVK Studios, Universal Pictures, Free State Pictures","Jason Clarke, Josh Brolin, Jake Gyllenhaal",Baltasar Korm·kur,2015,9,270,Blockbuster
tt0093870,RoboCop,7.297,4559,53424681,13000000,102,en,38.935,"Action, Thriller, Science Fiction",Orion Pictures,"Peter Weller, Nancy Allen, Ronny Cox",Paul Verhoeven,1987,7,311,Blockbuster
tt0252866,American Pie 2,6.218,4553,287553595,30000000,108,en,33.988,"Comedy, Romance","Universal Pictures, Liveplanet, Zide-Perry Productions","Jason Biggs, Chris Klein, Seann William Scott",J.B. Rogers,2001,8,859,All-Time Blockbuster
tt1817273,The Place Beyond the Pines,6.963,4535,47135966,15000000,140,en,24.548,"Drama, Crime","Sidney Kimmel Entertainment, Electric City Entertainment, Verisimilitude, Hunting Lane Films, Silverwood Films, Sierra/Affinity, Focus Features","Ryan Gosling, Bradley Cooper, Eva Mendes",Derek Cianfrance,2013,3,214,Blockbuster
tt11564570,Glass Onion: A Knives Out Mystery,7.059,4530,13280000,40000000,140,en,48.932,"Comedy, Crime, Mystery",T-Street Productions,"Daniel Craig, Edward Norton, Janelle Mon·e",Rian Johnson,2022,11,-67,Flop / Disaster
tt0443543,The Illusionist,7.286,4528,87892388,16500000,110,en,23.03,"Fantasy, Drama, Thriller, Romance","Contagious Entertainment, Michael London Productions, Koppelman-Levien","Edward Norton, Paul Giamatti, Jessica Biel",Neil Burger,2006,8,433,All-Time Blockbuster
tt2557478,Pacific Rim: Uprising,6.13,4528,290061297,150000000,111,en,44.753,"Action, Fantasy, Science Fiction, Adventure","Legendary Pictures, Double Dare You Productions","John Boyega, Scott Eastwood, Cailee Spaeny",Steven S. DeKnight,2018,3,93,Hit / Semi-Hit
tt0258000,Panic Room,6.757,4523,197079546,48000000,111,en,20.66,"Crime, Drama, Thriller","Columbia Pictures, Hofflund/Polone, Indelible Pictures","Jodie Foster, Kristen Stewart, Forest Whitaker",David Fincher,2002,3,311,Blockbuster
tt0389790,Bee Movie,6.016,4500,287594577,150000000,91,en,34.085,"Family, Animation, Adventure, Comedy","Columbus 81 Productions, DreamWorks Animation, Paramount","J. Smith, Steve Hickner Jerry Seinfeld, RenÈe Zellweger, Matthew Broderick",Simon,2007,10,92,Hit / Semi-Hit
tt2005151,War Dogs,6.901,4498,86234523,40000000,114,en,35.508,"Comedy, Crime, Drama","The Mark Gordon Company, Green Hat Films, Joint Effort, Warner Bros. Pictures","Jonah Hill, Miles Teller, Bradley Cooper",Todd Phillips,2016,8,116,Super Hit
tt0120630,Chicken Run,6.758,4494,224834564,45000000,84,en,36.884,"Animation, Comedy, Family","DreamWorks Animation, Aardman, Path√©, DreamWorks Pictures","Mel Gibson, Julia Sawalha, Miranda Richardson","Peter Lord, Nick Park",2000,6,400,All-Time Blockbuster
tt3393786,Jack Reacher: Never Go Back,5.945,4489,162146076,60000000,118,en,57.904,"Action, Thriller","Skydance, Huahua Media, Shanghai Film Group, TC Productions, Paramount","Tom Cruise, Cobie Smulders, Aldis Hodge",Edward Zwick,2016,10,170,Super Hit
tt8097030,Turning Red,7.442,4484,18879922,190000000,100,en,93.162,"Animation, Family, Comedy, Fantasy","Walt Disney Pictures, Pixar","Rosalie Chiang, Sandra Oh, Ava Morse",Domee Shi,2022,3,-90,Flop / Disaster
tt0091042,Ferris Bueller's Day Off,7.603,4479,70136369,6000000,103,en,39.933,Comedy,Paramount,"Matthew Broderick, Alan Ruck, Mia Sara",John Hughes,1986,6,1069,All-Time Blockbuster
tt2283336,Men in Black: International,5.937,4478,253890701,110000000,115,en,24.845,"Comedy, Science Fiction, Action","Amblin Entertainment, Parkes+MacDonald Image Nation, Columbia Pictures, Tencent Pictures","Chris Hemsworth, Tessa Thompson, Liam Neeson",F. Gary Gray,2019,6,131,Super Hit
tt0373051,Journey to the Center of the Earth,6.062,4474,101702060,45000000,93,en,24.977,"Action, Science Fiction, Adventure, Comedy, Family","New Line Cinema, Walden Media","Brendan Fraser, Josh Hutcherson, Anita Briem",Eric Brevig,2008,7,126,Super Hit
tt4276820,The Founder,7.112,4472,24121245,15000000,115,en,30.214,"Drama, History","Speedie Distribution, FilmNation Entertainment, Faliro House Productions, The Combine, The Weinstein Company","Michael Keaton, Nick Offerman, John Carroll Lynch",John Lee Hancock,2016,9,61,Hit / Semi-Hit
tt0119488,L.A. Confidential,7.785,4463,126216940,35000000,138,en,22.473,"Crime, Mystery, Thriller","Regency Enterprises, Warner Bros. Pictures, The Wolper Organization","Kevin Spacey, Russell Crowe, Guy Pearce",Curtis Hanson,1997,9,261,Blockbuster
tt1981128,Geostorm,6.11,4441,221600160,120000000,109,en,84.712,"Action, Science Fiction, Thriller","Twisted Media, Skydance, RatPac Entertainment, Electric Entertainment, Warner Bros. Pictures, October Pictures","Gerard Butler, Jim Sturgess, Abbie Cornish",Dean Devlin,2017,10,85,Hit / Semi-Hit
tt0290002,Meet the Fockers,6.233,4427,516642939,80000000,115,en,23.853,"Comedy, Romance","Universal Pictures, Everyman Pictures, Tribeca Productions, DreamWorks Pictures","Ben Stiller, Robert De Niro, Dustin Hoffman",Jay Roach,2004,12,546,All-Time Blockbuster
tt5104604,Isle of Dogs,7.857,4427,64337744,62770198,101,en,18.059,"Adventure, Comedy, Animation","Studio Babelsberg, American Empirical Pictures, Indian Paintbrush, Scott Rudin Productions","Bryan Cranston, Edward Norton, Bill Murray",Wes Anderson,2018,3,2,Average / Below Average
tt2334879,White House Down,6.446,4421,205366737,150000000,131,en,34.496,"Action, Drama, Thriller","Iron Horse Entertainment, Columbia Pictures, Mythology Entertainment, Centropolis Entertainment","Channing Tatum, Jamie Foxx, Maggie Gyllenhaal",Roland Emmerich,2013,6,37,Average / Below Average
tt3300542,London Has Fallen,6.182,4408,205754447,60000000,99,en,39.273,"Action, Thriller","Millennium Media, Gramercy Pictures, G-BASE, LHF Film, Nu Boyana Film Studios","Gerard Butler, Aaron Eckhart, Morgan Freeman",Babak Najafi,2016,3,243,Blockbuster
tt1284575,Bad Teacher,5.579,4404,216197492,20000000,92,en,21.898,Comedy,"Columbia Pictures, Mosaic Media Group","Cameron Diaz, Justin Timberlake, Jason Segel",Jake Kasdan,2011,5,981,All-Time Blockbuster
tt0822854,Shooter,7.097,4401,95696996,61000000,124,en,38.734,"Action, Drama, Mystery, Thriller, Crime","Paramount, di Bonaventura Pictures, Grosvenor Park Impact Productions","Mark Wahlberg, Michael PeÒa, Danny Glover",Antoine Fuqua,2007,3,57,Hit / Semi-Hit
tt9362722,Spider-Man: Across the Spider-Verse,8.442,4394,683241751,100000000,140,en,512.336,"Animation, Action, Adventure","Columbia Pictures, Sony Pictures Animation, Lord Miller, Pascal Pictures, Arad Productions","Dos Santos, Kemp Powers, Justin K. Thompson Shameik Moore, Hailee Steinfeld, Oscar Isaac",Joaquim,2023,5,583,All-Time Blockbuster
tt0978764,Sucker Punch,6.172,4394,89792502,82000000,110,en,26.562,"Action, Fantasy, Thriller","Legendary Pictures, Lennox House Films, Warner Bros. Pictures, Cruel & Unusual Films","Emily Browning, Abbie Cornish, Jena Malone",Zack Snyder,2011,3,10,Average / Below Average
tt0120201,Starship Troopers,7.03,4392,121214377,105000000,129,en,36.346,"Adventure, Action, Thriller, Science Fiction","Touchstone Pictures, Big Bug Pictures, Digital Image Associates, TriStar Pictures","Van Dien, Denise Richards, Dina Meyer",Paul Verhoeven Casper,1997,11,15,Average / Below Average
tt1411238,No Strings Attached,6.289,4381,149228077,25000000,107,en,35.559,"Comedy, Romance","Katalyst Films, The Montecito Picture Company, Handsomecharlie Films","Natalie Portman, Ashton Kutcher, Kevin Kline",Ivan Reitman,2011,1,497,All-Time Blockbuster
tt0118583,Alien Resurrection,6.131,4378,162000000,70000000,109,en,31.359,"Science Fiction, Horror, Action","Brandywine Productions, 20th Century Fox","Sigourney Weaver, Winona Ryder, Ron Perlman",Jean-Pierre Jeunet,1997,11,131,Super Hit
tt0120812,Rush Hour,7.013,4374,244721064,33000000,98,en,38.783,"Action, Comedy, Crime","Roger Birnbaum Productions, New Line Cinema, Caravan Pictures","Jackie Chan, Chris Tucker, Ken Leung",Brett Ratner,1998,9,642,All-Time Blockbuster
tt3567288,The Visit,6.317,4370,98450062,5000000,94,en,19.603,"Horror, Mystery","Blumhouse Productions, Blinding Edge Pictures","Olivia DeJonge, Ed Oxenbould, Deanna Dunagan",M. Night Shyamalan,2015,9,1869,All-Time Blockbuster
tt1464540,I Am Number Four,6.174,4366,149878437,50000000,109,en,40.182,"Action, Thriller, Science Fiction, Adventure","Touchstone Pictures, Reliance Big Entertainment, Bay Films, DreamWorks Pictures","Alex Pettyfer, Timothy Olyphant, Dianna Agron",D.J. Caruso,2011,2,200,Blockbuster
tt0398808,Bridge to Terabithia,7.292,4366,137587063,60000000,96,en,29.744,"Adventure, Drama, Family","Lauren Levine Productions Inc., Walden Media, Hal Lieberman Company, Walt Disney Pictures","Josh Hutcherson, AnnaSophia Robb, Zooey Deschanel",G·bor CsupÛ,2007,2,129,Super Hit
tt0453467,D√©j√† Vu,6.843,4361,180557550,75000000,126,en,34.182,"Action, Thriller, Science Fiction","Touchstone Pictures, Jerry Bruckheimer Films, Scott Free Productions","Denzel Washington, Paula Patton, Jim Caviezel",Tony Scott,2006,11,141,Super Hit
tt0185937,The Blair Witch Project,6.336,4359,248639099,60000,81,en,30.098,"Horror, Mystery","Haxan Films, Artisan Entertainment","Heather Donahue, Joshua Leonard, Michael Williams","Daniel Myrick, Eduardo S·nchez",1999,7,414298,All-Time Blockbuster
tt8106534,6 Underground,6.34,4358,0,150000000,128,en,30.14,"Action, Comedy, Thriller","Skydance, Bay Films","Ryan Reynolds, MÈlanie Laurent, Manuel Garcia-Rulfo",Michael Bay,2019,12,-100,Flop / Disaster
tt7984734,The Lighthouse,7.512,4352,18129854,11000000,109,en,21.971,"Drama, Fantasy, Thriller, Horror","A24, RT Features, New Regency Pictures, Parts and Labor, Maiden Voyage Pictures","Willem Dafoe, Robert Pattinson, Valeriia Karaman",Robert Eggers,2019,10,65,Hit / Semi-Hit
tt0058331,Mary Poppins,7.569,4350,103082380,6000000,139,en,27.399,"Comedy, Family, Fantasy",Walt Disney Productions,"Julie Andrews, Dick Van Dyke, David Tomlinson",Robert Stevenson,1964,12,1618,All-Time Blockbuster
tt1502407,Halloween,6.542,4342,259900000,10000000,106,en,30.021,"Horror, Thriller","Universal Pictures, Blumhouse Productions, Trancas International Films, Rough House Pictures, Miramax","Lee Curtis, Judy Greer, Andi Matichak",David Gordon Green Jamie,2018,10,2499,All-Time Blockbuster
tt0475293,High School Musical,6.566,4342,0,4200000,98,en,21.963,"Comedy, Drama, Family, Music, Romance, TV Movie","Salty Pictures, First Street Films","Zac Efron, Vanessa Hudgens, Ashley Tisdale",Kenny Ortega,2006,1,-100,Flop / Disaster
tt0230011,Atlantis: The Lost Empire,6.981,4339,186053725,120000000,95,en,25.66,"Animation, Family, Adventure, Science Fiction","Walt Disney Pictures, Walt Disney Feature Animation","Michael J. Fox, Jim Varney, James Garner","Gary Trousdale, Kirk Wise",2001,6,55,Hit / Semi-Hit
tt0187738,Blade II,6.516,4338,155010032,54000000,117,en,28.515,"Fantasy, Horror, Action, Thriller","New Line Cinema, Amen Ra Films, Imaginary Forces","Wesley Snipes, Kris Kristofferson, Ron Perlman",Guillermo del Toro,2002,3,187,Super Hit
tt0123755,Cube,6.796,4336,8969065,350000,90,en,17.647,"Thriller, Science Fiction, Mystery","Cube Libre, Feature Film Project, Harold Greenberg Fund, Odeon Films, Ontario Film Development Corporation, T√©l√©film Canada, Viacom Canada","de Boer, Maurice Dean Wint, David Hewlett",Vincenzo Natali Nicole,1997,9,2463,All-Time Blockbuster
tt1046173,G.I. Joe: The Rise of Cobra,5.762,4320,302469017,175000000,118,en,60.412,"Adventure, Action, Thriller, Science Fiction","Paramount, Spyglass Entertainment, di Bonaventura Pictures, Hasbro, Kontsept Film Company","Channing Tatum, Marlon Wayans, Sienna Miller",Stephen Sommers,2009,8,73,Hit / Semi-Hit
tt0212985,Hannibal,6.771,4320,351692268,87000000,131,en,5.532,"Crime, Drama, Thriller","Dino De Laurentiis Company, Universal Pictures, Scott Free Productions, Metro-Goldwyn-Mayer","Anthony Hopkins, Julianne Moore, Gary Oldman",Ridley Scott,2001,2,304,Blockbuster
tt0478087,21,6.7,4317,159808370,35000000,123,en,25.256,"Drama, Crime","Columbia Pictures, Relativity Media","Jim Sturgess, Kevin Spacey, Kate Bosworth",Robert Luketic,2008,3,357,Blockbuster
tt5886046,Escape Room,6.535,4315,155712077,9000000,100,en,25.429,"Horror, Thriller, Mystery","Original Film, Columbia Pictures, Sony Pictures","Taylor Russell, Logan Miller, Jay Ellis",Adam Robitel,2019,1,1630,All-Time Blockbuster
tt0822832,Marley & Me,7.199,4312,255743093,60000000,115,en,21.498,"Comedy, Family","Sunswept Entertainment, Dune Entertainment III","Owen Wilson, Jennifer Aniston, Eric Dane",David Frankel,2008,12,326,Blockbuster
tt0429493,The A-Team,6.4,4311,177238796,110000000,117,en,31.469,"Thriller, Action, Adventure, Comedy, Crime","Phoenix Film Partners, Dune Entertainment, Stephen J. Cannell Productions, Top Cow Productions, Scott Free Productions, Big Screen Productions, 20th Century Fox, Ingenious Media","Liam Neeson, Bradley Cooper, Jessica Biel",Joe Carnahan,2010,6,61,Hit / Semi-Hit
tt0278504,Insomnia,6.9,4306,113714830,46000000,118,en,17.626,"Thriller, Crime","Warner Bros. Pictures, Summit Entertainment, Alcon Entertainment, Witt/Thomas Productions, Section Eight","Al Pacino, Robin Williams, Hilary Swank",Christopher Nolan,2002,5,147,Super Hit
tt0887883,Burn After Reading,6.64,4302,163720069,37000000,96,en,19.126,"Comedy, Drama","Focus Features, Relativity Media, Working Title Films, Mike Zoss Productions, StudioCanal","Brad Pitt, George Clooney, Frances McDormand","Joel Coen, Ethan Coen",2008,9,342,Blockbuster
tt2066051,Rocketman,7.328,4285,167323950,40000000,121,en,13.912,"Music, Drama, History","Paramount, New Republic Pictures, Marv Films, Rocket Pictures, Lawrence Bender Productions","Taron Egerton, Jamie Bell, Richard Madden",Dexter Fletcher,2019,5,318,Blockbuster
tt0892782,Monsters vs Aliens,6.2,4280,381509870,175000000,94,en,31.569,"Animation, Family, Adventure, Science Fiction","DreamWorks Animation, Paramount","Reese Witherspoon, Seth Rogen, Hugh Laurie",Rob Letterman,2009,3,118,Super Hit
tt1571234,Mortal Engines,6.176,4274,83869818,100000000,129,en,26.659,"Adventure, Science Fiction","Scholastic Productions, Silvertongue Films, Universal Pictures, WingNut Films, MRC","Hera Hilmar, Robert Sheehan, Hugo Weaving",Christian Rivers,2018,11,-16,Flop / Disaster
tt1538403,The Mortal Instruments: City of Bones,6.435,4273,95396573,60000000,130,en,27.548,"Fantasy, Action, Mystery","Screen Gems, Unique Features, Mister Smith Entertainment, Don Carmody Productions, Constantin Film","Lily Collins, Jamie Campbell Bower, Robert Sheehan",Harald Zwart,2013,8,59,Hit / Semi-Hit
tt6294822,The Post,6.997,4271,179769467,50000000,116,en,13.243,"Drama, History","20th Century Fox, DreamWorks Pictures, Reliance Entertainment, TSG Entertainment, Participant, Amblin Entertainment, Pascal Pictures, Star Thrower Entertainment","Meryl Streep, Tom Hanks, Sarah Paulson",Steven Spielberg,2017,12,260,Blockbuster
tt0112642,Casper,6.301,4269,287928194,50000000,100,en,31.265,"Fantasy, Comedy, Family","The Harvey Entertainment Company, Universal Pictures, Amblin Entertainment","Christina Ricci, Bill Pullman, Malachi Pearson",Brad Silberling,1995,5,476,All-Time Blockbuster
tt3829266,The Predator,5.627,4266,160542134,88000000,107,en,46.62,"Science Fiction, Action, Adventure","Davis Entertainment, TSG Entertainment, 20th Century Fox, Canada Film Capital","Boyd Holbrook, Trevante Rhodes, Olivia Munn",Shane Black,2018,9,82,Hit / Semi-Hit
tt0399295,Lord of War,7.281,4265,72617068,50000000,122,en,23.573,"Crime, Drama, Thriller","Endgame Entertainment, Entertainment Manufacturing Company, Ascendant Pictures, Saturn Films, Rising Star, Copag V, VIP Medienfonds 3, Majority Entertainment, Metro-Goldwyn-Mayer","Nicolas Cage, Jared Leto, Ethan Hawke",Andrew Niccol,2005,9,45,Average / Below Average
tt0955308,Robin Hood,6.4,4264,321669741,200000000,140,en,29.599,"Action, Adventure, Drama","Scott Free Productions, Imagine Entertainment, Relativity Media","Russell Crowe, Cate Blanchett, William Hurt",Ridley Scott,2010,5,61,Hit / Semi-Hit
tt5727208,Uncut Gems,7.1,4261,50020902,19000000,136,en,22.206,"Drama, Thriller, Crime","A24, Sikelia Productions, Scott Rudin Productions, IAC Films, Elara Pictures","Adam Sandler, Julia Fox, LaKeith Stanfield","Benny Safdie, Josh Safdie",2019,8,163,Super Hit
tt0385752,The Golden Compass,6.046,4258,372234864,180000000,113,en,21.653,"Adventure, Fantasy","Depth of Field, New Line Cinema, Scholastic Productions, Ingenious Media","Nicole Kidman, Dakota Blue Richards, Daniel Craig",Chris Weitz,2007,12,107,Super Hit
tt0112870,‡§¶‡§ø‡§≤‡§µ‡§æ‡§≤‡•á ‡§¶‡•Å‡§≤‡•ç‡§π‡§®‡§ø‡§Ø‡§æ ‡§≤‡•á ‡§ú‡§æ‡§Ø‡•á‡§Ç‡§ó‡•á,8.552,4256,100000000,13200000,190,hi,33.575,"Comedy, Drama, Romance",Yash Raj Films,"Rukh Khan, Kajol, Amrish Puri",Aditya Chopra Shah,1995,10,658,All-Time Blockbuster
tt3640424,Allied,6.8,4251,119520023,85000000,124,en,13.298,"Action, Drama, War, Romance, Thriller","Paramount, GK Films, ImageMovers, Huahua Media","Brad Pitt, Marion Cotillard, Jared Harris",Robert Zemeckis,2016,11,41,Average / Below Average
tt1528100,Exodus: Gods and Kings,5.847,4251,268031828,140000000,150,en,78.892,"Adventure, Drama, Action","Volcano Films, Chernin Entertainment, Scott Free Productions, Babieka Films","Christian Bale, Joel Edgerton, Ben Kingsley",Ridley Scott,2014,12,91,Hit / Semi-Hit
tt2278871,La Vie d'Ad√®le - Chapitres 1 et 2,7.084,4249,10165694,4300000,180,fr,27.643,"Romance, Drama","Wild Bunch, SCOPE Pictures, Quat'sous Films, France 2 Cin√©ma, RTBF, Alcatraz Films, V√©rtigo Films","LÈa Seydoux, AdËle Exarchopoulos, Salim Kechiouche",Abdellatif Kechiche,2013,10,136,Super Hit
tt0257106,Scary Movie 2,5.783,4249,141220678,45000000,83,en,57.251,Comedy,"Brad Grey Pictures, Gold/Miller Productions, Wayans Bros. Entertainment, Dimension Films","Shawn Wayans, Marlon Wayans, Anna Faris",Keenen Ivory Wayans,2001,7,214,Blockbuster
tt0380510,The Lovely Bones,7.072,4242,93621340,65000000,136,en,32.51,"Fantasy, Drama","WingNut Films, DreamWorks Pictures, Film4 Productions","Saoirse Ronan, Mark Wahlberg, Rachel Weisz",Peter Jackson,2009,12,44,Average / Below Average
tt0166813,Spirit: Stallion of the Cimarron,7.698,4239,122563539,80000000,83,en,59.149,"Animation, Adventure, Comedy, Family, Drama","DreamWorks Animation, DreamWorks Pictures","Matt Damon, James Cromwell, Daniel Studi","Kelly Asbury, Lorna Cook",2002,5,53,Hit / Semi-Hit
tt0120669,Fear and Loathing in Las Vegas,7.219,4236,10680275,18500000,118,en,28.552,"Adventure, Drama, Comedy","Summit Entertainment, Universal Pictures, Fear and Loathing LLC, Rhino Films, Shark Productions","Johnny Depp, Benicio Del Toro, Tobey Maguire",Terry Gilliam,1998,5,-42,Flop / Disaster
tt0117500,The Rock,7.1,4235,335062621,75000000,137,en,30.238,"Action, Adventure, Thriller","Don Simpson/Jerry Bruckheimer Films, Hollywood Pictures","Sean Connery, Nicolas Cage, Ed Harris",Michael Bay,1996,6,347,Blockbuster
tt0435651,The Giver,6.549,4235,66980456,25000000,97,en,14.091,"Drama, Science Fiction","The Weinstein Company, Asis Productions, Tonik Productions, Walden Media, Yucaipa Films","Jeff Bridges, Meryl Streep, Brenton Thwaites",Phillip Noyce,2014,8,168,Super Hit
tt1288558,Evil Dead,6.5,4226,97542952,17000000,91,en,38.267,Horror,"TriStar Pictures, FilmDistrict, Ghost House Pictures","Jane Levy, Shiloh Fernandez, Lou Taylor Pucci",Fede ¡lvarez,2013,4,474,All-Time Blockbuster
tt12412888,Sonic the Hedgehog 2,7.57,4225,405421518,110000000,123,en,142.66,"Action, Adventure, Family, Comedy","Original Film, Blur Studio, Marza Animation Planet, Paramount, SEGA","James Marsden, Jim Carrey, Ben Schwartz",Jeff Fowler,2022,4,269,Blockbuster
tt1860357,Deepwater Horizon,6.857,4219,121790373,110000000,107,en,26.709,"Drama, Action","Summit Entertainment, Participant, di Bonaventura Pictures, Closest to the Hole Productions, Leverage, TIK Films, Lionsgate","Mark Wahlberg, Kurt Russell, Douglas M. Griffin",Peter Berg,2016,9,11,Average / Below Average
tt0203009,Moulin Rouge!,7.575,4219,179213434,52500000,128,en,18.612,"Drama, Romance, Music","20th Century Fox, Bazmark Films","Nicole Kidman, Ewan McGregor, John Leguizamo",Baz Luhrmann,2001,5,241,Blockbuster
tt4857264,Contratiempo,8.12,4212,30000000,4000000,107,es,26.356,"Drama, Mystery, Thriller","Think Studio, Nostromo Pictures, Colos√© Producciones, ICEC, ICAA, Movistar+, TV3, Atresmedia, Orange, Cosmopolitan TV","Mario Casas, Ana Wagener, JosÈ Coronado",Oriol Paulo,2017,1,650,All-Time Blockbuster
tt1666801,The DUFF,6.8,4211,43528634,8500000,100,en,11.04,"Romance, Comedy","Wonderland Sound and Vision, CBS Films, Vast Entertainment","Mae Whitman, Robbie Amell, Bella Thorne",Ari Sandel,2015,2,412,All-Time Blockbuster
tt0358082,Robots,6.4,4210,262511490,75000000,91,en,32.543,"Animation, Comedy, Family, Science Fiction","Blue Sky Studios, 20th Century Fox Animation, 20th Century Fox","Ewan McGregor, Halle Berry, Greg Kinnear",Chris Wedge,2005,3,250,Blockbuster
tt1939659,Carrie,6.033,4193,82394288,30000000,100,en,26.839,"Drama, Horror","Misher Films, Screen Gems, Metro-Goldwyn-Mayer","Grace Moretz, Julianne Moore, Gabriella Wilde",Kimberly Peirce ChloÎ,2013,10,175,Super Hit
tt4287320,The Circle,5.512,4192,40651864,18000000,110,en,17.063,"Drama, Thriller, Science Fiction","Playtone, Image Nation, Likely Story, STX Films, IM Global, EuropaCorp","Emma Watson, Tom Hanks, John Boyega",James Ponsoldt,2017,4,126,Super Hit
tt3717490,Power Rangers,6.3,4189,142337240,105000000,124,en,39.084,"Action, Adventure, Science Fiction","Lionsgate, Saban Brands, Saban Films, Temple Hill Entertainment, TIK Films","Dacre Montgomery, Naomi Scott, RJ Cyler",Dean Israelite,2017,3,36,Average / Below Average
tt1385826,The Adjustment Bureau,6.734,4188,127869379,50200000,106,en,21.953,"Science Fiction, Thriller, Romance","Universal Pictures, MRC, Gambit Pictures","Matt Damon, Emily Blunt, Anthony Mackie",George Nolfi,2011,3,155,Super Hit
tt0396171,Perfume: The Story of a Murderer,7.4,4186,135039924,60000000,147,en,36.085,"Crime, Fantasy, Drama","Rising Star, VIP Medienfonds 4, Nouvelles √âditions de Films (NEF), Davis Films, Ikiru Films, Constantin Film, MEDIA Programme of the European Union, DreamWorks Pictures, Summit Entertainment, Bernd Eichinger Productions, CNC, Castelao Productions, Eurimages, Atresmedia, Filmax","Ben Whishaw, Alan Rickman, Rachel Hurd-Wood",Tom Tykwer,2006,9,125,Super Hit
tt1291584,Warrior,7.837,4179,23308615,25000000,140,en,48.217,"Drama, Action","Lionsgate, Mimran Schur Pictures, Solaris Film, Filmtribe","Joel Edgerton, Tom Hardy, Nick Nolte",Gavin O'Connor,2011,9,-7,Flop / Disaster
tt0093779,The Princess Bride,7.674,4176,30861665,16000000,99,en,31.347,"Adventure, Family, Fantasy, Comedy, Romance","The Princess Bride Ltd., Buttercup Films Ltd., Act III Productions","Cary Elwes, Robin Wright, Mandy Patinkin",Rob Reiner,1987,9,93,Hit / Semi-Hit
tt0265666,The Royal Tenenbaums,7.496,4176,71441250,21000000,110,en,33.203,"Comedy, Drama","Touchstone Pictures, American Empirical Pictures","Gene Hackman, Luke Wilson, Gwyneth Paltrow",Wes Anderson,2001,10,240,Blockbuster
tt3416828,Ice Age: Collision Course,6.073,4175,408579038,105000000,95,en,38.552,"Adventure, Animation, Family, Comedy, Science Fiction","Blue Sky Studios, 20th Century Fox Animation, 20th Century Fox","Ray Romano, Denis Leary, John Leguizamo",Mike Thurmeier,2016,6,289,Blockbuster
tt0100157,Misery,7.752,4175,61276872,20000000,107,en,28.704,"Drama, Thriller","Castle Rock Entertainment, Nelson Entertainment","James Caan, Kathy Bates, Richard Farnsworth",Rob Reiner,1990,11,206,Blockbuster
tt1067106,A Christmas Carol,6.855,4173,325286646,200000000,94,en,28.203,"Animation, Family, Fantasy","Walt Disney Pictures, ImageMovers","Jim Carrey, Gary Oldman, Colin Firth",Robert Zemeckis,2009,11,63,Hit / Semi-Hit
tt0093409,Lethal Weapon,7.286,4164,120207127,15000000,110,en,27.89,"Adventure, Action, Comedy, Thriller, Crime","Silver Pictures, Warner Bros. Pictures","Mel Gibson, Danny Glover, Gary Busey",Richard Donner,1987,3,701,All-Time Blockbuster
tt4438848,Neighbors 2: Sorority Rising,5.817,4164,108758521,35000000,92,en,17.212,Comedy,"Perfect World Pictures, Point Grey Pictures, Good Universe, Universal Pictures","Seth Rogen, Rose Byrne, ChloÎ Grace Moretz",Nicholas Stoller,2016,5,211,Blockbuster
tt7144666,The Black Phone,7.701,4158,161440742,17000000,103,en,51.024,"Horror, Thriller","Universal Pictures, Blumhouse Productions, Crooked Highway","Mason Thames, Madeleine McGraw, Ethan Hawke",Scott Derrickson,2022,6,850,All-Time Blockbuster
tt1790885,Zero Dark Thirty,6.981,4154,132820716,40000000,157,en,22.073,"Thriller, Drama, History","Columbia Pictures, Annapurna Pictures, First Light","Jessica Chastain, Jason Clarke, Joel Edgerton",Kathryn Bigelow,2012,12,232,Blockbuster
tt0238380,Equilibrium,7.025,4151,5359645,20000000,107,en,25.824,"Action, Science Fiction, Thriller","Blue Tulip Productions, Dimension Films","Christian Bale, Taye Diggs, Angus Macfadyen",Kurt Wimmer,2002,12,-73,Flop / Disaster
tt0101272,The Addams Family,7.031,4142,191502426,30000000,102,en,36.491,"Comedy, Fantasy","Scott Rudin Productions, Orion Pictures, Paramount","Anjelica Huston, Raul Julia, Christopher Lloyd",Barry Sonnenfeld,1991,11,538,All-Time Blockbuster
tt1013743,Knight and Day,6.195,4141,261989769,117000000,109,en,24.293,"Action, Comedy","Pink Machine, Tree Line Films, Dune Entertainment, Regency Enterprises, 20th Century Fox","Tom Cruise, Cameron Diaz, Peter Sarsgaard",James Mangold,2010,6,124,Super Hit
tt0327084,Over the Hedge,6.544,4138,343397247,80000000,83,en,29.575,"Family, Comedy, Animation","DreamWorks Animation, Paramount","Bruce Willis, Steve Carell, Wanda Sykes",Tim Johnson,2006,5,329,Blockbuster
tt1605630,American Reunion,6.283,4137,234989584,50000000,113,en,36.476,Comedy,Universal Pictures,"Jason Biggs, Alyson Hannigan, Seann William Scott",Jon Hurwitz,2012,4,370,Blockbuster
tt3532216,American Made,6.862,4137,133511855,50000000,115,en,22.082,"Action, Comedy, Crime, Drama, Thriller","Vendian Entertainment, Imagine Entertainment, Cross Creek Pictures, Quadrant Pictures, dentsu, Gobierno de Colombia","Tom Cruise, Domhnall Gleeson, Sarah Wright",Doug Liman,2017,8,167,Super Hit
tt0120587,Antz,6.14,4134,171757863,60000000,83,en,25.402,"Adventure, Animation, Comedy, Family","DreamWorks Animation, Pacific Data Images, DreamWorks Pictures","Woody Allen, Sharon Stone, Gene Hackman",Eric Darnell,1998,10,186,Super Hit
tt0952640,Alvin and the Chipmunks,5.8,4130,361366633,60000000,92,en,38.458,"Comedy, Family, Fantasy, Animation","Fox 2000 Pictures, Regency Enterprises, Bagdasarian Productions, Dune Entertainment, 20th Century Fox","Jason Lee, David Cross, Cameron Richardson",Tim Hill,2007,12,502,All-Time Blockbuster
tt1152836,Public Enemies,6.677,4129,214104620,100000000,140,en,31.781,"Crime, Action","Relativity Media, Forward Pass, Misher Films, Tribeca Productions, Appian Way, dentsu, Universal Pictures","Johnny Depp, Christian Bale, Marion Cotillard",Michael Mann,2009,7,114,Super Hit
tt1860213,Dirty Grandpa,5.913,4128,94073028,11500000,102,en,27.388,Comedy,"Covert Media, Lionsgate, BillBlock Media, QED International, Josephson Entertainment, Ninjas Runnin' Wild Productions","De Niro, Zac Efron, Aubrey Plaza",Dan Mazer Robert,2016,1,718,All-Time Blockbuster
tt2582782,Hell or High Water,7.304,4128,37589296,12000000,102,en,15.749,"Western, Crime, Drama","Sidney Kimmel Entertainment, Film 44, OddLot Entertainment, Estrella Media, Lionsgate, CBS Films, Sierra/Affinity","Jeff Bridges, Chris Pine, Ben Foster",David Mackenzie,2016,8,213,Blockbuster
tt1980209,Pain & Gain,6.243,4127,87305549,25000000,130,en,72.596,"Action, Crime, Comedy","Paramount, De Line Pictures","Mark Wahlberg, Dwayne Johnson, Anthony Mackie",Michael Bay,2013,4,249,Blockbuster
tt0859163,The Mummy: Tomb of the Dragon Emperor,5.469,4121,403449830,145000000,112,en,34.964,"Adventure, Action, Fantasy","Universal Pictures, Relativity Media, Sommers Company, The, Alphaville Films, Beijing Happy Pictures, China Film Co-Production Corporation, Giant Studios, Hivemind, Internationale Filmproduktion Blackbird Dritte, Nowita Pictures, Shanghai Film Group, Edko Films","Brendan Fraser, Jet Li, Maria Bello",Rob Cohen,2008,7,178,Super Hit
tt1590193,The Commuter,6.352,4119,119942387,30000000,104,en,19.526,"Action, Thriller, Mystery","StudioCanal, Ombra Films, TF1 Films Production, The Picture Company, Canal+, Cin√©+, Lionsgate, TF1","Liam Neeson, Vera Farmiga, Patrick Wilson",Jaume Collet-Serra,2018,1,300,Blockbuster
tt1478338,Bridesmaids,6.529,4106,288383523,32500000,125,en,30.879,"Comedy, Romance","Apatow Productions, Relativity Media","Kristen Wiig, Maya Rudolph, Rose Byrne",Paul Feig,2011,5,787,All-Time Blockbuster
tt0196229,Zoolander,6.2,4092,60780981,28000000,90,en,34.513,Comedy,"Tenth Planet Productions, Paramount, Village Roadshow Pictures, VH1 Television, NPV Entertainment, Scott Rudin Productions, MFP Munich Film Partners GmbH & Company I. Produktions KG, Red Hour","Ben Stiller, Owen Wilson, Christine Taylor",Ben Stiller,2001,9,117,Super Hit
tt3861390,Dumbo,6.639,4088,353284621,170000000,112,en,42.707,"Family, Fantasy, Adventure","Tim Burton Productions, Walt Disney Pictures, Moving Picture Company, Infinite Detective, Secret Machine Entertainment, British Film Commission, South Australian Film Corporation","Colin Farrell, Michael Keaton, Danny DeVito",Tim Burton,2019,3,108,Super Hit
tt0091763,Platoon,7.747,4087,138530565,6000000,120,en,26.482,"Drama, War, Action","Hemdale Film Corporation, Cinema 86, Cinema 84, Orion Pictures","Charlie Sheen, Tom Berenger, Willem Dafoe",Oliver Stone,1986,12,2209,All-Time Blockbuster
tt1618434,Murder Mystery,6.28,4083,0,24000000,97,en,28.429,"Action, Comedy, Mystery","Vinson Films, Endgame Entertainment, Tower Hill Entertainment, Denver and Delilah Productions, Happy Madison Productions","Adam Sandler, Jennifer Aniston, Luke Evans",Kyle Newacheck,2019,5,-100,Flop / Disaster
tt3774114,Snowden,7.1,4081,37357216,40000000,134,en,19.194,"Drama, History, Crime, Thriller","KrautPack Entertainment, Vendian Entertainment, Endgame Entertainment","Joseph Gordon-Levitt, Shailene Woodley, Melissa Leo",Oliver Stone,2016,9,-7,Flop / Disaster
tt0267913,Scooby-Doo,6.05,4071,275650703,84000000,88,en,43.41,"Mystery, Adventure, Comedy","Mosaic Media Group, Warner Bros. Pictures","Prinze Jr., Sarah Michelle Gellar, Matthew Lillard",Raja Gosnell Freddie,2002,6,228,Blockbuster
tt0164912,Stuart Little,6.043,4069,300135367,133000000,84,en,30.173,"Family, Fantasy, Comedy, Adventure","Franklin/Waterman Productions, Columbia Pictures, Global Medien KG, Red Wagon Entertainment","J. Fox, Geena Davis, Hugh Laurie",Rob Minkoff Michael,1999,12,126,Super Hit
tt0134847,Pitch Black,6.8,4066,53187659,23000000,108,en,12.417,"Thriller, Science Fiction, Action",Interscope Communications,"Vin Diesel, Radha Mitchell, Cole Hauser",David Twohy,2000,2,131,Super Hit
tt2180411,Into the Woods,5.75,4060,212902372,50000000,125,en,15.979,"Fantasy, Comedy","Walt Disney Pictures, Marc Platt Productions, Lucamar Productions","Meryl Streep, Emily Blunt, James Corden",Rob Marshall,2014,12,326,Blockbuster
tt0396269,Wedding Crashers,6.473,4060,288485135,40000000,119,en,31.639,"Comedy, Romance","Avery Pix, New Line Cinema, Tapestry Films","Owen Wilson, Vince Vaughn, Rachel McAdams",David Dobkin,2005,7,621,All-Time Blockbuster
tt0080339,Airplane!,7.282,4057,83453539,3500000,88,en,32.122,Comedy,"Paramount, Howard W. Koch Productions","Robert Hays, Julie Hagerty, Leslie Nielsen","Jim Abrahams, David Zucker, Jerry Zucker",1980,7,2284,All-Time Blockbuster
tt5220122,Hotel Transylvania 3: Summer Vacation,6.897,4056,528600000,80000000,97,en,35.492,"Animation, Comedy, Family, Fantasy","Columbia Pictures, Sony Pictures Animation","Adam Sandler, Andy Samberg, Selena Gomez",Genndy Tartakovsky,2018,6,561,All-Time Blockbuster
tt2229499,Don Jon,6,4052,0,3000000,90,en,31.696,"Romance, Comedy, Drama","Ram Bergman Productions, HitRecord Films, Voltage Pictures","Joseph Gordon-Levitt, Scarlett Johansson, Julianne Moore",Joseph Gordon-Levitt,2013,9,-100,Flop / Disaster
tt2369135,Need for Speed,6.389,4047,203277636,66000000,132,en,47.306,"Action, Crime, Drama, Thriller","Revolution Sun Studios, Reliance Entertainment, Bandito Brothers, Touchstone Pictures, Electronic Arts, DreamWorks Pictures, RAI Cinema, Leone Film Group, Andrea Leone Films","Aaron Paul, Dominic Cooper, Imogen Poots",Scott Waugh,2014,3,208,Blockbuster
tt0119008,Donnie Brasco,7.533,4044,124909762,35000000,127,en,18.658,"Crime, Drama, Thriller","Phoenix Pictures, Mark Johnson Productions, Baltimore Pictures, TriStar Pictures","Al Pacino, Johnny Depp, Michael Madsen",Mike Newell,1997,2,257,Blockbuster
tt0117008,Matilda,7.152,4043,33459416,36000000,98,en,35.03,"Comedy, Family, Science Fiction","Jersey Films, TriStar Pictures","Mara Wilson, Danny DeVito, Rhea Perlman",Danny DeVito,1996,8,-7,Flop / Disaster
tt0118884,Contact,7.417,4038,171120329,90000000,150,en,25.311,"Drama, Science Fiction, Mystery","South Side Amusement Company, Warner Bros. Pictures","Jodie Foster, Matthew McConaughey, Tom Skerritt",Robert Zemeckis,1997,7,90,Hit / Semi-Hit
tt0163978,The Beach,6.456,4038,144056873,40000000,119,en,17.58,"Drama, Adventure, Romance, Thriller",Figment Films,"Leonardo DiCaprio, Tilda Swinton, Virginie Ledoyen",Danny Boyle,2000,2,260,Blockbuster
tt0187078,Gone in Sixty Seconds,6.41,4034,237202299,90000000,118,en,22.36,"Action, Crime, Thriller","Touchstone Pictures, Jerry Bruckheimer Films","Nicolas Cage, Angelina Jolie, Giovanni Ribisi",Dominic Sena,2000,6,164,Super Hit
tt0070608,Robin Hood,7.284,4029,32056467,5000000,83,en,26.27,"Animation, Family",Walt Disney Productions,"Brian Bedford, Phil Harris, Peter Ustinov",Wolfgang Reitherman,1973,11,541,All-Time Blockbuster
tt1355630,If I Stay,7.376,4027,78274843,11000000,106,en,20.605,Drama,"New Line Cinema, Metro-Goldwyn-Mayer, Di Novi Pictures","Grace Moretz, Mireille Enos, Jamie Blackley",R.J. Cutler ChloÎ,2014,8,612,All-Time Blockbuster
tt0964517,The Fighter,7.38,4025,93617009,25000000,116,en,18.173,Drama,"Paramount, The Weinstein Company, Relativity Media, Mandeville Films, Closest to the Hole Productions, Rogue Pictures, Protozoa Pictures","Mark Wahlberg, Christian Bale, Amy Adams",David O. Russell,2010,12,274,Blockbuster
tt0335345,The Passion of the Christ,7.47,4017,611899420,30000000,127,en,43.729,Drama,Icon Productions,"Jim Caviezel, Maia Morgenstern, Monica Bellucci",Mel Gibson,2004,2,1940,All-Time Blockbuster
tt0089927,Rocky IV,7.076,4014,300473716,31000000,91,en,38.532,Drama,"Winkler Films, United Artists","Sylvester Stallone, Dolph Lundgren, Talia Shire",Sylvester Stallone,1985,11,869,All-Time Blockbuster
tt7737786,Greenland,7.14,4013,52300000,34000000,120,en,35.287,"Action, Thriller, Drama","STX Films, Thunder Road, Anton, G-BASE, Riverstone Pictures, Truenorth Productions","Gerard Butler, Morena Baccarin, Roger Dale Floyd",Ric Roman Waugh,2020,7,54,Hit / Semi-Hit
tt0112697,Clueless,7.273,4011,56631572,12000000,97,en,34.275,"Comedy, Romance",Paramount,"Alicia Silverstone, Stacey Dash, Brittany Murphy",Amy Heckerling,1995,7,372,Blockbuster
tt0489270,Saw III,6.382,4010,164874275,10000000,109,en,103.272,"Horror, Thriller, Crime","Twisted Pictures, Evolution Entertainment, Lionsgate","Tobin Bell, Shawnee Smith, Angus Macfadyen",Darren Lynn Bousman,2006,10,1549,All-Time Blockbuster
tt10954600,Ant-Man and the Wasp: Quantumania,6.431,4009,476071180,200000000,125,en,173.694,"Action, Adventure, Science Fiction","Marvel Studios, Kevin Feige Productions","Paul Rudd, Evangeline Lilly, Jonathan Majors",Peyton Reed,2023,2,138,Super Hit
tt0450385,1408,6.674,4007,132963417,25000000,104,en,23.346,"Horror, Mystery, Thriller","di Bonaventura Pictures, Dimension Films, The Weinstein Company, Metro-Goldwyn-Mayer, Lionsgate","John Cusack, Samuel L. Jackson, Mary McCormack",Mikael HÂfstrˆm,2007,6,432,All-Time Blockbuster
tt0221027,Blow,7.366,4006,83282296,53000000,124,en,19.16,"Crime, Drama","New Line Cinema, Spanky Pictures, Apostle","Johnny Depp, PenÈlope Cruz, Franka Potente",Ted Demme,2001,4,57,Hit / Semi-Hit
tt0370263,AVP: Alien vs. Predator,5.9,3999,177427090,70000000,101,en,29.36,"Adventure, Science Fiction, Action, Horror","Revolution Sun Studios, Impact Pictures, Studio Babelsberg, Davis Entertainment, Stillking Films, Brandywine Productions, Lonlink Productions, Kut Productions, Inside Track Films, Charenton Productions Limited, 20th Century Fox","Sanaa Lathan, Lance Henriksen, Raoul Bova",Paul W.S. Anderson,2004,8,153,Super Hit
tt3967856,Okja,7.389,3999,0,50000000,122,en,18.143,"Adventure, Drama, Science Fiction, Fantasy","Kate Street Picture Company, Plan B Entertainment, Lewis Pictures, Next Entertainment World","Ahn Seo-hyun, Tilda Swinton, Paul Dano",Bong Joon-ho,2017,6,-100,Flop / Disaster
tt0079470,Life of Brian,7.751,3990,20745728,4000000,94,en,33.204,Comedy,"HandMade Films, Python (Monty) Pictures Limited","Graham Chapman, John Cleese, Michael Palin",Terry Jones,1979,8,419,All-Time Blockbuster
tt1038988,[REC],7.18,3987,32511655,1500000,78,es,18.762,"Horror, Mystery","Filmax, Castelao Productions, Canal+ Espa√±a, TVE, ICO, ICAA","Manuela Velasco, Ferran Terraza, Jorge-Yamam Serrano","Jaume BalaguerÛ, Paco Plaza",2007,11,2067,All-Time Blockbuster
tt0079817,Rocky II,7.259,3973,85182160,7000000,118,en,32.759,Drama,"Winkler Films, United Artists","Sylvester Stallone, Talia Shire, Burt Young",Sylvester Stallone,1979,6,1117,All-Time Blockbuster
tt5606664,Doctor Sleep,7.158,3966,72381712,45000000,152,en,26.029,"Horror, Thriller, Fantasy","Vertigo Entertainment, Intrepid Pictures","Ewan McGregor, Rebecca Ferguson, Kyliegh Curran",Mike Flanagan,2019,10,61,Hit / Semi-Hit
tt0325703,Lara Croft: Tomb Raider - The Cradle of Life,5.744,3963,160099222,95000000,117,en,18.666,"Action, Adventure, Fantasy, Thriller","Paramount, Mutual Film Company, Lawrence Gordon Productions, Eidos Interactive, TOHO-TOWA, October Pictures, BBC Film, Tele M√ºnchen Gruppe","Angelina Jolie, Gerard Butler, Ciar·n Hinds",Jan de Bont,2003,7,69,Hit / Semi-Hit
tt0105695,Unforgiven,7.914,3960,159157447,14400000,130,en,31.894,Western,"Warner Bros. Pictures, Malpaso Productions","Clint Eastwood, Gene Hackman, Morgan Freeman",Clint Eastwood,1992,8,1005,All-Time Blockbuster
tt0120601,Being John Malkovich,7.415,3957,22863596,13000000,113,en,37.883,"Comedy, Drama, Fantasy","Gramercy Pictures, Propaganda Films, Single Cell Pictures","John Cusack, Cameron Diaz, Catherine Keener",Spike Jonze,1999,10,76,Hit / Semi-Hit
tt0095765,Nuovo Cinema Paradiso,8.453,3954,11990401,5000000,124,it,30.498,"Drama, Romance","Les Films Ariane, Cristaldifilm, RAI, TF1 Films Production, Forum Picture, Miramax","Philippe Noiret, Salvatore Cascio, Marco Leonardi",Giuseppe Tornatore,1988,11,140,Super Hit
tt0318627,Resident Evil: Apocalypse,6.341,3954,129394835,45000000,94,en,23.717,"Horror, Action, Science Fiction","Davis Films/Impact Pictures, Screen Gems, Constantin Film","Milla Jovovich, Sienna Guillory, Oded Fehr",Alexander Witt,2004,9,188,Super Hit
tt0091064,The Fly,7.4,3952,60629159,15000000,96,en,28.973,"Horror, Science Fiction","SLM Production Group, Brooksfilms","Jeff Goldblum, Geena Davis, John Getz",David Cronenberg,1986,8,304,Blockbuster
tt0413099,Evan Almighty,5.551,3948,174440724,175000000,96,en,29.604,"Fantasy, Comedy, Family","Universal Pictures, Spyglass Entertainment, Relativity Media, Shady Acres Entertainment, Original Film","Steve Carell, Morgan Freeman, Lauren Graham",Tom Shadyac,2007,6,0,Average / Below Average
tt0094898,Coming to America,6.867,3948,288752301,30000000,117,en,38.827,"Comedy, Romance","Eddie Murphy Productions, Paramount","Eddie Murphy, Arsenio Hall, James Earl Jones",John Landis,1988,6,863,All-Time Blockbuster
tt1397514,Journey 2: The Mysterious Island,6.145,3942,355692760,79000000,94,en,42.913,"Adventure, Action, Science Fiction","Walden Media, New Line Cinema, Contrafilm","Dwayne Johnson, Josh Hutcherson, Vanessa Hudgens",Brad Peyton,2012,1,350,Blockbuster
tt0097428,Ghostbusters II,6.533,3936,215394738,37000000,108,en,26.705,"Comedy, Fantasy",Columbia Pictures,"Bill Murray, Dan Aykroyd, Sigourney Weaver",Ivan Reitman,1989,6,482,All-Time Blockbuster
tt6856242,The King's Man,6.794,3932,125928656,100000000,131,en,52.773,"Action, Adventure, Thriller","Marv Films, Cloudy Productions, 20th Century Studios","Ralph Fiennes, Harris Dickinson, Gemma Arterton",Matthew Vaughn,2021,12,26,Average / Below Average
tt0989757,Dear John,6.834,3927,114977104,25000000,108,en,19.388,"Drama, Romance, War","Screen Gems, Relativity Media, Temple Hill Entertainment","Channing Tatum, Amanda Seyfried, Richard Jenkins",Lasse Hallstrˆm,2010,2,360,Blockbuster
tt2234155,The Internship,6.253,3926,44000000,58000000,119,en,1.204,Comedy,"TSG Entertainment, Regency Enterprises, Wild West Picture Show Productions, 21 Laps Entertainment, 20th Century Fox","Vince Vaughn, Owen Wilson, Rose Byrne",Shawn Levy,2013,6,-24,Flop / Disaster
tt0064116,C'era una volta il West,8.294,3923,5380118,5000000,166,it,48.342,"Drama, Western","Paramount, Rafran Cinematografica, San Marco","Henry Fonda, Charles Bronson, Claudia Cardinale",Sergio Leone,1968,12,8,Average / Below Average
tt2191701,Grown Ups 2,6.111,3920,247022278,80000000,101,en,58.414,Comedy,"Columbia Pictures, Sony Pictures, Happy Madison Productions","Adam Sandler, Kevin James, Chris Rock",Dennis Dugan,2013,7,209,Blockbuster
tt6467266,Sing 2,7.918,3919,406000000,85000000,110,en,83.117,"Animation, Family","Universal Pictures, Illumination","Matthew McConaughey, Reese Witherspoon, Scarlett Johansson",Garth Jennings,2021,12,378,Blockbuster
tt2226417,Insidious: Chapter 2,6.674,3917,161000000,5000000,106,en,45.444,"Horror, Thriller","FilmDistrict, Blumhouse Productions, Stage 6 Films, Entertainment One, Alliance Films, Solana Films","Patrick Wilson, Rose Byrne, Barbara Hershey",James Wan,2013,9,3120,All-Time Blockbuster
tt1091191,Lone Survivor,7.426,3911,149295601,40000000,121,en,52.059,"War, Action, Drama, History","EFO Films, Envision Entertainment, Film 44, Herrick Entertainment, Leverage, Spikings Entertainment, Single Berry, Closest to the Hole Productions","Mark Wahlberg, Taylor Kitsch, Emile Hirsch",Peter Berg,2013,12,273,Blockbuster
tt1563738,One Day,7.417,3910,59389433,15000000,107,en,22.97,"Drama, Romance","Color Force, Film4 Productions","Anne Hathaway, Jim Sturgess, Patricia Clarkson",Lone Scherfig,2011,3,296,Blockbuster
tt0107818,Philadelphia,7.725,3909,206678440,26000000,126,en,17.371,Drama,TriStar Pictures,"Tom Hanks, Denzel Washington, Mary Steenburgen",Jonathan Demme,1993,12,695,All-Time Blockbuster
tt7798634,Ready or Not,7.057,3909,57615777,6000000,95,en,26.743,"Comedy, Horror, Thriller","Mythology Entertainment, Vinson Films, Fox Searchlight Pictures, Radio Silence","Samara Weaving, Adam Brody, Mark O'Brien","Matt Bettinelli-Olpin, Tyler Gillett",2019,8,860,All-Time Blockbuster
tt1646987,Wrath of the Titans,5.725,3908,301970083,150000000,99,en,39.132,"Fantasy, Adventure","Thunder Road, Legendary Pictures, Cott Productions, Furia de Titanes II, A.I.E., Warner Bros. Pictures","Sam Worthington, Liam Neeson, Ralph Fiennes",Jonathan Liebesman,2012,3,101,Super Hit
tt6499752,Upgrade,7.494,3907,16706680,5000000,100,en,22.725,"Action, Thriller, Science Fiction","Goalpost Pictures, Automatik Entertainment, Blumhouse Productions, Nervous Tick, Film Victoria, BH Tilt","Logan Marshall-Green, Betty Gabriel, Harrison Gilbertson",Leigh Whannell,2018,5,234,Blockbuster
tt0079501,Mad Max,6.685,3903,100000000,350000,91,en,30.001,"Adventure, Action, Thriller, Science Fiction","Kennedy Miller Productions, Crossroads, Mad Max Films, American International Pictures","Mel Gibson, Joanne Samuel, Hugh Keays-Byrne",George Miller,1979,4,28471,All-Time Blockbuster
tt4513678,Ghostbusters: Afterlife,7.451,3898,191000000,75000000,124,en,59.556,"Fantasy, Comedy, Adventure","Columbia Pictures, Bron Studios, The Montecito Picture Company, Ghost Corps","Carrie Coon, Finn Wolfhard, Mckenna Grace",Jason Reitman,2021,11,155,Super Hit
tt2023587,Mama,6.248,3896,146497771,15000000,100,en,35.435,Horror,"Universal Pictures, Toma 78, De Milo","Jessica Chastain, Nikolaj Coster-Waldau, Megan Charpentier",Andy Muschietti,2013,1,877,All-Time Blockbuster
tt2080374,Steve Jobs,6.769,3894,34441873,30000000,122,en,11.885,"Drama, History","Universal Pictures, Scott Rudin Productions, Legendary Pictures, The Mark Gordon Company, Management 360, Cloud Eight Films","Michael Fassbender, Kate Winslet, Seth Rogen",Danny Boyle,2015,10,15,Average / Below Average
tt4651520,Bad Moms,6.496,3891,183936074,20000000,100,en,17.404,Comedy,"STX Films, BillBlock Media, Robert Simonds Productions, Suzanne Todd Productions, Huayi Brothers Pictures, Universal Pictures","Mila Kunis, Kristen Bell, Kathryn Hahn","Jon Lucas, Scott Moore",2016,7,820,All-Time Blockbuster
tt0289765,Red Dragon,7.015,3888,209196298,78000000,124,en,5.289,"Crime, Drama, Thriller","Universal Pictures, Metro-Goldwyn-Mayer, Dino De Laurentiis Company, Mikona Productions, Pan Productions, Scott Free Productions","Anthony Hopkins, Edward Norton, Ralph Fiennes",Brett Ratner,2002,10,168,Super Hit
tt0384537,Silent Hill,6.543,3887,100605135,50000000,125,en,23.291,"Horror, Mystery","TriStar Pictures, Silent Hill DCP Inc., Davis Films, Konami, Focus Features","Radha Mitchell, Sean Bean, Laurie Holden",Christophe Gans,2006,4,101,Super Hit
tt0463854,28 Weeks Later,6.583,3883,65048678,15000000,100,en,40.628,"Horror, Thriller, Science Fiction","DNA Films, Figment Films, Sociedad General de Cine S.A., UK Film Council, Fox Atomic, Koan Films","Jeremy Renner, Rose Byrne, Robert Carlyle",Juan Carlos Fresnadillo,2007,4,334,Blockbuster
tt0054698,Breakfast at Tiffany's,7.676,3883,9500000,2500000,115,en,21.54,"Comedy, Romance, Drama","Paramount, Jurow-Shepherd","Audrey Hepburn, George Peppard, Patricia Neal",Blake Edwards,1961,10,280,Blockbuster
tt5433140,Fast X,7.265,3881,704709660,340000000,142,en,1175.267,"Action, Crime, Thriller","Universal Pictures, Original Film, One Race, Perfect Storm Entertainment","Vin Diesel, Michelle Rodriguez, Jason Momoa",Louis Leterrier,2023,5,107,Super Hit
tt0824747,Changeling,7.599,3877,113398237,55000000,141,en,20.631,"Crime, Drama, Mystery","Imagine Entertainment, Malpaso Productions, Relativity Media, Universal Pictures","Angelina Jolie, John Malkovich, Jeffrey Donovan",Clint Eastwood,2008,10,106,Super Hit
tt7040874,A Simple Favor,6.629,3876,97644617,20000000,117,en,15.712,"Crime, Thriller, Mystery, Comedy","Feigco Entertainment, Bron Studios","Anna Kendrick, Blake Lively, Henry Golding",Paul Feig,2018,8,388,Blockbuster
tt1809398,Unbroken,7.44,3876,163442937,65000000,137,en,23.38,"Drama, War","Legendary Pictures, Jolie Pas, 3 Arts Entertainment","Jack OíConnell, Miyavi, Domhnall Gleeson",Angelina Jolie,2014,12,151,Super Hit
tt4501244,Why Him?,6.376,3874,118102725,38000000,111,en,16.914,Comedy,"21 Laps Entertainment, TSG Entertainment, 20th Century Fox, Red Hour","James Franco, Zoey Deutch, Bryan Cranston",John Hamburg,2016,12,211,Blockbuster
tt1956620,Sex Tape,5.405,3874,126069509,40000000,97,en,40.978,Comedy,"Escape Artists, LStar Capital, MRC, Sony Pictures","Cameron Diaz, Jason Segel, Rob Corddry",Jake Kasdan,2014,7,215,Blockbuster
tt2170439,Horrible Bosses 2,6.182,3872,107670357,42000000,108,en,29.496,Comedy,"New Line Cinema, BenderSpink, RatPac Entertainment","Jason Bateman, Jason Sudeikis, Charlie Day",Sean Anders,2014,11,156,Super Hit
tt0081398,Raging Bull,8,3872,23000000,18000000,129,en,27.108,Drama,United Artists,"De Niro, Joe Pesci, Cathy Moriarty",Martin Scorsese Robert,1980,11,28,Average / Below Average
tt1189073,La piel que habito,7.524,3869,33750478,13000000,120,es,21.077,"Drama, Horror, Mystery, Thriller",El Deseo,"Antonio Banderas, Elena Anaya, Jan Cornet",Pedro AlmodÛvar,2011,8,160,Super Hit
tt0295701,xXx,5.917,3868,277448382,70000000,124,en,32.692,"Action, Adventure, Thriller","Columbia Pictures, Original Film, Revolution Studios, Sony Pictures","Vin Diesel, Asia Argento, Marton Csokas",Rob Cohen,2002,8,296,Blockbuster
tt0038650,It's a Wonderful Life,8.26,3861,9644124,3180000,130,en,26.492,"Drama, Family, Fantasy",Liberty Films,"James Stewart, Donna Reed, Lionel Barrymore",Frank Capra,1946,12,203,Blockbuster
tt0348150,Superman Returns,5.738,3859,391081192,270000000,154,en,31.188,"Science Fiction, Action, Adventure","DC Comics, Legendary Pictures, Bad Hat Harry Productions, Warner Bros. Pictures, Peters Entertainment, Red Sun Productions Pty. Ltd.","Brandon Routh, Kate Bosworth, Kevin Spacey",Bryan Singer,2006,6,45,Average / Below Average
tt0160127,Charlie's Angels,5.819,3857,264105545,92000000,98,en,20.97,"Action, Adventure, Comedy, Crime, Thriller","Columbia Pictures, Tall Trees Productions, Flower Films, Leonard Goldberg Productions","Cameron Diaz, Drew Barrymore, Lucy Liu",McG,2000,11,187,Super Hit
tt10954652,Old,6.387,3856,90146510,18000000,108,en,39.363,"Thriller, Mystery, Horror","Universal Pictures, Blinding Edge Pictures, Perfect World Pictures, dentsu","GarcÌa Bernal, Vicky Krieps, Rufus Sewell",M. Night Shyamalan Gael,2021,7,401,All-Time Blockbuster
tt0783233,Atonement,7.652,3851,131016624,30000000,123,en,24.878,"Drama, Romance","Universal Pictures, Relativity Media, Working Title Films, StudioCanal, Focus Features","Keira Knightley, James McAvoy, Saoirse Ronan",Joe Wright,2007,9,337,Blockbuster
tt0075860,Close Encounters of the Third Kind,7.358,3837,306889114,20000000,135,en,24.943,"Science Fiction, Drama","Julia Phillips and Michael Phillips Productions, Columbia Pictures, EMI Films","Richard Dreyfuss, FranÁois Truffaut, Teri Garr",Steven Spielberg,1977,11,1434,All-Time Blockbuster
tt0086879,Amadeus,8.036,3837,51973029,18000000,161,en,28.239,"History, Music, Drama","AMLF, The Saul Zaentz Company","Murray Abraham, Tom Hulce, Elizabeth Berridge",Miloö Forman F.,1984,9,189,Super Hit
tt0099348,Dances with Wolves,7.846,3835,424208848,22000000,181,en,28.076,"Adventure, Drama, Western","Tig Productions, Majestic Films International, Allied Filmmakers","Kevin Costner, Mary McDonnell, Graham Greene",Kevin Costner,1990,3,1828,All-Time Blockbuster
tt1878870,The Edge of Seventeen,7.174,3833,18803648,9000000,105,en,20.798,"Comedy, Drama","Tang Media Productions, Gracie Films, STX Films, Huayi Brothers Pictures","Hailee Steinfeld, Woody Harrelson, Kyra Sedgwick",Kelly Fremon Craig,2016,11,109,Super Hit
tt1386588,The Other Guys,6.294,3831,170432927,100000000,107,en,21.508,"Action, Comedy, Crime","Columbia Pictures, Gary Sanchez Productions, Mosaic Media Group","Will Ferrell, Mark Wahlberg, Eva Mendes",Adam McKay,2010,8,70,Hit / Semi-Hit
tt1390411,In the Heart of the Sea,6.7,3828,93920758,100000000,122,en,21.081,"Thriller, Drama, Adventure, Action, History","Imagine Entertainment, Spring Creek Productions, Roth Films, Kjam Media, Cott Productions, Surf Film, Enelmar Productions, A.I.E., Warner Bros. Pictures, Village Roadshow Pictures","Chris Hemsworth, Benjamin Walker, Cillian Murphy",Ron Howard,2015,12,-6,Flop / Disaster
tt2446980,Joy,6.51,3828,101134059,60000000,124,en,13.845,"Drama, Comedy","TSG Entertainment, Davis Entertainment, Annapurna Pictures, Fox 2000 Pictures, 20th Century Fox","Jennifer Lawrence, Robert De Niro, Bradley Cooper",David O. Russell,2015,12,69,Hit / Semi-Hit
tt7556122,The Old Guard,7.168,3826,0,70000000,125,en,19.808,"Action, Fantasy","Skydance, Denver and Delilah Productions, Marc Evans Productions","Charlize Theron, KiKi Layne, Matthias Schoenaerts",Gina Prince-Bythewood,2020,7,-100,Flop / Disaster
tt1057500,Invictus,7.188,3826,122426792,60000000,134,en,18.243,"Drama, History","Warner Bros. Pictures, Spyglass Entertainment, Revelations Entertainment, Malpaso Productions, Liberty Pictures","Morgan Freeman, Matt Damon, Tony Kgoroge",Clint Eastwood,2009,12,104,Super Hit
tt0357413,Anchorman: The Legend of Ron Burgundy,6.7,3825,90574188,26000000,95,en,16.584,Comedy,"Apatow Productions, DreamWorks Pictures","Will Ferrell, Christina Applegate, Paul Rudd",Adam McKay,2004,6,248,Blockbuster
tt1267297,Hercules,5.758,3824,244819862,100000000,99,en,37.902,"Action, Adventure","Paramount, Radical Studios, Flynn Picture Company, Metro-Goldwyn-Mayer","Dwayne Johnson, Ian McShane, John Hurt",Brett Ratner,2014,7,145,Super Hit
tt1272878,2 Guns,6.532,3824,131940411,61000000,109,en,26.88,"Action, Comedy, Crime","Universal Pictures, Marc Platt Productions, EFO Films, Envision Entertainment, TriStar Pictures, Stage 6 Films, Foresight Unlimited, Oasis Entertainment, Herrick Entertainment, BOOM! Studios, Empyre Media Capital","Denzel Washington, Mark Wahlberg, Paula Patton",Baltasar Korm·kur,2013,8,116,Super Hit
tt1911658,Penguins of Madagascar,6.52,3818,373552094,132000000,92,en,47.594,"Family, Animation, Adventure, Comedy","DreamWorks Animation, Pacific Data Images","Tom McGrath, Chris Miller, Conrad Vernon","Eric Darnell, Simon J. Smith",2014,11,183,Super Hit
tt2404233,Gods of Egypt,5.629,3817,150680864,140000000,127,en,32.95,"Action, Adventure, Fantasy","Thunder Road, Pyramania, Summit Entertainment, Mystery Clock Cinema, TIK Films, Lionsgate, Fin Design & Effects","Brenton Thwaites, Nikolaj Coster-Waldau, Gerard Butler",Alex Proyas,2016,2,8,Average / Below Average
tt0106977,The Fugitive,7.461,3817,368875760,44000000,131,en,21.068,"Action, Thriller, Drama",Warner Bros. Pictures,"Harrison Ford, Tommy Lee Jones, Sela Ward",Andrew Davis,1993,8,738,All-Time Blockbuster
tt4123432,Fantastic Beasts: The Secrets of Dumbledore,6.721,3816,406950844,200000000,142,en,73.975,"Fantasy, Adventure, Family","Warner Bros. Pictures, Heyday Films","Eddie Redmayne, Jude Law, Mads Mikkelsen",David Yates,2022,4,103,Super Hit
tt0080455,The Blues Brothers,7.737,3816,115229890,27000000,133,en,22.134,"Music, Comedy, Action, Crime",Universal Pictures,"John Belushi, Dan Aykroyd, James Brown",John Landis,1980,6,327,Blockbuster
tt0259711,Vanilla Sky,6.808,3803,203388341,68000000,136,en,25.481,"Mystery, Science Fiction, Romance, Fantasy, Thriller, Drama","Vinyl Films, Cruise/Wagner Productions, Sogecine, Summit Entertainment, Artisan Entertainment, Paramount","Tom Cruise, PenÈlope Cruz, Cameron Diaz",Cameron Crowe,2001,12,199,Super Hit
tt2463208,The Adam Project,7.052,3799,0,116000000,106,en,39.813,"Adventure, Science Fiction","Skydance, Maximum Effort, 21 Laps Entertainment","Ryan Reynolds, Walker Scobell, Mark Ruffalo",Shawn Levy,2022,3,-100,Flop / Disaster
tt0087538,The Karate Kid,7.181,3798,130442786,8000000,126,en,33.435,"Action, Family, Drama","Columbia Pictures, Delphi II Productions, Jerry Weintraub Productions","Ralph Macchio, Pat Morita, Elisabeth Shue",John G. Avildsen,1984,6,1531,All-Time Blockbuster
tt0133240,Treasure Planet,7.526,3798,109578115,140000000,95,en,31.427,"Adventure, Animation, Family, Fantasy, Science Fiction","Walt Disney Pictures, Walt Disney Feature Animation","Joseph Gordon-Levitt, Brian Murray, Emma Thompson","Ron Clements, John Musker",2002,11,-22,Flop / Disaster
tt1321870,Gangster Squad,6.358,3798,105200903,60000000,113,en,17.991,"Crime, Drama, Action, Thriller","Village Roadshow Pictures, Lin Pictures, Langley Park Production, Warner Bros. Pictures","Sean Penn, Ryan Gosling, Emma Stone",Ruben Fleischer,2013,1,75,Hit / Semi-Hit
tt1606389,The Vow,7.234,3794,196114570,30000000,104,en,47.267,"Drama, Romance","Spyglass Entertainment, Screen Gems","Rachel McAdams, Channing Tatum, Sam Neill",Michael Sucsy,2012,2,554,All-Time Blockbuster
tt0190590,"O Brother, Where Art Thou?",7.321,3794,71870729,26000000,107,en,23.423,"Adventure, Comedy, Crime","Universal Pictures, Touchstone Pictures, Working Title Films, Blind Bard Pictures, StudioCanal","George Clooney, John Turturro, Tim Blake Nelson","Joel Coen, Ethan Coen",2000,8,176,Super Hit
tt0120783,The Parent Trap,7.163,3792,92108518,15000000,128,en,41.954,"Comedy, Family",Walt Disney Pictures,"Lindsay Lohan, Dennis Quaid, Natasha Richardson",Nancy Meyers,1998,7,514,All-Time Blockbuster
tt0432021,Resident Evil: Extinction,6.286,3792,148412065,45000000,94,en,10.493,"Horror, Action, Science Fiction","Screen Gems, Impact Pictures, Davis Films, Constantin Film","Milla Jovovich, Oded Fehr, Ali Larter",Russell Mulcahy,2007,9,230,Blockbuster
tt1411250,Riddick,6.3,3788,98337295,38000000,119,en,29.516,"Science Fiction, Action, Thriller","One Race, Riddick Canada Productions, Radar Pictures, Universal Pictures, Mandate International","Vin Diesel, Karl Urban, Jordi Moll‡",David Twohy,2013,9,159,Super Hit
tt0328828,American Wedding,6.2,3788,231449203,55000000,103,en,35.612,"Comedy, Romance","Loumolo & Co., Universal Pictures, LivePlanet, Zide-Perry Productions","Jason Biggs, Alyson Hannigan, January Jones",Jesse Dylan,2003,8,321,Blockbuster
tt0281358,A Walk to Remember,7.74,3787,47494916,11800000,101,en,27.659,"Drama, Romance","Gaylord Films, Pandora Pictures, Di Novi Pictures, Warner Bros. Pictures","Mandy Moore, Shane West, Peter Coyote",Adam Shankman,2002,1,302,Blockbuster
tt0368447,The Village,6.438,3786,256697520,60000000,108,en,19.157,"Drama, Mystery, Thriller","Touchstone Pictures, Blinding Edge Pictures, Scott Rudin Productions","Dallas Howard, Joaquin Phoenix, Adrien Brody",M. Night Shyamalan Bryce,2004,7,328,Blockbuster
tt2557490,A Million Ways to Die in the West,6.008,3784,86410000,40000000,116,en,41.822,"Comedy, Western","RGB Media, Fuzzy Door Productions, MRC, Bluegrass Films","Seth MacFarlane, Charlize Theron, Amanda Seyfried",Seth MacFarlane,2014,5,116,Super Hit
tt0876563,Â¥ñ„ÅÆ‰∏ä„ÅÆ„Éù„Éã„Éß,7.741,3783,202404009,41677699,100,ja,41.561,"Animation, Fantasy, Family","Studio Ghibli, TOHO, Nippon Television Network Corporation, dentsu, Hakuhodo DY Media Partners, The Walt Disney Company (Japan), Mitsubishi","Rumi Hiiragi, Miyu Irino, Kazuko Yoshiyuki",Hayao Miyazaki,2008,7,386,Blockbuster
tt0112281,Ace Ventura: When Nature Calls,6.3,3781,212385533,30000000,90,en,26.697,"Crime, Comedy, Adventure","Morgan Creek, Warner Bros. Pictures","Jim Carrey, Ian McNeice, Simon Callow",Steve Oedekerk,1995,11,608,All-Time Blockbuster
tt1496025,Underworld: Awakening,6.298,3777,160112671,70000000,88,en,33.031,"Fantasy, Action, Horror","Screen Gems, Lakeshore Entertainment, Sketch Films, UW4 Productions","Kate Beckinsale, Stephen Rea, Michael Ealy","MÂns MÂrlind, Bjˆrn Stein",2012,1,129,Super Hit
tt0416320,Match Point,7.348,3773,85306374,15000000,124,en,18.796,"Drama, Thriller, Crime, Romance","DreamWorks Pictures, BBC Film","Rhys Meyers, Scarlett Johansson, Emily Mortimer",Woody Allen Jonathan,2005,10,469,All-Time Blockbuster
tt0320661,Kingdom of Heaven,6.908,3772,218122627,130000000,144,en,51.552,"Drama, Action, Adventure, History, War","Scott Free Productions, BK, KOH, Reino del Cielo, Inside Track 3, 20th Century Fox, Babelsberg Film","Orlando Bloom, Eva Green, Jeremy Irons",Ridley Scott,2005,5,68,Hit / Semi-Hit
tt0058461,Per un pugno di dollari,7.848,3769,14500000,200000,99,it,29.315,Western,"Jolly Film, Ocean Films, United Artists, Constantin Film","Clint Eastwood, Marianne Koch, Gian Maria VolontÈ",Sergio Leone,1964,9,7150,All-Time Blockbuster
tt15398776,Oppenheimer,8.256,3766,933700000,100000000,181,en,463.384,"Drama, History","Syncopy, Universal Pictures, Atlas Entertainment","Cillian Murphy, Emily Blunt, Matt Damon",Christopher Nolan,2023,7,834,All-Time Blockbuster
tt1517260,The Host,6.29,3765,63327201,44000000,125,en,23.075,"Action, Adventure, Science Fiction","Open Road Films, Nick Wechsler Productions, Silver Reel, Chockstone Pictures, Universal Pictures","Saoirse Ronan, Jake Abel, Diane Kruger",Andrew Niccol,2013,3,44,Average / Below Average
tt6772950,Truth or Dare,5.963,3763,95330493,3500000,101,en,27.576,"Thriller, Horror",Blumhouse Productions,"Lucy Hale, Tyler Posey, Violett Beane",Jeff Wadlow,2018,4,2624,All-Time Blockbuster
tt0118880,Con Air,6.727,3763,224012234,75000000,116,en,39.251,"Action, Thriller, Crime","Touchstone Pictures, Jerry Bruckheimer Films","Nicolas Cage, John Cusack, John Malkovich",Simon West,1997,6,199,Super Hit
tt1821694,RED 2,6.525,3748,148100000,84000000,116,en,27.752,"Action, Comedy, Crime, Thriller","di Bonaventura Pictures, Summit Entertainment, DC Comics, DC Entertainment, Saints LA, NeoReel, Etalon-Film","Bruce Willis, John Malkovich, Mary-Louise Parker",Dean Parisot,2013,7,76,Hit / Semi-Hit
tt0084602,Rocky III,6.877,3744,270000000,17000000,99,en,38.467,Drama,"Winkler Films, United Artists","Sylvester Stallone, Talia Shire, Mr. T",Sylvester Stallone,1982,5,1488,All-Time Blockbuster
tt0306047,Scary Movie 3,5.971,3744,220673217,48000000,84,en,38.063,Comedy,"Brad Grey Pictures, Dimension Films","Anna Faris, Charlie Sheen, Regina Hall",David Zucker,2003,10,360,Blockbuster
tt2106476,Jagten,8.103,3741,18309793,3800000,116,da,19.256,Drama,"Zentropa Entertainments, Det Danske Filminstitut, DR, Eurimages, MEDIA Programme of the European Union, Svenska Filminstitutet, SVT, Film i V√§st, Nordisk Film & TV Fond","Mads Mikkelsen, Thomas Bo Larsen, Annika Wedderkopp",Thomas Vinterberg,2012,10,382,Blockbuster
tt1872194,The Judge,7.302,3741,83719388,50000000,141,en,52.209,Drama,"Village Roadshow Pictures, Big Kid Pictures, Team Downey, Warner Bros. Pictures","Downey Jr., Robert Duvall, Vera Farmiga",David Dobkin Robert,2014,10,67,Hit / Semi-Hit
tt0486655,Stardust,7.25,3741,137515140,70000000,127,en,22.676,"Adventure, Fantasy, Romance, Family","Paramount, Marv Films, Vaughn Productions, di Bonaventura Pictures, Ingenious Media","Charlie Cox, Claire Danes, Michelle Pfeiffer",Matthew Vaughn,2007,8,96,Hit / Semi-Hit
tt0425210,Lucky Number Slevin,7.479,3740,56308881,27000000,110,en,21.607,"Drama, Thriller, Crime, Mystery","The Weinstein Company, FilmEngine, Capitol Films, Ascendant Pictures, VIP Medienfonds 4, Lucky Number Slevin Productions Inc., The Complex","Josh Hartnett, Bruce Willis, Lucy Liu",Paul McGuigan,2006,2,109,Super Hit
tt1241317,Death Note,4.235,3738,0,40000000,101,en,17.072,"Crime, Fantasy, Horror, Thriller","Vertigo Entertainment, Lin Pictures","Nat Wolff, Lakeith Stanfield, Margaret Qualley",Adam Wingard,2017,8,-100,Flop / Disaster
tt0092067,Â§©Á©∫„ÅÆÂüé„É©„Éî„É•„Çø,7.961,3735,5228752,3000000,125,ja,40.12,"Adventure, Fantasy, Animation, Action, Family, Romance","Studio Ghibli, Nibariki, Tokuma Shoten","Mayumi Tanaka, Keiko Yokozawa, Kotoe Hatsui",Hayao Miyazaki,1986,8,74,Hit / Semi-Hit
tt0053125,North by Northwest,7.989,3735,13275000,4000000,136,en,27.878,"Mystery, Thriller",Metro-Goldwyn-Mayer,"Cary Grant, Eva Marie Saint, James Mason",Alfred Hitchcock,1959,7,232,Blockbuster
tt1424381,Predators,6.2,3734,127233108,40000000,107,en,41.281,"Science Fiction, Action, Thriller","Davis Entertainment, 20th Century Fox, Dune Entertainment, Troublemaker Studios","Adrien Brody, Topher Grace, Alice Braga",NimrÛd Antal,2010,7,218,Blockbuster
tt3554046,Space Jam: A New Legacy,6.829,3732,163692228,150000000,115,en,45.412,"Family, Animation, Comedy, Science Fiction","Warner Bros. Pictures Animation, SpringHill Entertainment, Proximity Media, Warner Bros. Pictures","LeBron James, Don Cheadle, Cedric Joe",Malcolm D. Lee,2021,7,9,Average / Below Average
tt0094625,AKIRA,7.946,3727,553171,10000000,124,ja,32.116,"Animation, Science Fiction, Action","MBS, Sumitomo Corporation, TOHO, Studio Fuga, Studio Aoi, Kodansha, Bandai Entertainment, Tokyo Movie Shinsha","Mitsuo Iwata, Nozomu Sasaki, Mami Koyama",Katsuhiro Otomo,1988,7,-94,Flop / Disaster
tt0296572,The Chronicles of Riddick,6.5,3727,115772733,105000000,119,en,13.058,"Action, Science Fiction","Radar Pictures, One Race, Primal Foe Productions","Vin Diesel, Judi Dench, Colm Feore",David Twohy,2004,6,10,Average / Below Average
tt0112471,Before Sunrise,7.973,3722,5987386,2500000,101,en,22.285,"Drama, Romance","Castle Rock Entertainment, Filmhaus Films, Detour Filmproduction","Ethan Hawke, Julie Delpy, Andrea Eckert",Richard Linklater,1995,1,139,Super Hit
tt0401855,Underworld: Evolution,6.57,3718,111476513,50000000,106,en,33.066,"Fantasy, Action, Thriller","Screen Gems, Lakeshore Entertainment","Kate Beckinsale, Scott Speedman, Tony Curran",Len Wiseman,2006,1,123,Super Hit
tt0311429,The League of Extraordinary Gentlemen,5.949,3712,179265204,78000000,110,en,25.498,"Fantasy, Action, Thriller, Science Fiction","JD Productions, International Production Company, Angry Films, Mediastream Dritte Film GmbH & Co. Beteiligungs KG, 20th Century Fox","Sean Connery, Naseeruddin Shah, Peta Wilson",Stephen Norrington,2003,7,130,Super Hit
tt0790736,R.I.P.D.,5.822,3708,61648500,130000000,96,en,35.812,"Fantasy, Action, Comedy","Universal Pictures, Dark Horse Entertainment, Original Film","Jeff Bridges, Ryan Reynolds, Kevin Bacon",Robert Schwentke,2013,7,-53,Flop / Disaster
tt2404463,The Heat,6.598,3707,158674180,43000000,117,en,21.735,"Action, Comedy, Crime","Chernin Entertainment, TSG Entertainment, Ingenious Media, Big Screen Productions, 20th Century Fox","Sandra Bullock, Melissa McCarthy, Demian Bichir",Paul Feig,2013,6,269,Blockbuster
tt0088323,Die unendliche Geschichte,7.197,3698,20158808,27000000,102,en,29.369,"Adventure, Fantasy, Family, Drama","Constantin Film, WDR, Bavaria Film, Dieter Geissler Filmproduktion, PSO, Warner Bros. Pictures, Bernd Eichinger Productions","Noah Hathaway, Barret Oliver, Tami Stronach",Wolfgang Petersen,1984,4,-25,Flop / Disaster
tt6155172,Roma,7.666,3697,1140769,15000000,135,es,10.591,Drama,"Participant, Esperanto Filmoj","Yalitza Aparicio, Marina de Tavira, Nancy GarcÌa",Alfonso CuarÛn,2018,8,-92,Flop / Disaster
tt0120746,The Mask of Zorro,6.55,3695,250288523,95000000,136,en,34.609,"Action, Adventure","TriStar Pictures, Amblin Entertainment","Antonio Banderas, Catherine Zeta-Jones, Anthony Hopkins",Martin Campbell,1998,7,163,Super Hit
tt5108870,Morbius,6.115,3693,167500000,75000000,105,en,53.018,"Action, Science Fiction, Fantasy","Columbia Pictures, Matt Tolmach Productions, Arad Productions","Jared Leto, Matt Smith, Adria Arjona",Daniel Espinosa,2022,3,123,Super Hit
tt2224026,Home,6.782,3693,368871007,135000000,94,en,29.249,"Fantasy, Comedy, Animation, Science Fiction, Family","DreamWorks Animation, 20th Century Fox","Jim Parsons, Rihanna, Steve Martin",Tim Johnson,2015,3,173,Super Hit
tt9764362,The Menu,7.197,3692,79628200,35000000,107,en,42.724,"Comedy, Thriller, Horror","Hyperobject Industries, Searchlight Pictures, Gary Sanchez Productions, TSG Entertainment","Ralph Fiennes, Anya Taylor-Joy, Nicholas Hoult",Mark Mylod,2022,11,128,Super Hit
tt0031381,Gone with the Wind,7.965,3691,402352579,4000000,238,en,46.849,"Drama, War, Romance","Selznick International Pictures, Metro-Goldwyn-Mayer","Clark Gable, Vivien Leigh, Olivia de Havilland",Victor Fleming,1939,12,9959,All-Time Blockbuster
tt6133466,The First Purge,5.988,3686,137056262,13000000,97,en,43.837,"Horror, Action, Thriller","Platinum Dunes, Blumhouse Productions, Universal Pictures","Y'lan Noel, Lex Scott Davis, Joivan Wade",Gerard McMurray,2018,7,954,All-Time Blockbuster
tt0266915,Rush Hour 2,6.712,3686,347325802,90000000,90,en,35.324,"Action, Comedy, Crime","New Line Cinema, Roger Birnbaum Productions","Jackie Chan, Chris Tucker, Zhang Ziyi",Brett Ratner,2001,8,286,Blockbuster
tt0056869,The Birds,7.519,3685,11500000,2500000,119,en,22.267,Horror,Alfred J. Hitchcock Productions,"Tippi Hedren, Rod Taylor, Jessica Tandy",Alfred Hitchcock,1963,3,360,Blockbuster
tt0120082,Scream 2,6.5,3678,172363301,24000000,120,en,42.672,"Horror, Mystery","Konrad Pictures, Dimension Films, Craven-Maddalena Films, Miramax","Neve Campbell, Courteney Cox, David Arquette",Wes Craven,1997,12,618,All-Time Blockbuster
tt0938283,The Last Airbender,4.662,3677,319713881,150000000,103,en,30.744,"Action, Adventure, Fantasy","Paramount, Nickelodeon Movies, Blinding Edge Pictures, Industrial Light & Magic, The Kennedy/Marshall Company","Noah Ringer, Dev Patel, Nicola Peltz",M. Night Shyamalan,2010,6,113,Super Hit
tt0111503,True Lies,7.057,3672,378882411,115000000,141,en,23.329,"Action, Thriller","Lightstorm Entertainment, 20th Century Fox","Arnold Schwarzenegger, Jamie Lee Curtis, Tom Arnold",James Cameron,1994,7,229,Blockbuster
tt0478311,Knocked Up,6.266,3670,219922417,30000000,129,en,22.351,"Comedy, Romance, Drama","Apatow Productions, Universal Pictures","Seth Rogen, Katherine Heigl, Paul Rudd",Judd Apatow,2007,6,633,All-Time Blockbuster
tt0309593,Final Destination 2,6.2,3669,90941129,26000000,90,en,38.853,"Horror, Mystery","New Line Cinema, Zide-Perry Productions","Ali Larter, A.J. Cook, Michael Landes",David R. Ellis,2003,1,250,Blockbuster
tt1855325,Resident Evil: Retribution,5.802,3669,240159255,65000000,95,en,4.209,"Action, Horror, Science Fiction","Davis Films/Impact Pictures, Constantin Film, Screen Gems","Milla Jovovich, Sienna Guillory, Michelle Rodriguez",Paul W.S. Anderson,2012,9,269,Blockbuster
tt0133152,Planet of the Apes,5.729,3667,362211740,100000000,120,en,33.651,"Thriller, Science Fiction, Action, Adventure","20th Century Fox, The Zanuck Company","Mark Wahlberg, Helena Bonham Carter, Tim Roth",Tim Burton,2001,7,262,Blockbuster
tt0098635,When Harry Met Sally...,7.405,3655,92823546,16000000,96,en,26.961,"Comedy, Romance, Drama","Castle Rock Entertainment, Nelson Entertainment","Billy Crystal, Meg Ryan, Carrie Fisher",Rob Reiner,1989,7,480,All-Time Blockbuster
tt2222042,Love and Monsters,7.335,3639,1122066,30000000,109,en,23.156,"Comedy, Action, Adventure, Fantasy",21 Laps Entertainment,"Dylan O'Brien, Jessica Henwick, Michael Rooker",Michael Matthews,2020,10,-96,Flop / Disaster
tt0108550,What's Eating Gilbert Grape,7.667,3639,10032765,11000000,118,en,26.683,"Romance, Drama",Paramount,"Johnny Depp, Leonardo DiCaprio, Juliette Lewis",Lasse Hallstrˆm,1993,12,-9,Flop / Disaster
tt0993840,Army of the Dead,6.247,3638,190700000,90000000,148,en,32.495,"Action, Crime, Drama, Horror, Science Fiction, Thriller, Fantasy",The Stone Quarry,"Dave Bautista, Ella Purnell, Ana de la Reguera",Zack Snyder,2021,5,112,Super Hit
tt0385880,Monster House,6.67,3637,140175006,75000000,91,en,40.141,"Animation, Comedy, Family, Fantasy","ImageMovers, Amblin Entertainment","Mitchel Musso, Sam Lerner, Spencer Locke",Gil Kenan,2006,6,87,Hit / Semi-Hit
tt0086960,Beverly Hills Cop,7.185,3631,316360478,14000000,105,en,26.61,"Action, Comedy, Crime","Paramount, Eddie Murphy Productions, Don Simpson/Jerry Bruckheimer Films","Eddie Murphy, Judge Reinhold, John Ashton",Martin Brest,1984,12,2160,All-Time Blockbuster
tt0120794,The Prince of Egypt,7.245,3630,218613188,70000000,99,en,36.543,"Adventure, Animation, Drama, Family","DreamWorks Animation, DreamWorks Pictures","Val Kilmer, Ralph Fiennes, Michelle Pfeiffer","Brenda Chapman, Steve Hickner",1998,12,212,Blockbuster
tt0356634,Garfield,5.669,3628,200804534,50000000,80,en,87.413,"Animation, Comedy, Family","Davis Entertainment, 20th Century Fox","Breckin Meyer, Jennifer Love Hewitt, Stephen Tobolowsky",Peter Hewitt,2004,6,302,Blockbuster
tt0319343,Elf,6.647,3626,225097437,32000000,97,en,22.515,"Comedy, Family, Fantasy","New Line Cinema, Guy Walks into a Bar Productions","Will Ferrell, James Caan, Zooey Deschanel",Jon Favreau,2003,10,603,All-Time Blockbuster
tt2101441,Spring Breakers,5.216,3625,31724284,5000000,94,en,24.581,"Drama, Crime","Iconoclast, Rabbit Bandini Productions, Division Films, Muse Productions, O' Salvation, MJZ, Pop Films, Radar Pictures","James Franco, Vanessa Hudgens, Ashley Benson",Harmony Korine,2013,1,534,All-Time Blockbuster
tt8079248,Yesterday,6.706,3623,88092097,26000000,116,en,12.82,"Comedy, Fantasy, Music, Romance",Working Title Films,"Himesh Patel, Lily James, Kate McKinnon",Danny Boyle,2019,6,239,Blockbuster
tt0371606,Chicken Little,5.88,3616,314432665,150000000,81,en,29.342,"Animation, Family, Comedy","Walt Disney Pictures, Walt Disney Feature Animation","Zach Braff, Joan Cusack, Steve Zahn",Mark Dindal,2005,11,110,Super Hit
tt0250494,Legally Blonde,6.749,3615,141774679,18000000,96,en,27.111,"Comedy, Romance","Marc Platt Productions, Metro-Goldwyn-Mayer","Reese Witherspoon, Luke Wilson, Selma Blair",Robert Luketic,2001,7,688,All-Time Blockbuster
tt0207201,What Women Want,6.434,3614,374111707,70000000,127,en,27.368,"Comedy, Romance","Paramount, Icon Productions","Mel Gibson, Helen Hunt, Marisa Tomei",Nancy Meyers,2000,12,434,All-Time Blockbuster
tt0113247,La Haine,8.087,3612,15300000,2600000,98,fr,15.397,Drama,"Kasso Productions, La Sept Cin√©ma, Les Productions Lazennec, Canal+, StudioCanal","Vincent Cassel, Hubert KoundÈ, SaÔd Taghmaoui",Mathieu Kassovitz,1995,5,488,All-Time Blockbuster
tt4786282,Lights Out,6.332,3611,148868835,4900000,81,en,20.444,"Horror, Thriller, Mystery","Warner Bros. Pictures, New Line Cinema, Atomic Monster, Grey Matter Productions, Dune Entertainment","Teresa Palmer, Gabriel Bateman, Maria Bello",David F. Sandberg,2016,7,2938,All-Time Blockbuster
tt0363547,Dawn of the Dead,7.042,3608,102278712,26000000,101,en,37.211,"Horror, Action","New Amsterdam Entertainment, Strike Entertainment, TOHO-TOWA, Universal Pictures, Cruel & Unusual Films, TOHO, Metropolitan Films, Senator International","Sarah Polley, Ving Rhames, Mekhi Phifer",Zack Snyder,2004,3,293,Blockbuster
tt1931533,Seven Psychopaths,6.809,3602,33035736,15000000,110,en,14.825,"Comedy, Crime","CBS Films, BFI, Blueprint Pictures, Film4 Productions, HanWay Films","Colin Farrell, Sam Rockwell, Woody Harrelson",Martin McDonagh,2012,10,120,Super Hit
tt1398426,Straight Outta Compton,7.785,3600,201634991,28000000,147,en,23.209,"Drama, Music, History","Broken Chair Flickz, Universal Pictures, Legendary Pictures, New Line Cinema, Cube Vision, Crucial Films, Circle of Confusion, Will Packer Productions, Xenon Pictures","Jackson Jr., Corey Hawkins, Jason Mitchell",F. Gary Gray O'Shea,2015,8,620,All-Time Blockbuster
tt0488120,Fracture,7.277,3599,91354215,10000000,113,en,23.784,Thriller,"M7 Filmproduktion, New Line Cinema, Castle Rock Entertainment, Weinstock Productions","Anthony Hopkins, Ryan Gosling, David Strathairn",Gregory Hoblit,2007,4,814,All-Time Blockbuster
tt4731136,A Cure for Wellness,6.3,3589,26620002,40000000,146,en,19.807,"Horror, Mystery, Science Fiction","Studio Babelsberg, Regency Enterprises, New Regency Pictures, TSG Entertainment, Blind Wink Productions, 20th Century Fox","Dane DeHaan, Jason Isaacs, Mia Goth",Gore Verbinski,2017,2,-33,Flop / Disaster
tt11138512,The Northman,7.1,3589,69633110,70000000,137,en,53.571,"Action, Adventure, Fantasy","New Regency Pictures, Focus Features, Perfect World Pictures, Square Peg","Alexander SkarsgÂrd, Nicole Kidman, Anya Taylor-Joy",Robert Eggers,2022,4,-1,Flop / Disaster
tt1401152,Unknown,6.667,3585,130786397,30000000,113,en,33.136,"Action, Mystery, Thriller","Studio Babelsberg, StudioCanal, Dark Castle Entertainment, Panda Productions, Horticus UK, Canal+, TF1 Films Production, Warner Bros. Pictures, Deutscher Filmf√∂rderfonds","Liam Neeson, Diane Kruger, January Jones",Jaume Collet-Serra,2011,2,336,Blockbuster
tt5001718,"Everything, Everything",7.245,3583,61621140,10000000,96,en,12.543,"Drama, Romance","Alloy Entertainment, Itaca Films, Metro-Goldwyn-Mayer","Amandla Stenberg, Nick Robinson, Anika Noni Rose",Stella Meghie,2017,5,516,All-Time Blockbuster
tt0371724,The Hitchhiker's Guide to the Galaxy,6.669,3581,104478416,50000000,109,en,18.515,"Adventure, Comedy, Science Fiction","Spyglass Entertainment, Everyman Pictures, Hammer & Tongs, Touchstone Pictures","Martin Freeman, Zooey Deschanel, Sam Rockwell",Garth Jennings,2005,4,109,Super Hit
tt7668870,Searching,7.6,3581,75462037,1000000,102,en,15.725,"Thriller, Mystery, Drama","Stage 6 Films, Screen Gems, Bazelevs Entertainment","John Cho, Debra Messing, Michelle La",Aneesh Chaganty,2018,8,7446,All-Time Blockbuster
tt0212346,Miss Congeniality,6.52,3580,212000000,45000000,111,en,27.719,"Comedy, Crime, Action","Village Roadshow Pictures, Castle Rock Entertainment, NPV Entertainment, Fortis Films, Warner Bros. Pictures","Sandra Bullock, Michael Caine, Benjamin Bratt",Donald Petrie,2000,12,371,Blockbuster
tt0359013,Blade: Trinity,5.855,3573,128905366,65000000,123,en,26.194,"Action, Horror, Fantasy","Marvel Enterprises, New Line Cinema, Amen Ra Films, Imaginary Forces, Peter Frankfurt Productions","Wesley Snipes, Kris Kristofferson, Jessica Biel",David S. Goyer,2004,12,98,Hit / Semi-Hit
tt0083907,The Evil Dead,7.307,3570,29612367,350000,85,en,39.224,Horror,Renaissance Pictures,"Bruce Campbell, Ellen Sandweiss, Richard DeManincor",Sam Raimi,1981,9,8361,All-Time Blockbuster
tt0475290,"Hail, Caesar!",5.914,3567,63647656,22000000,106,en,13.853,"Comedy, Crime","Universal Pictures, Mike Zoss Productions, Working Title Films","George Clooney, Josh Brolin, Scarlett Johansson","Joel Coen, Ethan Coen",2016,2,189,Super Hit
tt1980929,Begin Again,7.245,3563,63464861,8000000,104,en,17.403,"Comedy, Music, Romance, Drama","Likely Story, Exclusive Media, Sycamore Pictures, Apatow Productions, Black Label Media","Keira Knightley, Mark Ruffalo, Hailee Steinfeld",John Carney,2013,9,693,All-Time Blockbuster
tt0097814,È≠îÂ•≥„ÅÆÂÆÖÊÄ•‰æø,7.848,3562,4493017,6900000,103,ja,38.008,"Animation, Family, Fantasy, Adventure","Studio Ghibli, Nibariki, Studio Fuga, Tokuma Shoten, Nippon Television Network Corporation","Minami Takayama, Rei Sakuma, Kappei Yamaguchi",Hayao Miyazaki,1989,7,-35,Flop / Disaster
tt0249462,Billy Elliot,7.592,3561,109280263,5000000,110,en,22.18,"Drama, Comedy, Music","StudioCanal, BBC Film, Tiger Aspect, Arts Council of England, Working Title Films, WT2 Productions, Focus Features, Universal Pictures","Jamie Bell, Julie Walters, Gary Lewis",Stephen Daldry,2000,9,2086,All-Time Blockbuster
tt1601913,The Grey,6.563,3559,77278331,25000000,117,en,30.84,"Drama, Thriller, Action, Adventure","Open Road Films, Scott Free Productions, 1984 Private Defense Contractors, Inferno Distribution, Chambara Pictures, LD Entertainment","Liam Neeson, Frank Grillo, Dermot Mulroney",Joe Carnahan,2012,1,209,Blockbuster
tt0448694,Puss in Boots,6.538,3558,554987477,130000000,90,en,38.048,"Animation, Family, Fantasy, Adventure, Comedy","DreamWorks Animation, Paramount","Antonio Banderas, Salma Hayek, Zach Galifianakis",Chris Miller,2011,10,327,Blockbuster
tt3882082,The Boy,5.946,3558,73929392,10000000,97,en,18.328,"Horror, Thriller, Mystery","Lakeshore Entertainment, Vertigo Entertainment, STX Films","Lauren Cohan, Rupert Evans, James Russell",William Brent Bell,2016,1,639,All-Time Blockbuster
tt0462499,Rambo,6.653,3556,113244290,50000000,92,en,44.904,"Action, Thriller, War","Nu Image, Lionsgate, EFO Films, Equity Pictures Medienfonds GmbH & Co. KG IV, Millennium Media","Sylvester Stallone, Julie Benz, Matthew Marsden",Sylvester Stallone,2008,1,126,Super Hit
tt0075686,Annie Hall,7.751,3556,38288028,4000000,93,en,21.105,"Comedy, Drama, Romance","United Artists, Rollins-Joffe Productions","Woody Allen, Diane Keaton, Tony Roberts",Woody Allen,1977,4,857,All-Time Blockbuster
tt0059578,Per qualche dollaro in pi√π,8.016,3555,15000000,600000,132,it,34.444,Western,"PEA, Constantin Film, Arturo Gonz√°lez Producciones Cinematogr√°ficas","Clint Eastwood, Lee Van Cleef, Gian Maria VolontÈ",Sergio Leone,1965,12,2400,All-Time Blockbuster
tt0057546,The Sword in the Stone,7.248,3554,22182353,3000000,79,en,32.576,"Animation, Family",Walt Disney Productions,"Sebastian Cabot, Karl Swenson, Junius Matthews",Wolfgang Reitherman,1963,12,639,All-Time Blockbuster
tt0187393,The Patriot,7.166,3554,215294342,110000000,165,en,35.559,"Drama, History, War, Action","Centropolis Entertainment, Mutual Film Company, Global Medien KG, Columbia Pictures, Sony Pictures","Mel Gibson, Heath Ledger, Joely Richardson",Roland Emmerich,2000,6,96,Hit / Semi-Hit
tt0109506,The Crow,7.502,3553,50694672,23000000,102,en,31.374,"Fantasy, Action, Thriller","Dimension Films, Miramax, Crowvision Inc., Entertainment Media Investment Corporation, Jeff Most Productions, Pressman Film, Summit Entertainment","Brandon Lee, Michael Wincott, Ernie Hudson",Alex Proyas,1994,5,120,Super Hit
tt1335975,47 Ronin,6.154,3553,151783839,175000000,119,en,26.56,"Drama, Action, Fantasy","Mid Atlantic Films, Stuber Productions, Moving Picture Company, H2F Entertainment, Universal Pictures, Relativity Media","Keanu Reeves, Hiroyuki Sanada, Rinko Kikuchi",Carl Rinsch,2013,12,-13,Flop / Disaster
tt0120744,The Man in the Iron Mask,6.621,3553,182968902,35000000,132,en,19.751,"Adventure, Action, Drama","United Artists, Metro-Goldwyn-Mayer","Leonardo DiCaprio, Jeremy Irons, John Malkovich",Randall Wallace,1998,3,423,All-Time Blockbuster
tt0959337,Revolutionary Road,6.97,3551,75981180,35000000,119,en,26.031,"Drama, Romance","Scott Rudin Productions, BBC Film, Neal Street Productions, Evamere Entertainment, DreamWorks Pictures, Goldcrest","Leonardo DiCaprio, Kate Winslet, Kathy Bates",Sam Mendes,2008,12,117,Super Hit
tt0120685,Godzilla,5.605,3541,379014294,130000000,138,en,30.112,"Science Fiction, Action, Thriller","TOHO, TriStar Pictures, Independent Pictures (II), Fried Films, Centropolis Entertainment","Matthew Broderick, Jean Reno, Maria Pitillo",Roland Emmerich,1998,5,192,Super Hit
tt0458481,Sin City: A Dame to Kill For,6.4,3539,39407616,65000000,102,en,52.627,"Crime, Action, Thriller","Residaco, Miramax, Troublemaker Studios, Aldamisa Entertainment, Demarest Films, Solipsist Film, AR Films","Mickey Rourke, Jessica Alba, Josh Brolin","Robert Rodriguez, Frank Miller",2014,8,-39,Flop / Disaster
tt1071875,Ghost Rider: Spirit of Vengeance,5.003,3538,132563930,57000000,96,en,37.305,"Action, Fantasy, Thriller","Columbia Pictures, Marvel Entertainment, Crystal Sky Pictures, Michael De Luca Productions, Hyde Park Films, Arad Productions","Nicolas Cage, Ciar·n Hinds, Violante Placido","Mark Neveldine, Brian Taylor",2011,12,133,Super Hit
tt3569230,Legend,7.032,3537,42972994,25000000,132,en,29.789,"Crime, Thriller","Working Title Films, Cross Creek Pictures, Anton Capital Entertainment, StudioCanal, Canal+, Universal Pictures","Tom Hardy, Emily Browning, David Thewlis",Brian Helgeland,2015,9,72,Hit / Semi-Hit
tt0063522,Rosemary's Baby,7.813,3536,33395426,3200000,138,en,34.702,"Drama, Horror, Thriller",William Castle Productions,"Mia Farrow, John Cassavetes, Ruth Gordon",Roman Polanski,1968,6,944,All-Time Blockbuster
tt1206885,Rambo: Last Blood,6.521,3535,91490353,50000000,89,en,46.016,"Action, Thriller, Drama","Millennium Media, Templeton Media, Campbell Grobman Films, Dadi Film Group, Balboa Productions","Sylvester Stallone, Paz Vega, Sergio Peris-Mencheta",Adrian Gr¸nberg,2019,9,83,Hit / Semi-Hit
tt1220634,Resident Evil: Afterlife,6.04,3532,300228084,60000000,97,en,2.122,"Action, Adventure, Horror, Science Fiction","Screen Gems, Constantin Film, Davis Films/Impact Pictures","Milla Jovovich, Ali Larter, Wentworth Miller",Paul W.S. Anderson,2010,9,400,All-Time Blockbuster
tt0113189,GoldenEye,6.88,3530,352194034,58000000,130,en,26.642,"Adventure, Action, Thriller","Eon Productions, United Artists","Pierce Brosnan, Sean Bean, Izabella Scorupco",Martin Campbell,1995,11,507,All-Time Blockbuster
tt1974419,The Neon Demon,6.534,3522,3377430,7000000,118,en,12.96,"Thriller, Horror","Bold Films, Space Rocket Nation, Gaumont, Wild Bunch, MEDIA sub-programme of Creative Europe, Det Danske Filminstitut, DR","Elle Fanning, Karl Glusman, Jena Malone",Nicolas Winding Refn,2016,5,-52,Flop / Disaster
tt0472181,The Smurfs,5.767,3519,563749323,110000000,103,en,36.29,"Animation, Family, Adventure, Comedy, Fantasy","Sony Pictures Animation, Kerner Entertainment Company, Columbia Pictures, Sony Pictures","Patrick Harris, Jayma Mays, Hank Azaria",Raja Gosnell Neil,2011,7,412,All-Time Blockbuster
tt0443272,Lincoln,6.865,3517,275293450,65000000,149,en,20.497,"History, Drama","DreamWorks Pictures, Amblin Entertainment, Dune Entertainment, The Kennedy/Marshall Company, Participant, Reliance Entertainment, 20th Century Fox","Daniel Day-Lewis, Sally Field, Tommy Lee Jones",Steven Spielberg,2012,11,324,Blockbuster
tt1051904,Goosebumps,6.3,3516,158162788,58000000,103,en,24.932,"Adventure, Horror, Comedy","Original Film, Scholastic Entertainment, Sony Pictures, Columbia Pictures, Village Roadshow Pictures, Sony Pictures Animation","Jack Black, Dylan Minnette, Odeya Rush",Rob Letterman,2015,8,173,Super Hit
tt0414982,Final Destination 3,6.1,3513,118890272,25000000,93,en,37.305,"Horror, Mystery","New Line Cinema, Zide-Perry Productions, Kumar Mobiliengesellschaft mbH & Co. Projekt Nr. 1 KG, Hard Eight Pictures, Matinee Pictures, Practical Pictures","Elizabeth Winstead, Ryan Merriman, Kris Lemche",James Wong Mary,2006,2,376,Blockbuster
tt0089880,Rambo: First Blood Part II,6.619,3512,300400432,44000000,96,en,52.373,"Action, Adventure, Thriller, War","Carolco Pictures, Estudios Churubusco Azteca, Anabasis N.V.","Sylvester Stallone, Richard Crenna, Charles Napier",George P. Cosmatos,1985,5,583,All-Time Blockbuster
tt2850386,The Croods: A New Age,7.521,3508,215905815,65000000,95,en,63.456,"Animation, Family, Adventure, Fantasy, Comedy","Universal Pictures, DreamWorks Animation","Nicolas Cage, Emma Stone, Ryan Reynolds",Joel Crawford,2020,11,232,Blockbuster
tt0435625,The Descent,6.957,3507,57130027,3500000,99,en,23.007,"Adventure, Horror","Path√©, Celador Films, Northmen Productions","Shauna Macdonald, Natalie Mendoza, Alex Reid",Neil Marshall,2005,7,1532,All-Time Blockbuster
tt0381707,White Chicks,6.919,3505,113086475,37000000,109,en,54.851,"Comedy, Crime","Columbia Pictures, Revolution Studios, Wayans Bros. Entertainment, Gone North Productions","Shawn Wayans, Marlon Wayans, Jaime King",Keenen Ivory Wayans,2004,6,206,Blockbuster
tt0309698,Identity,7.18,3502,90259536,28000000,90,en,27.747,"Mystery, Thriller","Konrad Pictures, Columbia Pictures","John Cusack, Ray Liotta, Amanda Peet",James Mangold,2003,4,222,Blockbuster
tt0183505,"Me, Myself & Irene",6.587,3501,149270999,51000000,116,en,24.3,Comedy,"Conundrum Entertainment, 20th Century Fox","Jim Carrey, RenÈe Zellweger, Anthony Anderson",Peter Farrelly,2000,6,193,Super Hit
tt1306980,50/50,7.2,3498,39187783,8000000,100,en,16.877,"Comedy, Drama","Summit Entertainment, Mandate Pictures, Point Grey Pictures, Mandate International","Joseph Gordon-Levitt, Seth Rogen, Anna Kendrick",Jonathan Levine,2011,9,390,Blockbuster
tt0462590,Step Up,6.878,3498,114194847,12000000,104,en,26.832,"Music, Drama, Romance, Crime","Eketahuna LLC, Touchstone Pictures, Summit Entertainment, Offspring Entertainment","Channing Tatum, Jenna Dewan, Damaine Radcliff",Anne Fletcher,2006,8,852,All-Time Blockbuster
tt0251127,How to Lose a Guy in 10 Days,6.754,3496,177502387,50000000,116,en,22.124,"Comedy, Romance",Paramount,"Kate Hudson, Matthew McConaughey, Kathryn Hahn",Donald Petrie,2003,2,255,Blockbuster
tt0120660,Enemy of the State,7.009,3493,250649836,90000000,132,en,23.785,"Action, Drama, Thriller","Touchstone Pictures, Jerry Bruckheimer Films, Don Simpson/Jerry Bruckheimer Films, Scott Free Productions","Will Smith, Gene Hackman, Jon Voight",Tony Scott,1998,11,178,Super Hit
tt0424095,Flushed Away,6.265,3488,178120010,149000000,84,en,39.742,"Adventure, Animation, Comedy, Family","DreamWorks Animation, Aardman, Paramount","Hugh Jackman, Ian McKellen, Kate Winslet",David Bowers,2006,10,20,Average / Below Average
tt0322330,Freaky Friday,6.462,3482,160846332,26000000,97,en,33.708,"Comedy, Family, Fantasy","Casual Friday Productions, Gunn Films, Walt Disney Pictures","Lindsay Lohan, Jamie Lee Curtis, Mark Harmon",Mark Waters,2003,8,519,All-Time Blockbuster
tt0138749,The Road to El Dorado,7.244,3477,76432727,95000000,89,en,35.059,"Family, Adventure, Animation, Comedy, Fantasy","DreamWorks Animation, DreamWorks Pictures","Kevin Kline, Kenneth Branagh, Rosie Perez","Bibo Bergeron, Don Paul",2000,3,-20,Flop / Disaster
tt0103772,Basic Instinct,6.888,3475,352927224,49000000,127,en,34.473,"Thriller, Mystery","Carolco Pictures, Canal+","Sharon Stone, Michael Douglas, George Dzundza",Paul Verhoeven,1992,3,620,All-Time Blockbuster
tt1389072,Downsizing,5.321,3474,55003890,68000000,135,en,33.251,"Drama, Science Fiction","Ad Hominem Enterprises, Annapurna Pictures, Paramount","Matt Damon, Christoph Waltz, Hong Chau",Alexander Payne,2017,12,-19,Flop / Disaster
tt0452608,Death Race,6.25,3473,76014335,45000000,105,en,31.96,"Action, Thriller, Science Fiction","Impact Pictures, Universal Pictures, Relativity Media, Cruise/Wagner Productions, H2S2 Filmproduktionsgesellschaft, Scion Films","Jason Statham, Joan Allen, Tyrese Gibson",Paul W.S. Anderson,2008,8,69,Hit / Semi-Hit
tt1524930,Vacation,6.298,3472,104384188,31000000,99,en,27.505,Comedy,"New Line Cinema, BenderSpink, David Dobkin Productions","Daley Ed Helms, Christina Applegate, Skyler Gisondo","Jonathan Goldstein, John Francis",2015,7,237,Blockbuster
tt0910936,Pineapple Express,6.623,3470,101624843,27000000,111,en,17.322,"Action, Comedy, Crime","Columbia Pictures, Apatow Productions, Relativity Media, Sony Pictures","Seth Rogen, James Franco, Danny McBride",David Gordon Green,2008,8,276,Blockbuster
tt0078346,Superman,7.116,3467,300218018,55000000,143,en,43.678,"Science Fiction, Action, Adventure","Dovemead Films, Film Export A.G., Warner Bros. Pictures, DC Comics","Christopher Reeve, Gene Hackman, Margot Kidder",Richard Donner,1978,12,446,All-Time Blockbuster
tt0363163,Der Untergang,7.847,3460,92181574,18339750,156,de,18.56,"Drama, History, War","NDR, ORF, Degeto Film, EOS Entertainment, WDR, RAI, Constantin Film","Bruno Ganz, Alexandra Maria Lara, Ulrich Matthes",Oliver Hirschbiegel,2004,9,403,All-Time Blockbuster
tt0898367,The Road,6.998,3460,27635305,32000000,111,en,24.262,"Adventure, Drama","Dimension Films, 2929 Productions, Nick Wechsler Productions, Chockstone Pictures","Viggo Mortensen, Kodi Smit-McPhee, Charlize Theron",John Hillcoat,2009,11,-14,Flop / Disaster
tt0825232,The Bucket List,7.181,3456,175372502,45000000,97,en,20.429,"Drama, Comedy","Two Ton Films, Zadan / Meron Productions, Reiner / Greisman Productions","Jack Nicholson, Morgan Freeman, Sean Hayes",Rob Reiner,2007,12,290,Blockbuster
tt0497465,Vicky Cristina Barcelona,6.792,3456,96409300,15000000,96,en,15.457,"Drama, Romance","The Weinstein Company, Gravier Productions, Mediapro, TV3, Atresmedia, Wild Bunch","Javier Bardem, PenÈlope Cruz, Scarlett Johansson",Woody Allen,2008,8,543,All-Time Blockbuster
tt0119822,As Good as It Gets,7.393,3449,314178011,50000000,139,en,22.439,"Drama, Comedy, Romance","Gracie Films, TriStar Pictures, Sony Pictures","Jack Nicholson, Helen Hunt, Greg Kinnear",James L. Brooks,1997,12,528,All-Time Blockbuster
tt1220719,ËëâÂïè,7.8,3444,22108789,11715578,106,cn,14.247,"Drama, Action, History","Mandarin Films, Golden Harvest Company, Beijing ShengShi HuaRei Film Investment & Management Co., China Film Co-Production Corporation, New Film Studio of Beijing Starlight International Media Co. Ltd., Prosperity Pictures, Shanghai Film Group, Time Antaeus Media Group","Donnie Yen, Simon Yam, Lynn Hung",Wilson Yip,2008,12,89,Hit / Semi-Hit
tt0960144,You Don't Mess with the Zohan,5.702,3441,204313400,90000000,113,en,36.851,"Comedy, Action","Relativity Media, Columbia Pictures, Sony Pictures, Happy Madison Productions","Adam Sandler, Emmanuelle Chriqui, John Turturro",Dennis Dugan,2008,6,127,Super Hit
tt2402927,Carol,7.494,3439,40272135,11800000,118,en,14.888,"Romance, Drama","Killer Films, Number 9 Films, Film4 Productions","Cate Blanchett, Rooney Mara, Kyle Chandler",Todd Haynes,2015,11,241,Blockbuster
tt0071315,Chinatown,7.917,3436,30000000,6000000,130,en,34.601,"Crime, Drama, Mystery, Thriller","Paramount, Long Road Productions, Penthouse, Robert Evans Company","Jack Nicholson, Faye Dunaway, John Huston",Roman Polanski,1974,6,400,All-Time Blockbuster
tt0172493,"Girl, Interrupted",7.552,3433,48350205,40000000,127,en,23.023,Drama,"Red Wagon Entertainment, 3 Arts Entertainment, Global Medien KG, Columbia Pictures","Winona Ryder, Angelina Jolie, Clea DuVall",James Mangold,1999,12,21,Average / Below Average
tt1131734,Jennifer's Body,5.912,3433,31556061,16000000,107,en,33.079,"Horror, Comedy","Fox Atomic, Dune Entertainment, 20th Century Fox","Megan Fox, Amanda Seyfried, Adam Brody",Karyn Kusama,2009,9,97,Hit / Semi-Hit
tt4209788,Molly's Game,7.154,3432,59284015,30000000,140,en,16.556,"Drama, Crime","The Mark Gordon Company, Entertainment One, STX Films, Pascal Pictures, Huayi Brothers Pictures","Jessica Chastain, Idris Elba, Kevin Costner",Aaron Sorkin,2017,12,98,Hit / Semi-Hit
tt0449467,Babel,7.181,3427,135330182,25000000,143,en,16.306,Drama,"Babel Productions Inc., Paramount, Paramount Vantage, MRC, Anonymous Content, Central Films","Brad Pitt, Cate Blanchett, Gael GarcÌa Bernal",Alejandro Gonz·lez IÒ·rritu,2006,9,441,All-Time Blockbuster
tt0074285,Carrie,7.3,3415,25878153,1800000,98,en,25.558,"Horror, Thriller",United Artists,"Sissy Spacek, Piper Laurie, Amy Irving",Brian De Palma,1976,11,1338,All-Time Blockbuster
tt3717252,Underworld: Blood Wars,5.837,3413,81093313,35000000,91,en,37.242,"Fantasy, Action, Thriller, Horror","Lakeshore Entertainment, Screen Gems, Sketch Films","Kate Beckinsale, Theo James, Tobias Menzies",Anna Foerster,2016,11,132,Super Hit
tt11032374,ÂäáÂ†¥Áâà„ÄåÈ¨ºÊªÖ„ÅÆÂàÉ„ÄçÁÑ°ÈôêÂàóËªäÁ∑®,8.259,3413,503063688,15800000,117,ja,96.797,"Action, Animation, Adventure, Fantasy, Thriller","ufotable, Aniplex, Shueisha, TOHO","Natsuki Hanae, Akari Kito, Hiro Shimono",Haruo Sotozaki,2020,10,3084,All-Time Blockbuster
tt0479884,Crank,6.636,3410,42931041,12000000,88,en,21.324,"Action, Thriller, Crime","Lions Gate Films, Lakeshore Entertainment, RadicalMedia, GreeneStreet Films, Lionsgate","Jason Statham, Amy Smart, Jose Pablo Cantillo","Mark Neveldine, Brian Taylor",2006,8,258,Blockbuster
tt1327194,The Lucky One,7.118,3407,99357138,25000000,101,en,19.689,"Drama, Romance","Di Novi Pictures, Langley Park Production, Village Roadshow Pictures, Warner Bros. Pictures","Zac Efron, Taylor Schilling, Blythe Danner",Scott Hicks,2012,4,297,Blockbuster
tt7504726,The Call of the Wild,7.572,3406,111202881,109000000,100,en,36.824,"Adventure, Family, Drama","3 Arts Entertainment, 20th Century Studios, TSG Entertainment, Halon Entertainment","Harrison Ford, Omar Sy, Cara Gee",Chris Sanders,2020,2,2,Average / Below Average
tt0077416,The Deer Hunter,7.997,3406,49000000,15000000,183,en,24.097,"Drama, War","Universal Pictures, EMI Films","De Niro, Christopher Walken, John Savage",Michael Cimino Robert,1978,12,227,Blockbuster
tt2709692,The Grinch,6.828,3401,508575295,75000000,85,en,36.415,"Animation, Family, Comedy, Fantasy","Illumination, Dr. Seuss Enterprises, Universal Animation Studios","Benedict Cumberbatch, Cameron Seely, Rashida Jones","Yarrow Cheney, Scott Mosier",2018,11,578,All-Time Blockbuster
tt0448134,Sunshine,6.953,3399,34806812,50000000,107,en,20.188,"Drama, Science Fiction, Thriller","Ingenious Media, Moving Picture Company, UK Film Council, DNA Films","Cillian Murphy, Rose Byrne, Chris Evans",Danny Boyle,2007,4,-30,Flop / Disaster
tt6673612,Dolittle,6.638,3399,251410631,175000000,101,en,23.387,"Family, Fantasy, Adventure","Universal Pictures, Team Downey, Perfect World Pictures, Roth-Kirschenbaum Films, dentsu","Downey Jr., Antonio Banderas, Michael Sheen",Stephen Gaghan Robert,2020,1,44,Average / Below Average
tt0027977,Modern Times,8.293,3394,1800000,1500000,87,en,19.539,"Comedy, Drama","Charles Chaplin Productions, United Artists","Charles Chaplin, Paulette Goddard, Henry Bergman",Charles Chaplin,1936,2,20,Average / Below Average
tt0183649,Phone Booth,6.837,3392,97837138,13000000,81,en,18.494,Thriller,"Fox 2000 Pictures, Zucker/Netter Productions","Colin Farrell, Kiefer Sutherland, Forest Whitaker",Joel Schumacher,2003,4,653,All-Time Blockbuster
tt0452623,Gone Baby Gone,7.302,3388,34619699,19000000,113,en,16.593,"Crime, Drama, Mystery","Miramax, The Ladd Company","Casey Affleck, Michelle Monaghan, Morgan Freeman",Ben Affleck,2007,9,82,Hit / Semi-Hit
tt0985699,Valkyrie,6.909,3384,200276000,75000000,121,en,19.493,"Drama, Thriller, War","United Artists, Bad Hat Harry Productions, Achte Babelsberg Film","Tom Cruise, Bill Nighy, Carice van Houten",Bryan Singer,2008,12,167,Super Hit
tt1001508,He's Just Not That Into You,6.515,3376,178866158,40000000,129,en,27.681,"Comedy, Romance, Drama","Flower Films, Warner Bros. Pictures, New Line Cinema","Ben Affleck, Jennifer Aniston, Drew Barrymore",Ken Kwapis,2009,2,347,Blockbuster
tt1127180,Drag Me to Hell,6.404,3372,90810892,30000000,99,en,32.888,"Horror, Thriller","Universal Pictures, Ghost House Pictures, Buckaroo Entertainment, Curse Productions, Mandate Pictures","Alison Lohman, Justin Long, Lorna Raver",Sam Raimi,2009,3,203,Blockbuster
tt1985949,The Angry Birds Movie,6.205,3369,349779543,73000000,97,en,24.75,"Animation, Adventure, Comedy","Columbia Pictures, Rovio Entertainment, Rovio Animation","Jason Sudeikis, Josh Gad, Danny McBride","Clay Kaytis, Fergal Reilly",2016,5,379,Blockbuster
tt1403981,Remember Me,7.102,3367,56032889,16000000,113,en,18.789,"Drama, Romance",Summit Entertainment,"Robert Pattinson, Emilie de Ravin, Pierce Brosnan",Allen Coulter,2010,3,250,Blockbuster
tt3104988,Crazy Rich Asians,7.074,3364,238539198,30000000,121,en,21.434,"Comedy, Drama, Romance","Color Force, Ivanhoe Pictures, Warner Bros. Pictures","Constance Wu, Henry Golding, Michelle Yeoh",Jon M. Chu,2018,8,695,All-Time Blockbuster
tt0308644,Finding Neverland,7.322,3358,116766556,25000000,106,en,18.56,Drama,"Miramax, FilmColony","Johnny Depp, Kate Winslet, Julie Christie",Marc Forster,2004,10,367,Blockbuster
tt4302938,Kubo and the Two Strings,7.64,3358,76249438,60000000,102,en,24.598,"Animation, Adventure, Family","Laika Entertainment, Focus Features","Charlize Theron, Art Parkinson, Matthew McConaughey",Travis Knight,2016,8,27,Average / Below Average
tt1109624,Paddington,7.061,3356,259207227,55000000,96,en,22.74,"Comedy, Adventure, Family","Heyday Films, StudioCanal, Anton Capital Entertainment, TF1 Films Production, Canal+, Cin√©+, TF1, The Weinstein Company, Dimension Films","Hugh Bonneville, Sally Hawkins, Ben Whishaw",Paul King,2014,11,371,Blockbuster
tt1618442,The Last Witch Hunter,5.948,3355,146936910,90000000,106,en,27.719,"Fantasy, Action, Adventure","NeoReel, Summit Entertainment, Atmosphere Entertainment MM, Goldmann Pictures, Aperture Entertainment, TIK Films, One Race, Lionsgate","Vin Diesel, Rose Leslie, Elijah Wood",Breck Eisner,2015,10,63,Hit / Semi-Hit
tt0353969,ÏÇ¥Ïù∏Ïùò Ï∂îÏñµ,8.066,3351,26000000,2800000,131,ko,29.117,"Crime, Drama, Thriller","CJ Entertainment, Muhan Investment, Sidus","Song Kang-ho, Kim Sang-kyung, Kim Roe-ha",Park Chan-wook,2003,5,829,All-Time Blockbuster
tt0890870,Saw IV,6.155,3349,139352633,10000000,93,en,92.954,"Horror, Thriller, Crime","Twisted Pictures, Lionsgate","Tobin Bell, Costas Mandylor, Scott Patterson",Darren Lynn Bousman,2007,10,1294,All-Time Blockbuster
tt2203939,The Other Woman,6.42,3344,196781193,40000000,109,en,15.837,"Comedy, Romance","LBI Productions, 20th Century Fox, TSG Entertainment","Cameron Diaz, Leslie Mann, Kate Upton",Nick Cassavetes,2014,4,392,Blockbuster
tt2452244,Isn't It Romantic,6.225,3343,48800000,31000000,89,en,13.625,"Comedy, Fantasy, Romance","New Line Cinema, Bron Studios, Broken Road Productions, Camp Sugar, Creative Wealth Media Finance","Rebel Wilson, Liam Hemsworth, Adam Devine",Todd Strauss-Schulson,2019,2,57,Hit / Semi-Hit
tt0114898,Waterworld,6.193,3342,264218220,175000000,135,en,30.974,"Adventure, Action, Science Fiction","Gordon Company, Davis Entertainment, Universal Pictures, Licht/Mueller Film Corporation","Kevin Costner, Jeanne Tripplehorn, Dennis Hopper",Kevin Reynolds,1995,7,51,Hit / Semi-Hit
tt1125849,The Wrestler,7.532,3341,44734660,6000000,109,en,17.161,"Drama, Romance","Wild Bunch, Top Rope, Saturn Films, Protozoa Pictures","Mickey Rourke, Marisa Tomei, Evan Rachel Wood",Darren Aronofsky,2008,9,646,All-Time Blockbuster
tt0363988,Secret Window,6.578,3339,92913171,40000000,96,en,18.194,"Mystery, Thriller","Pariah Entertainment Group, Grand Slam Productions, Columbia Pictures","Johnny Depp, John Turturro, Maria Bello",David Koepp,2004,3,132,Super Hit
tt0834001,Underworld: Rise of the Lycans,6.501,3337,92158961,35000000,92,en,34.037,"Fantasy, Action, Thriller","Screen Gems, Lakeshore Entertainment, Sketch Films, UW3 Film Productions","Rhona Mitra, Michael Sheen, Bill Nighy",Patrick Tatopoulos,2009,1,163,Super Hit
tt0182789,Bicentennial Man,7.236,3337,87423861,100000000,131,en,28.882,"Science Fiction, Drama","Columbia Pictures, Touchstone Pictures, 1492 Pictures, Laurence Mark Productions, Radiant Productions","Robin Williams, Embeth Davidtz, Sam Neill",Chris Columbus,1999,12,-13,Flop / Disaster
tt1193138,Up in the Air,6.852,3332,166842739,25000000,110,en,27.184,"Drama, Romance","Right of Way Films, Paramount, Cold Spring Pictures, Rickshaw Productions, The Montecito Picture Company, DW Studios","George Clooney, Vera Farmiga, Anna Kendrick",Jason Reitman,2009,9,567,All-Time Blockbuster
tt0106697,Demolition Man,6.684,3329,58055768,57000000,115,en,41.096,"Crime, Action, Science Fiction","Silver Pictures, Warner Bros. Pictures","Sylvester Stallone, Wesley Snipes, Sandra Bullock",Marco Brambilla,1993,10,2,Average / Below Average
tt2177771,The Monuments Men,6.037,3324,154984035,70000000,118,en,25.23,"War, Drama, History, Action","20th Century Fox, Columbia Pictures, Fox 2000 Pictures, Smoke House Pictures, Obelisk Productions, Studio Babelsberg","George Clooney, Matt Damon, Bill Murray",George Clooney,2014,1,121,Super Hit
tt0405094,Das Leben der Anderen,8.035,3319,70000000,2000000,137,de,16.036,"Drama, Thriller","Creado Film, Wiedemann & Berg Film, ARD, Sony Pictures Classics, ARTE, Buena Vista International (Germany) GmbH, Beta Cinema","Ulrich M¸he, Martina Gedeck, Sebastian Koch",Florian Henckel von Donnersmarck,2006,3,3400,All-Time Blockbuster
tt3521126,The Disaster Artist,7.113,3316,29820616,10000000,104,en,14.072,"Comedy, Drama","New Line Cinema, Rabbit Bandini Productions, Point Grey Pictures, Good Universe, RatPac Entertainment, Ramona Films","James Franco, Dave Franco, Ari Graynor",James Franco,2017,3,198,Super Hit
tt0425061,Get Smart,6.17,3315,230685453,80000000,110,en,20.629,"Action, Comedy, Thriller","Mosaic Media Group, Mad Chance, Callahan Filmworks, Atlas Entertainment, WV Films IV","Steve Carell, Anne Hathaway, Alan Arkin",Peter Segal,2008,6,188,Super Hit
tt0450278,Hostel,5.927,3313,81979826,4800000,94,en,21.3,Horror,"International Production Company, Raw Nerve, Next Entertainment, Hostel LLC","Jay Hernandez, Derek Richardson, Eythor Gudjonsson",Eli Roth,2006,1,1608,All-Time Blockbuster
tt0257044,Road to Perdition,7.352,3313,181001478,80000000,117,en,20.816,"Crime, Drama, Thriller","The Zanuck Company, 20th Century Fox, DreamWorks Pictures","Tom Hanks, Paul Newman, Jude Law",Sam Mendes,2002,7,126,Super Hit
tt0962726,High School Musical 3: Senior Year,6.563,3304,252909177,11000000,117,en,22.254,"Comedy, Romance, Drama, Family, Music","Walt Disney Pictures, Borden & Rosenbush Entertainment","Zac Efron, Vanessa Hudgens, Ashley Tisdale",Kenny Ortega,2008,10,2199,All-Time Blockbuster
tt1679335,Trolls,6.671,3304,346864462,125000000,92,en,37.18,"Family, Animation, Fantasy, Adventure, Comedy, Music","DreamWorks Animation, 20th Century Fox","Anna Kendrick, Justin Timberlake, Zooey Deschanel",Mike Mitchell,2016,10,177,Super Hit
tt1142988,The Ugly Truth,6.493,3302,321682600,38000000,96,en,30.079,"Comedy, Romance","Lakeshore Entertainment, Relativity Media","Katherine Heigl, Gerard Butler, Bree Turner",Robert Luketic,2009,7,747,All-Time Blockbuster
tt3348730,Jigsaw,6.2,3301,102952888,10000000,92,en,128.026,"Horror, Mystery, Thriller","Twisted Pictures, A Bigger Boat, Serendipity Productions, Lionsgate","Matt Passmore, Tobin Bell, Callum Keith Rennie","Michael Spierig, Peter Spierig",2017,10,930,All-Time Blockbuster
tt0106856,Falling Down,7.368,3300,40903593,25000000,113,en,30.71,"Crime, Drama, Thriller","Regency Enterprises, Alcor Films, Warner Bros. Pictures, Canal+","Michael Douglas, Robert Duvall, Barbara Hershey",Joel Schumacher,1993,2,64,Hit / Semi-Hit
tt4016934,ÏïÑÍ∞ÄÏî®,8.246,3299,38600000,8575000,145,ko,55.173,"Thriller, Drama, Romance","Moho Film, Yong Film, CJ Entertainment","Park Jung-min, Kim Go-eun, Jung Jin-young",Lee Joon-ik,2016,6,350,Blockbuster
tt1262416,Scream 4,6.4,3299,97231420,40000000,111,en,42.02,"Horror, Mystery","Dimension Films, The Weinstein Company, Outerbanks Entertainment","Neve Campbell, Courteney Cox, David Arquette",Wes Craven,2011,4,143,Super Hit
tt0094737,Big,7.162,3299,151927281,18000000,104,en,20.662,"Fantasy, Drama, Comedy, Romance, Family","American Entertainment Partners II L.P., Gracie Films, 20th Century Fox","Tom Hanks, Elizabeth Perkins, Robert Loggia",Penny Marshall,1988,6,744,All-Time Blockbuster
tt0095705,The Naked Gun: From the Files of Police Squad!,7.233,3297,78756177,12000000,86,en,27.114,"Comedy, Crime",Paramount,"Leslie Nielsen, Priscilla Presley, Ricardo Montalban",David Zucker,1988,12,556,All-Time Blockbuster
tt0082694,Mad Max 2,7.387,3295,24600832,2000000,96,en,28.588,"Adventure, Action, Thriller, Science Fiction",Kennedy Miller Productions,"Mel Gibson, Bruce Spence, Michael Preston",George Miller,1981,12,1130,All-Time Blockbuster
tt1126590,Big Eyes,6.989,3294,28883511,10000000,106,en,17.203,Drama,"The Weinstein Company, Silverwood Films, Electric City Entertainment, Tim Burton Productions","Amy Adams, Christoph Waltz, Danny Huston",Tim Burton,2014,12,189,Super Hit
tt1599348,Safe House,6.443,3294,208076205,85000000,115,en,22.791,"Action, Thriller","Universal Pictures, Relativity Media, Bluegrass Films, dentsu","Denzel Washington, Ryan Reynolds, Vera Farmiga",Daniel Espinosa,2012,2,145,Super Hit
tt0388482,Transporter 2,6.311,3283,89083229,32000000,87,en,27.185,"Action, Thriller, Crime","TPS Star, EuropaCorp, Current Entertainment, Sea Side Films Florida Inc., Canal+, TF1 Films Production","Jason Statham, Amber Valletta, Alessandro Gassmann",Louis Leterrier,2005,8,178,Super Hit
tt6628394,Bad Times at the El Royale,6.83,3281,31882724,32000000,141,en,16.267,"Thriller, Drama, Mystery, Crime","20th Century Fox, Goddard Textiles, TSG Entertainment","Jeff Bridges, Cynthia Erivo, Dakota Johnson",Drew Goddard,2018,10,0,Average / Below Average
tt0215750,Enemy at the Gates,7.405,3277,96976270,68000000,131,en,22.953,"Drama, War, History","Paramount, Mandalay Pictures, KC Medien, Reperage, DOS, MP Film Management, Little Bird, Lions Gate Films, Summit Entertainment","Jude Law, Ed Harris, Rachel Weisz",Jean-Jacques Annaud,2001,3,43,Average / Below Average
tt1596365,The Woman in Black,6.124,3272,127730736,17000000,95,en,20.153,"Drama, Horror, Thriller","Hammer Film Productions, Alliance Films, Talisman Productions, Filmgate Films, Film i V√§st","Daniel Radcliffe, Janet McTeer, Ciar·n Hinds",James Watkins,2012,2,651,All-Time Blockbuster
tt0055928,Dr. No,6.995,3270,59567035,1200000,110,en,28.018,"Adventure, Action, Thriller","United Artists, Eon Productions, Danjaq","Sean Connery, Ursula Andress, Joseph Wiseman",Terence Young,1962,10,4864,All-Time Blockbuster
tt5090568,Transformers: Rise of the Beasts,7.492,3270,429800000,195000000,127,en,616.74,"Action, Adventure, Science Fiction","Skydance, Paramount, di Bonaventura Pictures, Bay Films, New Republic Pictures, Tom DeSanto/Don Murphy Production, Hasbro","Anthony Ramos, Dominique Fishback, Luna Lauren VÈlez",Steven Caple Jr.,2023,6,120,Super Hit
tt10954984,Nope,6.9,3268,170823080,68000000,130,en,50.448,"Horror, Science Fiction, Mystery","Monkeypaw Productions, Universal Pictures, dentsu","Daniel Kaluuya, Keke Palmer, Steven Yeun",Jordan Peele,2022,7,151,Super Hit
tt0472033,9,6.907,3263,48428063,30000000,79,en,24.562,"Action, Adventure, Animation, Science Fiction, Thriller","Tim Burton Productions, Relativity Media, Arc Productions, Starz Animation, Focus Features","Elijah Wood, John C. Reilly, Jennifer Connelly",Shane Acker,2009,8,61,Hit / Semi-Hit
tt0058150,Goldfinger,7.345,3259,124881062,2500000,110,en,27.343,"Adventure, Action, Thriller","Eon Productions, Danjaq, United Artists","Sean Connery, Honor Blackman, Gert Frˆbe",Guy Hamilton,1964,9,4895,All-Time Blockbuster
tt4034354,Swiss Army Man,6.9,3259,4900000,3000000,97,en,28.144,"Comedy, Drama, Romance, Fantasy, Adventure","BlackBird, Tadmor, Astrakan Films AB, Cold Iron Pictures, Prettybird","Paul Dano, Daniel Radcliffe, Mary Elizabeth Winstead","Daniel Scheinert, Daniel Kwan",2016,6,63,Hit / Semi-Hit
tt0486822,Disturbia,6.685,3254,117760134,20000000,105,en,20.801,"Thriller, Drama, Mystery","Paramount, Cold Spring Pictures, DreamWorks Pictures, The Montecito Picture Company","Shia LaBeouf, Sarah Roemer, David Morse",D.J. Caruso,2007,4,489,All-Time Blockbuster
tt0949731,The Happening,5.379,3252,163403799,60000000,91,en,35.103,"Thriller, Science Fiction","Dune Entertainment, Spyglass Entertainment, Blinding Edge Pictures, UTV Motion Pictures, 20th Century Fox","Mark Wahlberg, Zooey Deschanel, John Leguizamo",M. Night Shyamalan,2008,6,172,Super Hit
tt1691916,Before I Fall,6.969,3252,18900000,5000000,98,en,13.67,"Drama, Mystery, Thriller, Fantasy","Open Road Films, Jon Shestack Productions, Awesomeness Films, Good Universe","Zoey Deutch, Halston Sage, Logan Miller",Ry Russo-Young,2017,3,278,Blockbuster
tt2800240,Qu'est-ce qu'on a fait au Bon Dieu ?,6.672,3250,176404493,13000000,94,fr,11,Comedy,UGC,"Christian Clavier, Chantal Lauby, Ary Abittan",Philippe de Chauveron,2014,4,1257,All-Time Blockbuster
tt3949660,Teenage Mutant Ninja Turtles: Out of the Shadows,6.006,3247,245623848,135000000,112,en,37.237,"Action, Adventure, Comedy, Family, Science Fiction","5150 Action, Paramount, Nickelodeon Movies, Platinum Dunes, Gama Entertainment Partners","Megan Fox, Stephen Amell, Will Arnett",Dave Green,2016,6,82,Hit / Semi-Hit
tt0381849,3:10 to Yuma,7.201,3247,70016220,55000000,122,en,21.659,Western,"Lionsgate, Tree Line Films, Relativity Media, Yuma","Russell Crowe, Christian Bale, Logan Lerman",James Mangold,2007,9,27,Average / Below Average
tt3416742,What We Do in the Shadows,7.6,3241,6263224,1600000,86,en,14.341,"Comedy, Horror","Unison Films, Defender Films, Funny or Die, New Zealand Film Commission, Resnick Interactive Development","Taika Waititi, Jemaine Clement, Jonathan Brugh",Taika Waititi,2014,6,291,Blockbuster
tt0838221,The Darjeeling Limited,7.163,3240,24377151,16000000,92,en,18.194,"Adventure, Drama, Comedy","Fox Searchlight Pictures, Scott Rudin Productions, American Empirical Pictures","Owen Wilson, Adrien Brody, Jason Schwartzman",Wes Anderson,2007,9,52,Hit / Semi-Hit
tt4799066,Midnight Sun,7.795,3237,27365467,2800000,91,en,23.479,"Romance, Drama","Boies/Schiller Film Group, Wrigley Pictures, Universal Pictures","Bella Thorne, Patrick Schwarzenegger, Rob Riggle",Scott Speer,2018,3,877,All-Time Blockbuster
tt0047478,‰∏É‰∫∫„ÅÆ‰æç,8.452,3230,346300,2000000,207,ja,36.579,"Action, Drama",TOHO,"Toshir? Mifune, Takashi Shimura, Keiko Tsushima",Akira Kurosawa,1954,4,-83,Flop / Disaster
tt0117665,Sleepers,7.597,3230,165615285,44000000,147,en,24.691,"Crime, Drama, Thriller","Propaganda Films, Baltimore Pictures, Warner Bros. Pictures","Kevin Bacon, Brad Pitt, Robert De Niro",Barry Levinson,1996,10,276,Blockbuster
tt0175880,Magnolia,7.727,3229,48451803,37000000,189,en,22.963,Drama,"Ghoulardi Film Company, The Magnolia Project, New Line Cinema","Tom Cruise, Julianne Moore, Philip Seymour Hoffman",Paul Thomas Anderson,1999,12,31,Average / Below Average
tt0134119,The Talented Mr. Ripley,7.176,3228,128798265,40000000,139,en,23.241,"Thriller, Crime, Drama","Timnick Films, Paramount, Miramax, Mirage Enterprises","Matt Damon, Jude Law, Gwyneth Paltrow",Anthony Minghella,1999,12,222,Blockbuster
tt2334873,Blue Jasmine,6.998,3222,99206215,18000000,99,en,14.324,Drama,"Gravier Productions, Perdido Productions","Cate Blanchett, Sally Hawkins, Alec Baldwin",Woody Allen,2013,8,451,All-Time Blockbuster
tt0477080,Unstoppable,6.561,3222,167805466,100000000,98,en,27.263,"Action, Thriller","Prospect Park, Scott Free Productions, Firm Films, Millbrook Farm Productions, 20th Century Fox","Denzel Washington, Chris Pine, Rosario Dawson",Tony Scott,2010,11,68,Hit / Semi-Hit
tt5439796,Logan Lucky,6.729,3221,48453605,29000000,118,en,20.376,"Comedy, Crime, Action, Drama","Free Association, Trans-Radial Pictures, Universal Pictures","Channing Tatum, Adam Driver, Daniel Craig",Steven Soderbergh,2017,8,67,Hit / Semi-Hit
tt15325794,Fall,7.253,3217,16120263,3000000,107,en,135.599,Thriller,"Tea Shop Productions, BuzzFeed Studios, Capstone Pictures","Caroline Currey, Virginia Gardner, Mason Gooding",Scott Mann Grace,2022,8,437,All-Time Blockbuster
tt1482459,The Lorax,6.496,3213,348840316,70000000,86,en,94.834,"Animation, Family","Universal Pictures, Illumination, Comcast","Danny DeVito, Zac Efron, Taylor Swift",Chris Renaud,2012,3,398,Blockbuster
tt5776858,Phantom Thread,7.3,3211,47756590,35000000,130,en,19.184,"Drama, Romance","Ghoulardi Film Company, Focus Features, Annapurna Pictures, Perfect World Pictures","Daniel Day-Lewis, Vicky Krieps, Lesley Manville",Paul Thomas Anderson,2017,12,36,Average / Below Average
tt4172430,13 Hours: The Secret Soldiers of Benghazi,7.27,3211,69411370,50000000,144,en,44.505,"War, Action, History, Drama","Paramount, 3 Arts Entertainment, Bay Films, Latina Pictures, Dune Films","John Krasinski, James Badge Dale, Pablo Schreiber",Michael Bay,2016,1,39,Average / Below Average
tt1086772,Blended,6.865,3211,127994610,40000000,117,en,43.795,"Comedy, Romance","GulfStream Pictures, Happy Madison Productions, RatPac Entertainment","Adam Sandler, Drew Barrymore, Bella Thorne",Frank Coraci,2014,5,220,Blockbuster
tt2312718,Homefront,6.957,3210,43058898,22000000,100,en,41.134,"Action, Thriller","Open Road Films, Millennium Media, Universal Pictures","Jason Statham, James Franco, Winona Ryder",Gary Fleder,2013,11,96,Hit / Semi-Hit
tt8760708,M3GAN,7.219,3210,179960167,12000000,102,en,100.625,"Science Fiction, Horror","Atomic Monster, Blumhouse Productions, Divide / Conquer, Universal Pictures","Allison Williams, Violet McGraw, Amie Donald",Gerard Johnstone,2022,12,1400,All-Time Blockbuster
tt0379786,Serenity,7.369,3207,38869464,39000000,119,en,20.425,"Science Fiction, Action, Adventure, Thriller","Universal Pictures, Barry Mendel Productions","Nathan Fillion, Gina Torres, Alan Tudyk",Joss Whedon,2005,9,0,Average / Below Average
tt1527186,Melancholia,7.198,3207,15946321,7400000,135,en,16.483,"Drama, Science Fiction","Zentropa Entertainments, Memfis Film, Zentropa International Sweden, Slot Machine, Liberator Productions, Zentropa International K√∂ln, DR, Film i V√§st, ARTE France Cin√©ma","Kirsten Dunst, Charlotte Gainsbourg, Alexander SkarsgÂrd",Lars von Trier,2011,5,115,Super Hit
tt2357291,Rio 2,6.5,3207,500188435,103000000,101,en,41.757,"Animation, Adventure, Comedy, Family","Blue Sky Studios, 20th Century Fox Animation, 20th Century Fox","Anne Hathaway, Jesse Eisenberg, will.i.am",Carlos Saldanha,2014,3,386,Blockbuster
tt0107952,The Return of Jafar,6.242,3203,0,3500000,69,en,31.587,"Family, Adventure, Animation, Romance",Disney Television Animation,"Scott Weinger, Jason Alexander, Jonathan Freeman","Toby Shelton, Alan Zaslove",1994,5,-100,Flop / Disaster
tt0102685,Point Break,7.133,3202,83531958,24000000,122,en,32.136,"Action, Thriller, Crime","Largo Entertainment, JVC","Patrick Swayze, Keanu Reeves, Gary Busey",Kathryn Bigelow,1991,1,248,Blockbuster
tt0246460,Die Another Day,5.963,3197,431971116,140000000,133,en,28.423,"Adventure, Action, Thriller","Eon Productions, Metro-Goldwyn-Mayer, Danjaq","Pierce Brosnan, Halle Berry, Rosamund Pike",Lee Tamahori,2002,11,209,Blockbuster
tt8350360,Annabelle Comes Home,6.429,3196,231252591,30000000,106,en,51.386,"Horror, Mystery, Thriller","Atomic Monster, The Safran Company, New Line Cinema","Vera Farmiga, Mckenna Grace, Patrick Wilson",Gary Dauberman,2019,6,671,All-Time Blockbuster
tt1294226,The Last Song,7.238,3195,89137047,20000000,107,en,14.923,"Drama, Family, Romance","Touchstone Pictures, HopeTown Entertainment","Miley Cyrus, Liam Hemsworth, Greg Kinnear",Julie Anne Robinson,2010,3,346,Blockbuster
tt0375679,Crash,7.222,3193,98410061,6500000,112,en,13.814,Drama,"Lionsgate, Blackfriars Bridge Films, Yari Film Group, Bob Yari Productions, ApolloProScreen Filmproduktion, Bull's Eye Entertainment, DEJ Productions, Harris Company","Sandra Bullock, Don Cheadle, Matt Dillon",Paul Haggis,2005,5,1414,All-Time Blockbuster
tt0765010,Brothers,7.316,3193,43474578,26000000,105,en,27.829,"Drama, Thriller, War","Lionsgate, Relativity Media, Sighvatsson Films, Michael De Luca Productions, Palomar Pictures, Mandate International","Tobey Maguire, Jake Gyllenhaal, Natalie Portman",Jim Sheridan,2009,12,67,Hit / Semi-Hit
tt5052474,Sicario: Day of the Soldado,6.901,3191,75836683,35000000,122,en,38.523,"Action, Crime, Thriller","Thunder Road, Black Label Media, Columbia Pictures","Del Toro, Josh Brolin, Isabela Merced",Stefano Sollima Benicio,2018,6,117,Super Hit
tt0265208,The Girl Next Door,6.717,3189,31635150,21000000,110,en,37.553,"Comedy, Romance","Epsilon Motion Pictures, Regency Enterprises, New Regency Pictures, Daybreak, 20th Century Fox","Emile Hirsch, Elisha Cuthbert, Timothy Olyphant",Luke Greenfield,2004,4,51,Hit / Semi-Hit
tt0364725,DodgeBall: A True Underdog Story,6.343,3187,167722310,20000000,92,en,20.234,Comedy,"Mediastream Vierte Film GmbH & Co. Vermarktungs KG, 20th Century Fox, Red Hour","Vince Vaughn, Ben Stiller, Christine Taylor",Rawson Marshall Thurber,2004,6,739,All-Time Blockbuster
tt0104257,A Few Good Men,7.523,3185,243240178,40000000,138,en,26.468,Drama,David Brown Productions,"Tom Cruise, Jack Nicholson, Demi Moore",Rob Reiner,1992,12,508,All-Time Blockbuster
tt1217613,Battle: Los Angeles,5.732,3185,211819354,70000000,116,en,39.331,"Science Fiction, Action","Columbia Pictures, Relativity Media, Original Film, Sony Pictures","Aaron Eckhart, Michelle Rodriguez, Ramon Rodriguez",Jonathan Liebesman,2011,3,203,Blockbuster
tt0250223,Ast√©rix & Ob√©lix Mission Cl√©op√¢tre,7.377,3184,128027976,58500000,108,fr,24.369,"Family, Fantasy, Comedy, Adventure","Canal+, KC Medien, Katharina, La Petite Reine, Renn Productions, CNC, TF1 Films Production, Chez Wam","Christian Clavier, GÈrard Depardieu, Monica Bellucci",Alain Chabat,2002,1,119,Super Hit
tt0145681,The Bone Collector,6.778,3179,151493655,73000000,118,en,23.939,"Drama, Mystery, Thriller, Crime","Universal Pictures, Columbia Pictures","Denzel Washington, Angelina Jolie, Queen Latifah",Phillip Noyce,1999,11,108,Super Hit
tt0087544,È¢®„ÅÆË∞∑„ÅÆ„Éä„Ç¶„Ç∑„Ç´,7.928,3174,3301446,1000000,117,ja,37.272,"Adventure, Animation, Fantasy",Topcraft,"Sumi Shimamoto, Mahito Tsujimura, Hisako Ky?da",Hayao Miyazaki,1984,3,230,Blockbuster
tt6189022,Angel Has Fallen,6.571,3172,146661977,40000000,122,en,41.248,"Action, Thriller","Campbell Grobman Films, Eclectic Pictures, G-BASE, Millennium Media","Gerard Butler, Morgan Freeman, Piper Perabo",Ric Roman Waugh,2019,8,267,Blockbuster
tt0479143,Rocky Balboa,6.85,3171,155929020,24000000,101,en,35.605,Drama,"Rogue Marble, Columbia Pictures, Revolution Studios, Metro-Goldwyn-Mayer, Winkler Films","Sylvester Stallone, Burt Young, Antonio Tarver",Sylvester Stallone,2006,12,550,All-Time Blockbuster
tt3713166,Unfriended,5.53,3169,62882090,1000000,82,en,13.556,"Horror, Mystery, Thriller","Blumhouse Productions, Bazelevs Entertainment","Heather Sossaman, Matthew Bohrer, Courtney Halverson",Levan Gabriadze,2014,10,6188,All-Time Blockbuster
tt1596350,This Means War,6.152,3164,156974557,65000000,98,en,23.166,"Action, Comedy, Romance","Dune Entertainment, Overbrook Entertainment, Robert Simonds Productions, 20th Century Fox","Reese Witherspoon, Chris Pine, Tom Hardy",McG,2012,2,141,Super Hit
tt0227538,Spy Kids,5.783,3161,147934180,35000000,88,en,45.58,"Action, Comedy, Family, Adventure","Troublemaker Studios, Dimension Films, Miramax","Alexa Vega, Daryl Sabara, Antonio Banderas",Robert Rodriguez,2001,3,323,Blockbuster
tt1568911,War Horse,7.303,3157,177584879,66000000,146,en,20.494,"War, History, Drama, Adventure","Touchstone Pictures, Amblin Entertainment, Reliance Entertainment, DreamWorks Pictures, The Kennedy/Marshall Company","Jeremy Irvine, Emily Watson, David Thewlis",Steven Spielberg,2011,12,169,Super Hit
tt0134084,Scream 3,5.976,3157,161834276,40000000,116,en,41.911,"Horror, Mystery","Craven-Maddalena Films, Dimension Films, Konrad Pictures, Miramax","Neve Campbell, Courteney Cox, David Arquette",Wes Craven,2000,2,305,Blockbuster
tt0080678,The Elephant Man,8.051,3157,26010864,5000000,124,en,19.285,"Drama, History","Brooksfilms, Paramount","John Hurt, Anthony Hopkins, Anne Bancroft",David Lynch,1980,10,420,All-Time Blockbuster
tt2024432,Identity Thief,5.854,3156,173965010,35000000,111,en,16.85,"Comedy, Crime","Stuber Productions, Aggregate Films, DumbDumb, Universal Pictures","Jason Bateman, Melissa McCarthy, Jon Favreau",Seth Gordon,2013,2,397,Blockbuster
tt0053291,Some Like It Hot,8.108,3153,25000000,2883848,122,en,30.733,"Comedy, Romance, Crime","The Mirisch Company, Ashton Productions, United Artists","Marilyn Monroe, Tony Curtis, Jack Lemmon",Billy Wilder,1959,3,767,All-Time Blockbuster
tt0274166,Johnny English,6.261,3140,160583018,40000000,88,en,15.789,"Adventure, Action, Comedy",Working Title Films,"Rowan Atkinson, Natalie Imbruglia, John Malkovich",Peter Howitt,2003,3,301,Blockbuster
tt2503944,Burnt,6.513,3140,36606743,20000000,100,en,15.909,Drama,"PeaPie Films, Double Feature Films, The Weinstein Company, Entertainment One, 3 Arts Entertainment","Bradley Cooper, Sienna Miller, Daniel Br¸hl",John Wells,2015,10,83,Hit / Semi-Hit
tt3691740,The BFG,6.253,3136,195243411,140000000,117,en,30.078,"Adventure, Family, Fantasy","Walt Disney Pictures, Amblin Entertainment, Reliance Entertainment, Walden Media, The Kennedy/Marshall Company, DreamWorks Pictures","Mark Rylance, Ruby Barnhill, Penelope Wilton",Steven Spielberg,2016,6,39,Average / Below Average
tt0970416,The Day the Earth Stood Still,5.598,3133,233093859,80000000,104,en,26.564,"Drama, Science Fiction, Thriller","Dune Entertainment III, Earth Canada Productions, Hammerhead Productions, 3 Arts Entertainment, 20th Century Fox","Keanu Reeves, Jennifer Connelly, Jaden Smith",Scott Derrickson,2008,12,191,Super Hit
tt0800039,Forgetting Sarah Marshall,6.481,3132,105173115,30000000,111,en,22.661,"Comedy, Romance, Drama","Universal Pictures, Apatow Productions","Jason Segel, Kristen Bell, Mila Kunis",Nicholas Stoller,2008,4,251,Blockbuster
tt0115433,101 Dalmatians,5.893,3130,320689294,54000000,103,en,34.452,"Family, Comedy","Great Oaks Entertainment, Walt Disney Pictures, Wizzer Productions","Glenn Close, Jeff Daniels, Joely Richardson",Stephen Herek,1996,11,494,All-Time Blockbuster
tt1016150,Im Westen nichts Neues,7.749,3127,0,20000000,147,de,67.015,"Drama, War","RocketScience, Amusement Park Films, Sliding Down Rainbows Entertainment","Felix Kammerer, Albrecht Schuch, Aaron Hilmer",Edward Berger,2022,10,-100,Flop / Disaster
tt1441395,Under the Skin,6.1,3125,5735963,13300000,108,en,21.065,"Thriller, Science Fiction, Drama","Scottish Screen, UK Film Council, FilmNation Entertainment, Nick Wechsler Productions, Creative Scotland, Silver Reel, JW Films, BFI, Film4 Productions","Scarlett Johansson, Jeremy McWilliams, Lynsey Taylor Mackay",Jonathan Glazer,2014,3,-57,Flop / Disaster
tt4765284,Pitch Perfect 3,6.538,3124,184724494,45000000,93,en,21.241,"Comedy, Music","Gold Circle Films, Perfect World Pictures, Universal Pictures","Anna Kendrick, Rebel Wilson, Hailee Steinfeld",Trish Sie,2017,12,310,Blockbuster
tt0431308,P.S. I Love You,7.19,3124,156835339,30000000,126,en,28.691,"Drama, Romance","Wendy Finerman Productions, Alcon Entertainment, Warner Bros. Pictures, Grosvenor Park Films LLP, Summit Entertainment","Hilary Swank, Gerard Butler, Lisa Kudrow",Richard LaGravenese,2007,11,423,All-Time Blockbuster
tt1649418,The Gray Man,6.979,3124,454023,200000000,128,en,39.333,"Action, Thriller","AGBO, Roth-Kirschenbaum Films","Ryan Gosling, Chris Evans, Ana de Armas","Anthony Russo, Joe Russo",2022,7,-100,Flop / Disaster
tt3195644,Insidious: Chapter 3,6.295,3123,112983889,10000000,97,en,31.496,"Horror, Thriller, Mystery","Blumhouse Productions, Entertainment One","Dermot Mulroney, Stefanie Scott, Lin Shaye",Leigh Whannell,2015,5,1030,All-Time Blockbuster
tt0993842,Hanna,6.574,3122,63782078,30000000,111,en,14.833,"Action, Thriller, Adventure","Focus Features, Neunte Babelsberg Film, Holleran Company, Sechzehnte Babelsberg Film","Saoirse Ronan, Eric Bana, Cate Blanchett",Joe Wright,2011,4,113,Super Hit
tt2140373,Saving Mr. Banks,7.351,3120,112544580,35000000,125,en,20.941,"Comedy, Drama, History","Hopscotch Features, Walt Disney Pictures, Ruby Films, Essential Media and Entertainment, BBC Film","Emma Thompson, Tom Hanks, Colin Farrell",John Lee Hancock,2013,11,222,Blockbuster
tt6911608,Mamma Mia! Here We Go Again,7.126,3120,395044706,75000000,113,en,25.164,"Comedy, Romance","Littlestar, Playtone","Lily James, Amanda Seyfried, Meryl Streep",Ol Parker,2018,7,427,All-Time Blockbuster
tt2274648,Hellboy,5.554,3119,55065289,50000000,121,en,30.834,"Fantasy, Horror, Action, Adventure","Campbell Grobman Films, Dark Horse Entertainment, Millennium Media, Summit Entertainment, Boyana Film Studios, Lawrence Gordon Productions, Davis Films, Lionsgate","David Harbour, Milla Jovovich, Ian McShane",Neil Marshall,2019,4,10,Average / Below Average
tt3416532,A Monster Calls,7.263,3118,47309313,43000000,108,en,17.74,"Drama, Fantasy","River Road Entertainment, Participant, Apaches Entertainment, La Trini, A Monster Calls AIE, Telecinco Cinema, Summit Entertainment, Focus Features","Lewis MacDougall, Sigourney Weaver, Felicity Jones",J.A. Bayona,2016,10,10,Average / Below Average
tt8155288,Happy Death Day 2U,6.304,3118,25327500,9000000,100,en,18.181,"Comedy, Horror, Science Fiction","Digital Riot Media, Blumhouse Productions","Jessica Rothe, Israel Broussard, Phi Vu",Christopher Landon,2019,2,181,Super Hit
tt0376541,Closer,6.833,3114,115505027,27000000,104,en,20.57,"Drama, Romance",Columbia Pictures,"Natalie Portman, Jude Law, Julia Roberts",Mike Nichols,2004,12,328,Blockbuster
tt1355683,Black Mass,6.497,3113,98837872,53000000,123,en,17.763,"Drama, Crime, History","Vendian Entertainment, Infinitum Nihil, Head Gear Films, Cross Creek Pictures, Free State Pictures, RatPac Entertainment, Le Grisbi Productions","Johnny Depp, Joel Edgerton, Benedict Cumberbatch",Scott Cooper,2015,9,86,Hit / Semi-Hit
tt4682266,The New Mutants,6.1,3106,49169594,67000000,94,en,26.231,"Science Fiction, Horror, Action, Mystery, Adventure","20th Century Studios, Genre Films, Sunswept Entertainment","Maisie Williams, Anya Taylor-Joy, Charlie Heaton",Josh Boone,2020,4,-27,Flop / Disaster
tt2870612,"As Above, So Below",6.664,3103,41900000,5000000,93,en,33.512,"Horror, Thriller","Brothers Dowdle Productions, Legendary Pictures, Universal Pictures","Perdita Weeks, Ben Feldman, Edwin Hodge",John Erick Dowdle,2014,8,738,All-Time Blockbuster
tt1132626,Saw V,6.154,3102,113864059,10800000,95,en,84.538,"Horror, Thriller, Crime","Twisted Pictures, Mandate Pictures","Scott Patterson, Costas Mandylor, Tobin Bell",David Hackl,2008,10,954,All-Time Blockbuster
tt5028340,Mary Poppins Returns,6.5,3101,348807090,130000000,131,en,17.19,"Fantasy, Family, Comedy","Walt Disney Pictures, Marc Platt Productions, Lucamar Productions","Emily Blunt, Lin-Manuel Miranda, Ben Whishaw",Rob Marshall,2018,12,168,Super Hit
tt0110632,Natural Born Killers,7.1,3097,50283563,34000000,118,en,41.376,"Crime, Thriller, Drama","J D Productions, Regency Enterprises, Alcor Films, Ixtlan, New Regency Pictures, Warner Bros. Pictures","Woody Harrelson, Juliette Lewis, Robert Downey Jr.",Oliver Stone,1994,8,48,Average / Below Average
tt1129442,Transporter 3,6.142,3097,108979549,30000000,104,en,25.008,"Action, Adventure, Thriller, Crime","Grive Productions, EuropaCorp, TF1 Films Production, Quinta Communications, Current Entertainment, Canal+, Lionsgate","Jason Statham, Natalya Rudakova, FranÁois BerlÈand",Olivier Megaton,2008,11,263,Blockbuster
tt1622979,Final Destination 5,6.093,3096,157887643,47000000,92,en,37.981,"Horror, Mystery","Parallel Zide, New Line Cinema, Practical Pictures","Nicholas D'Agosto, Emma Bell, Miles Fisher",Steven Quale,2011,8,236,Blockbuster
tt1611224,Abraham Lincoln: Vampire Hunter,5.718,3093,116471580,69000000,105,en,44.462,"Action, Fantasy, Horror","Bazelevs Production, Tim Burton Productions, Abraham Productions, Location Gourmet, 20th Century Fox","Benjamin Walker, Dominic Cooper, Rufus Sewell",Timur Bekmambetov,2012,6,69,Hit / Semi-Hit
tt0097733,Lethal Weapon 2,7.006,3092,227853986,25000000,114,en,25.785,"Action, Adventure, Comedy, Crime, Thriller","Silver Pictures, Warner Bros. Pictures","Mel Gibson, Danny Glover, Joe Pesci",Richard Donner,1989,7,811,All-Time Blockbuster
tt0067992,Willy Wonka & the Chocolate Factory,7.483,3091,4000000,3000000,99,en,34.56,"Family, Fantasy, Comedy",David L. Wolper Productions,"Gene Wilder, Jack Albertson, Peter Ostrum",Mel Stuart,1971,6,33,Average / Below Average
tt0111282,Stargate,6.978,3090,196567262,55000000,121,en,24.078,"Action, Adventure, Science Fiction","Carolco Pictures, Centropolis Entertainment, Canal+","Kurt Russell, James Spader, Jaye Davidson",Roland Emmerich,1994,10,257,Blockbuster
tt1899353,Serbuan Maut,7.421,3089,9148519,1100000,101,id,26.696,"Action, Thriller, Crime","Celluloid Dreams, PT. Merantau Films, XYZ Films, Stage 6 Films, Sony Pictures Classics","Iko Uwais, Joe Taslim, Donny Alamsyah",Gareth Evans,2012,3,732,All-Time Blockbuster
tt0327554,Catwoman,4.585,3087,82102379,100000000,104,en,22.532,"Action, Fantasy, Mystery, Crime","Village Roadshow Pictures, Di Novi Pictures, Frantic Films, Maple Shade Films, Catwoman Films, Warner Bros. Pictures","Halle Berry, Sharon Stone, Benjamin Bratt",Pitof,2004,7,-18,Flop / Disaster
tt0101540,Cape Fear,7.255,3087,182300000,35000000,128,en,22.32,Thriller,"Universal Pictures, Amblin Entertainment, Cappa Productions, Tribeca Productions","De Niro, Nick Nolte, Jessica Lange",Martin Scorsese Robert,1991,11,421,All-Time Blockbuster
tt0120891,Wild Wild West,5.314,3086,222104681,170000000,106,en,22.651,"Action, Adventure, Comedy, Science Fiction, Western","Peters Entertainment, Sonnenfeld Josephson Worldwide Entertainment, Todman, Simon, LeMasters Productions, Warner Bros. Pictures","Will Smith, Kevin Kline, Kenneth Branagh",Barry Sonnenfeld,1999,6,31,Average / Below Average
tt0063442,Planet of the Apes,7.643,3086,32589624,5800000,112,en,40.773,"Science Fiction, Adventure, Drama, Action","APJAC Productions, 20th Century Fox","Charlton Heston, Roddy McDowall, Kim Hunter",Franklin J. Schaffner,1968,2,462,All-Time Blockbuster
tt6266538,Vice,7.051,3086,76073488,60000000,132,en,10.687,"Comedy, Drama","Plan B Entertainment, Gary Sanchez Productions, Annapurna Pictures","Christian Bale, Amy Adams, Steve Carell",Adam McKay,2018,12,27,Average / Below Average
tt0118655,Austin Powers: International Man of Mystery,6.553,3084,67711748,16500000,94,en,24.971,"Science Fiction, Comedy, Crime","New Line Cinema, Capella International, Eric's Boy","Mike Myers, Elizabeth Hurley, Michael York",Jay Roach,1997,5,310,Blockbuster
tt3522806,Mechanic: Resurrection,5.972,3083,125729635,40000000,98,en,29.25,"Action, Crime, Thriller","Davis Films, ME2 Productions, Millennium Media, Chartoff-Winkler Productions, Summit Entertainment","Jason Statham, Jessica Alba, Tommy Lee Jones",Dennis Gansel,2016,8,214,Blockbuster
tt3420504,Finch,7.938,3081,0,2500000,115,en,39.312,"Science Fiction, Drama, Adventure","Amblin Entertainment, ImageMovers, Misher Films, Reliance Entertainment","Tom Hanks, Caleb Landry Jones, Marie Wagenman",Miguel Sapochnik,2021,11,-100,Flop / Disaster
tt3011894,Relatos salvajes,7.869,3081,27007072,4000000,122,es,15.063,"Drama, Thriller, Comedy","Warner Bros. Pictures, El Deseo, K & S Films, Telefe, INCAA, ICAA, Warner Bros. Entertainment Espa√±a","Ricardo DarÌn, Oscar MartÌnez, Leonardo Sbaraglia",Dami·n Szifron,2014,8,575,All-Time Blockbuster
tt0266308,„Éê„Éà„É´„Éª„É≠„ÉØ„Ç§„Ç¢„É´,7.289,3080,30600000,4500000,114,ja,30.218,"Drama, Thriller, Action","Toei Company, WOWOW, AM Associates, Kobi, Nippan Group Holdings, MF Pictures, GAGA Communications","Tatsuya Fujiwara, Aki Maeda, Tar? Yamamoto",Kinji Fukasaku,2000,12,580,All-Time Blockbuster
tt1753383,A Dog's Purpose,7.615,3078,205035819,22000000,100,en,30.263,"Adventure, Comedy, Fantasy, Family, Drama","Amblin Entertainment, Pariah Entertainment Group, Walden Media, Reliance Entertainment, Amblin Partners, DreamWorks Pictures, Universal Pictures","Josh Gad, Dennis Quaid, Peggy Lipton",Lasse Hallstrˆm,2017,1,832,All-Time Blockbuster
tt0381681,Before Sunset,7.82,3074,15992615,2700000,80,en,19.822,"Drama, Romance","Warner Independent Pictures (WIP), Castle Rock Entertainment, Detour Filmproduction","Ethan Hawke, Julie Delpy",Richard Linklater,2004,6,492,All-Time Blockbuster
tt0398165,The Longest Yard,6.632,3072,190320568,82000000,113,en,40.73,Comedy,"Callahan Filmworks, Paramount, MTV Films, Columbia Pictures, Happy Madison Productions","Adam Sandler, Chris Rock, Burt Reynolds",Peter Segal,2005,5,132,Super Hit
tt1063669,Die Welle,7.501,3071,19000000,7500000,107,de,20.78,"Drama, Thriller","Rat Pack Filmproduktion, Medienfonds GFP, B.A. Produktion, Constantin Film","J¸rgen Vogel, Frederick Lau, Max Riemelt",Dennis Gansel,2008,3,153,Super Hit
tt0241303,Chocolat,6.962,3067,152500343,25000000,121,en,17.438,"Comedy, Drama, Romance","Fat Free, Miramax, David Brown Productions","Juliette Binoche, Judi Dench, Johnny Depp",Lasse Hallstrˆm,2000,12,510,All-Time Blockbuster
tt1921064,Pompeii,5.525,3062,117831631,100000000,105,en,20.622,"Action, Adventure, History, Romance, Drama","Don Carmody Productions, TriStar Pictures, FilmDistrict, Impact Pictures, Constantin Film, Summit Entertainment","Kit Harington, Emily Browning, Kiefer Sutherland",Paul W.S. Anderson,2014,2,18,Average / Below Average
tt5113044,Minions: The Rise of Gru,7.379,3060,939628210,85000000,87,en,81.377,"Animation, Comedy, Family","Universal Pictures, Illumination","Steve Carell, Pierre Coffin, Taraji P. Henson","Kyle Balda, Brad Ableson, Jonathan del Val",2022,6,1005,All-Time Blockbuster
tt0117381,Primal Fear,7.652,3058,102616183,30000000,129,en,31.386,"Crime, Drama, Mystery, Thriller","Paramount, Rysher Entertainment","Richard Gere, Edward Norton, Laura Linney",Gregory Hoblit,1996,3,242,Blockbuster
tt10298810,Lightyear,7.1,3053,226425420,200000000,105,en,53.066,"Animation, Action, Adventure, Family, Science Fiction","Pixar, Walt Disney Pictures","Chris Evans, Keke Palmer, Peter Sohn",Angus MacLane,2022,6,13,Average / Below Average
tt0103074,Thelma & Louise,7.571,3050,45361000,16000000,130,en,22.574,"Drama, Thriller, Crime, Adventure","Star Partners III Ltd., Metro-Goldwyn-Mayer, Path√© Entertainment, Scott Free Productions","Susan Sarandon, Geena Davis, Harvey Keitel",Ridley Scott,1991,5,184,Super Hit
tt1860353,Turbo,6.188,3049,282570682,135000000,96,en,26.014,"Animation, Family","DreamWorks Animation, 20th Century Fox","Ryan Reynolds, Paul Giamatti, Samuel L. Jackson",David Soren,2013,7,109,Super Hit
tt1292566,How to Be Single,6.246,3048,112343513,38000000,110,en,25.223,"Comedy, Romance","New Line Cinema, Metro-Goldwyn-Mayer, Flower Films","Dakota Johnson, Rebel Wilson, Leslie Mann",Christian Ditter,2016,2,196,Super Hit
tt0145660,Austin Powers: The Spy Who Shagged Me,6.274,3040,312016928,33000000,95,en,23.702,"Adventure, Comedy, Crime, Science Fiction","New Line Cinema, Eric's Boy","Mike Myers, Heather Graham, Michael York",Jay Roach,1999,6,846,All-Time Blockbuster
tt0985694,Machete,6.34,3040,45491656,20000000,105,en,19.946,"Action, Comedy, Thriller","Overnight Films, Troublemaker Studios","Danny Trejo, Michelle Rodriguez, Jessica Alba",Robert Rodriguez,2010,9,127,Super Hit
tt7657566,Death on the Nile,6.463,3039,137307235,90000000,127,en,40.295,"Mystery, Crime, Thriller","Scott Free Productions, The Mark Gordon Company, Genre Films, 20th Century Studios","Kenneth Branagh, Gal Gadot, Armie Hammer",Kenneth Branagh,2022,2,53,Hit / Semi-Hit
tt1634122,Johnny English Reborn,6.222,3039,160078586,45000000,101,en,17.636,"Crime, Action, Comedy",Working Title Films,"Rowan Atkinson, Rosamund Pike, Dominic West",Oliver Parker,2011,9,256,Blockbuster
tt0449010,Eragon,5.073,3039,249288105,100000000,104,en,24.517,"Fantasy, Action, Adventure, Family","Fox 2000 Pictures, Davis Entertainment, Dune Entertainment, Major Studio Partners, Mid Atlantic Films, 20th Century Fox, Ingenious Media","Ed Speleers, Jeremy Irons, Sienna Guillory",Stefen Fangmeier,2006,12,149,Super Hit
tt0032553,The Great Dictator,8.332,3037,11000000,2000000,125,en,20.506,"Comedy, War","Roy Export Company Establishment, United Artists","Charlie Chaplin, Paulette Goddard, Jack Oakie",Charlie Chaplin,1940,10,450,All-Time Blockbuster
tt0451079,Horton Hears a Who!,6.5,3033,298572799,85000000,86,en,32.669,"Animation, Comedy, Family, Adventure, Fantasy","Blue Sky Studios, 20th Century Fox Animation, 20th Century Fox, Dr. Seuss Enterprises","Jim Carrey, Steve Carell, Carol Burnett",Jimmy Hayward,2008,3,251,Blockbuster
tt1667353,Mirror Mirror,5.918,3030,183018522,85000000,106,en,21.241,"Adventure, Comedy, Family, Fantasy","Misher Films, Relativity Media, Yucaipa Films, Goldmann Pictures, Rat Entertainment, Misha Films","Lily Collins, Julia Roberts, Armie Hammer",Tarsem Singh,2012,3,115,Super Hit
tt0970866,Little Fockers,5.64,3030,310650585,100000000,98,en,18.762,"Comedy, Romance","Universal Pictures, Paramount, Relativity Media, Tribeca Productions, Everyman Pictures, DreamWorks Pictures","Ben Stiller, Robert De Niro, Owen Wilson",Paul Weitz,2010,12,211,Blockbuster
tt1655442,The Artist,7.453,3030,133432856,15000000,100,fr,17.85,"Drama, Comedy, Romance","uFilm, La Petite Reine, Studio 37, La Classe am√©ricaine, JD Prod, France 3 Cin√©ma, Jouror Productions","Jean Dujardin, BÈrÈnice Bejo, John Goodman",Michel Hazanavicius,2011,10,790,All-Time Blockbuster
tt0088846,Brazil,7.673,3026,9900000,15000000,143,en,21.313,"Comedy, Science Fiction",Embassy International Pictures,"Jonathan Pryce, Kim Greist, Robert De Niro",Terry Gilliam,1985,2,-34,Flop / Disaster
tt1142977,Frankenweenie,6.944,3024,81493846,39000000,87,en,28.901,"Animation, Comedy, Family",Tim Burton Productions,"Winona Ryder, Catherine O'Hara, Martin Short",Tim Burton,2012,10,109,Super Hit
tt0105323,Scent of a Woman,7.767,3024,134095253,31000000,156,en,23.655,Drama,"Universal Pictures, City Light Films","Al Pacino, Chris O'Donnell, James Rebhorn",Martin Brest,1992,12,333,Blockbuster
tt0346491,Alexander,5.911,3024,167298192,155000000,175,en,22.681,"War, History, Action, Adventure, Drama, Romance","Warner Bros. Pictures, WR Universal Group, France 3 Cin√©ma, Intermedia Films, Path√© Renn Productions, Egmond Film & Television, Pacifica Film, IMF Internationale Medien und Film GmbH & Co. 3. Produktions KG, Summit Entertainment, Santa International Film Productions, Dune Films, India Take One Productions","Colin Farrell, Angelina Jolie, Val Kilmer",Oliver Stone,2004,11,8,Average / Below Average
tt0465494,Hitman,6.085,3023,99965753,24000000,89,en,29.882,"Action, Thriller, Drama","Anka Film, Daybreak Productions, Dune Entertainment, Prime Universe Productions, EuropaCorp, 20th Century Fox","Timothy Olyphant, Dougray Scott, Olga Kurylenko",Xavier Gens,2007,11,317,Blockbuster
tt0061722,The Graduate,7.649,3023,104945305,3000000,106,en,20.369,"Comedy, Drama, Romance","Lawrence Turman Films, Inc., AVCO Embassy Pictures","Dustin Hoffman, Anne Bancroft, Katharine Ross",Mike Nichols,1967,12,3398,All-Time Blockbuster
tt6475714,Monster Hunter,6.647,3023,42145959,60000000,104,en,40.804,"Action, Fantasy, Adventure","CAPCOM, Constantin Film, Impact Pictures, Tencent Pictures, TOHO","Milla Jovovich, Tony Jaa, Ron Perlman",Paul W.S. Anderson,2020,12,-30,Flop / Disaster
tt0368933,The Princess Diaries 2: Royal Engagement,6.68,3020,134734481,40000000,113,en,28.943,"Comedy, Drama, Family, Romance","BrownHouse Productions, Walt Disney Pictures","Anne Hathaway, Julie Andrews, HÈctor Elizondo",Garry Marshall,2004,8,237,Blockbuster
tt0113568,GHOST IN THE SHELL,7.927,3009,515905,3000000,82,ja,37.693,"Action, Animation, Science Fiction","Bandai Visual, Production I.G, Kodansha, Manga Entertainment","Atsuko Tanaka, Akio ?tsuka, Iemasa Kayumi",Mamoru Oshii,1995,11,-83,Flop / Disaster
tt0142342,Big Daddy,6.46,3007,234801895,34200000,93,en,21.776,"Comedy, Drama",Columbia Pictures,"Adam Sandler, Joey Lauren Adams, Jon Stewart",Dennis Dugan,1999,6,587,All-Time Blockbuster
tt2883512,Chef,7.121,3004,45967935,11000000,114,en,20.584,Comedy,"Altus Media, Fairview Entertainment, Prescience","Jon Favreau, Sofia Vergara, John Leguizamo",Jon Favreau,2014,5,318,Blockbuster
tt0356470,A Cinderella Story,6.5,3004,70067909,19000000,95,en,26.336,"Comedy, Family, Romance","Dylan Sellers Productions, Gaylord Films, Clifford Werber Productions, Warner Bros. Pictures","Hilary Duff, Chad Michael Murray, Jennifer Coolidge",Mark Rosman,2004,7,269,Blockbuster
tt0406375,Zathura: A Space Adventure,6.409,3002,65079104,65000000,101,en,23.535,"Science Fiction, Adventure, Family","Teitler Film, Michael De Luca Productions, Columbia Pictures, Radar Pictures","Josh Hutcherson, Jonah Bobo, Dax Shepard",Jon Favreau,2005,11,0,Average / Below Average
tt0765443,Eastern Promises,7.362,2999,56106607,51500000,101,en,24.135,"Thriller, Crime, Mystery","Focus Features, BBC Film, Astral Media, Corus Entertainment, T√©l√©film Canada, Serendipity Point Films, Scion Films, Shine Pictures, Kudos, Eastern Promises Film Productions, Eastern Promises Films Limited, The Movie Network, Movie Central, Super √âcran","Viggo Mortensen, Naomi Watts, Vincent Cassel",David Cronenberg,2007,9,9,Average / Below Average
tt4178092,The Gift,6.697,2995,58978653,5000000,108,en,16.035,"Thriller, Mystery, Drama","Blumhouse Productions, Blue-Tongue Films, Ahimsa Films","Jason Bateman, Rebecca Hall, Joel Edgerton",Joel Edgerton,2015,7,1080,All-Time Blockbuster
tt2548396,The Cloverfield Paradox,5.594,2993,0,45000000,102,en,19.542,"Horror, Science Fiction, Action, Thriller","Paramount, Bad Robot","Gugu Mbatha-Raw, David Oyelowo, Daniel Br¸hl",Julius Onah,2018,2,-100,Flop / Disaster
tt0990407,The Green Hornet,5.566,2987,227817248,120000000,119,en,20.828,"Action, Crime, Comedy","Original Film, Reliance Big Entertainment, Sony Pictures, Columbia Pictures","Seth Rogen, Jay Chou, Christoph Waltz",Michel Gondry,2011,1,90,Hit / Semi-Hit
tt0362120,Scary Movie 4,5.475,2987,178262620,45000000,83,en,43.397,Comedy,"Dimension Films, 415 Project, Brad Grey Pictures, Scary Movie 4, Miramax, Buena Vista International","Anna Faris, Regina Hall, Leslie Nielsen",David Zucker,2006,4,296,Blockbuster
tt3488710,The Walk,6.975,2986,61181942,35000000,123,en,18.724,"Drama, Crime, Comedy, Thriller","TriStar Pictures, ImageMovers, Sony Pictures","Joseph Gordon-Levitt, Charlotte Le Bon, Ben Kingsley",Robert Zemeckis,2015,9,75,Hit / Semi-Hit
tt0129290,Patch Adams,7.293,2986,202292902,50000000,115,en,26.537,"Comedy, Drama","Universal Pictures, Bungalow 78 Productions, Blue Wolf, Farrell/Minoff","Robin Williams, Monica Potter, Philip Seymour Hoffman",Tom Shadyac,1998,12,305,Blockbuster
tt0059742,The Sound of Music,7.7,2986,286214286,8200000,174,en,24.204,"Drama, Family, Music, Romance","Robert Wise Productions, Argyle Enterprises, 20th Century Fox","Julie Andrews, Christopher Plummer, Eleanor Parker",Robert Wise,1965,3,3390,All-Time Blockbuster
tt0481369,The Number 23,6.402,2979,77566815,30000000,101,en,22.455,"Thriller, Drama, Mystery","Firm Films, New Line Cinema, Contrafilm","Jim Carrey, Virginia Madsen, Logan Lerman",Joel Schumacher,2007,2,159,Super Hit
tt0128853,You've Got Mail,6.668,2976,250821495,65000000,119,en,24.226,"Comedy, Romance",Warner Bros. Pictures,"Tom Hanks, Meg Ryan, Greg Kinnear",Nora Ephron,1998,12,286,Blockbuster
tt1486185,Red Riding Hood,5.96,2975,89162162,42000000,100,en,26.978,"Action, Adventure, Horror, Fantasy, Thriller","Appian Way, Random Films, Warner Bros. Pictures","Amanda Seyfried, Gary Oldman, Shiloh Fernandez",Catherine Hardwicke,2011,3,112,Super Hit
tt1120985,Blue Valentine,6.9,2974,15440333,1000000,112,en,16.501,"Drama, Romance","Cottage Industries, Incentive Filmed Entertainment, Silverwood Films, Hunting Lane Films, Chrysler Corporation, Shade Pictures, Motel Movies","Ryan Gosling, Michelle Williams",Derek Cianfrance,2010,12,1444,All-Time Blockbuster
tt0837563,Pet Sematary,5.723,2966,113118226,21000000,101,en,24.949,"Horror, Thriller","di Bonaventura Pictures, Room 101","Jason Clarke, Amy Seimetz, John Lithgow","Kevin Kˆlsch, Dennis Widmyer",2019,4,439,All-Time Blockbuster
tt0082406,The Fox and the Hound,7.127,2964,29800000,12000000,82,en,29.86,"Adventure, Animation, Drama, Family",Walt Disney Productions,"Mickey Rooney, Kurt Russell, Pearl Bailey","Ted Berman, Richard Rich",1981,7,148,Super Hit
tt13320622,The Lost City,6.6,2964,192907684,74000000,112,en,53.326,"Action, Adventure, Comedy","Paramount, Fortis Films, 3dot Productions, Exhibit A Film","Sandra Bullock, Channing Tatum, Daniel Radcliffe","Aaron Nee, Adam Nee",2022,3,161,Super Hit
tt1144884,The Final Destination,5.6,2960,186167139,40000000,82,en,36.135,"Horror, Mystery","Parallel Zide, New Line Cinema, Practical Pictures","Bobby Campo, Shantel VanSanten, Nick Zano",David R. Ellis,2009,8,365,Blockbuster
tt1528854,Daddy's Home,6.259,2960,242786137,50000000,96,en,19.515,Comedy,"Paramount, Gary Sanchez Productions, Red Granite Pictures","Will Ferrell, Mark Wahlberg, Linda Cardellini",Sean Anders,2015,12,386,Blockbuster
tt0139134,Cruel Intentions,6.787,2960,76347426,10500000,98,en,26.358,"Drama, Romance","Columbia Pictures, Newmarket Capital Group, Original Film","Michelle Gellar, Ryan Phillippe, Reese Witherspoon",Roger Kumble Sarah,1999,3,627,All-Time Blockbuster
tt0439572,The Flash,6.898,2959,268375616,300000000,144,en,480.393,"Action, Adventure, Science Fiction","Warner Bros. Pictures, Double Dream, The Disco Factory, DC Films","Ezra Miller, Sasha Calle, Michael Keaton",Andy Muschietti,2023,6,-11,Flop / Disaster
tt0090756,Blue Velvet,7.629,2957,8618766,6000000,120,en,15.396,"Crime, Mystery, Thriller",DEG,"Kyle MacLachlan, Isabella Rossellini, Dennis Hopper",David Lynch,1986,9,44,Average / Below Average
tt0116695,Jerry Maguire,6.941,2957,273552592,50000000,139,en,20.096,"Comedy, Drama, Romance","Gracie Films, TriStar Pictures, Vinyl Films","Tom Cruise, RenÈe Zellweger, Cuba Gooding Jr.",Cameron Crowe,1996,12,447,All-Time Blockbuster
tt4244994,The Last Duel,7.466,2953,30500000,100000000,153,en,30.646,"History, Drama, Action","20th Century Studios, Scott Free Productions, Pearl Street Films, TSG Entertainment","Matt Damon, Adam Driver, Jodie Comer",Ridley Scott,2021,10,-70,Flop / Disaster
tt0472399,The Mechanic,6.491,2952,51070807,40000000,93,en,24.947,"Action, Thriller, Crime","Scared Productions, CBS Films, Millennium Media, Nu Image, Winkler Films","Jason Statham, Ben Foster, Donald Sutherland",Simon West,2011,1,28,Average / Below Average
tt1055292,Life As We Know It,6.9,2949,105734416,38000000,114,en,22.249,"Comedy, Romance, Drama","Josephson Entertainment, Gold Circle Films","Katherine Heigl, Josh Duhamel, Madison Pettis",Greg Berlanti,2010,10,178,Super Hit
tt0102798,Robin Hood: Prince of Thieves,6.842,2949,390493908,48000000,143,en,30.67,"Action, Adventure, Drama, Romance","Morgan Creek, Warner Bros. Pictures","Kevin Costner, Morgan Freeman, Mary Elizabeth Mastrantonio",Kevin Reynolds,1991,6,714,All-Time Blockbuster
tt1855199,End of Watch,7.323,2947,48126384,7000000,109,en,30.648,"Crime, Drama, Thriller","5150 Action, EFO Films, Exclusive Media, Hedge Fund Film Partners, Crave Films, Knightsbridge Entertainment, Le Grisbi Productions","Jake Gyllenhaal, Michael PeÒa, Anna Kendrick",David Ayer,2012,9,588,All-Time Blockbuster
tt0099810,The Hunt for Red October,7.385,2945,200512643,30000000,135,en,34.195,"Action, Adventure, Thriller","Paramount, Mace Neufeld Productions, Nina Saxon Film Design","Sean Connery, Alec Baldwin, Scott Glenn",John McTiernan,1990,3,568,All-Time Blockbuster
tt1189340,The Lincoln Lawyer,7.192,2938,85412898,40000000,119,en,20.214,"Crime, Drama, Thriller","Sidney Kimmel Entertainment, Lionsgate, Lakeshore Entertainment","Matthew McConaughey, Marisa Tomei, Ryan Phillippe",Brad Furman,2011,3,114,Super Hit
tt2726560,The Longest Ride,7.584,2937,63013281,34000000,128,en,22.402,"Drama, Romance","Fox 2000 Pictures, Temple Hill Entertainment","Scott Eastwood, Britt Robertson, Alan Alda",George Tillman Jr.,2015,4,85,Hit / Semi-Hit
tt4954522,Grave,7.061,2935,4100000,3500000,99,fr,20.532,"Drama, Horror","Wild Bunch, Rouge International, BeTV, Frakas Productions, RTBF, Petit Film, VOO, Ezekiel Film Production","Garance Marillier, Ella Rumpf, Rabah Nait Oufella",Julia Ducournau,2016,11,17,Average / Below Average
tt0100814,Tremors,6.878,2935,48572000,11000000,96,en,21.915,"Horror, Action, Science Fiction","No Frills Film Production, Universal Pictures, Wilson-Maddock Production","Kevin Bacon, Fred Ward, Finn Carter",Ron Underwood,1990,1,342,Blockbuster
tt2381111,Brooklyn,7.31,2929,62076141,11000000,111,en,15.519,"Romance, Drama","Wildgaze Films, Item 7, Parallel Films, F√≠s √âireann/Screen Ireland","Saoirse Ronan, Emory Cohen, Domhnall Gleeson",John Crowley,2015,10,464,All-Time Blockbuster
tt0086465,Trading Places,7.202,2929,90404800,15000000,116,en,25.555,Comedy,"Cinema Group Ventures, Paramount","Eddie Murphy, Dan Aykroyd, Jamie Lee Curtis",John Landis,1983,6,503,All-Time Blockbuster
tt2096672,Dumb and Dumber To,5.545,2922,169837010,40000000,110,en,37.438,Comedy,"New Line Cinema, Universal Pictures, Conundrum Entertainment, Red Granite Pictures","Jim Carrey, Jeff Daniels, Kathleen Turner","Bobby Farrelly, Peter Farrelly",2014,11,325,Blockbuster
tt0105417,Sister Act,6.823,2922,231605150,31000000,100,en,27.233,"Music, Comedy","Touchstone Pictures, Touchwood Pacific Partners 1","Whoopi Goldberg, Maggie Smith, Kathy Najimy",Emile Ardolino,1992,5,647,All-Time Blockbuster
tt0986263,Surrogates,6.097,2920,122444772,80000000,89,en,19.717,"Science Fiction, Action, Thriller","Wintergreen Productions, Touchstone Pictures, Mandeville Films, Top Shelf Productions","Bruce Willis, Radha Mitchell, Rosamund Pike",Jonathan Mostow,2009,9,53,Hit / Semi-Hit
tt13833688,The Whale,7.949,2917,55101305,3000000,116,en,54.977,Drama,"A24, Protozoa Pictures","Brendan Fraser, Sadie Sink, Hong Chau",Darren Aronofsky,2022,12,1737,All-Time Blockbuster
tt2763304,T2 Trainspotting,6.946,2916,42067430,18000000,117,en,21.127,"Drama, Comedy","Creative Scotland, DNA Films, TriStar Pictures, Decibel Films, Film4 Productions, Cloud Eight Films","Ewan McGregor, Jonny Lee Miller, Robert Carlyle",Danny Boyle,2017,1,134,Super Hit
tt1723811,Shame,6.953,2916,3909002,6500000,102,en,24.812,Drama,"HanWay Films, See-Saw Films, Lipsync Productions, Alliance Films, Film4 Productions, UK Film Council","Michael Fassbender, Carey Mulligan, James Badge Dale",Steve McQueen,2011,10,-40,Flop / Disaster
tt0988595,27 Dresses,6.401,2916,160259319,30000000,111,en,14.878,"Comedy, Romance","Fox 2000 Pictures, Spyglass Entertainment, Dune Entertainment III","Katherine Heigl, James Marsden, Malin ≈kerman",Anne Fletcher,2008,1,434,All-Time Blockbuster
tt0117998,Twister,6.47,2914,494471524,92000000,113,en,23.135,"Action, Adventure, Drama","Constant c Productions, Universal Pictures, Amblin Entertainment, Warner Bros. Pictures, Twister Productions","Helen Hunt, Bill Paxton, Cary Elwes",Jan de Bont,1996,5,437,All-Time Blockbuster
tt0190332,ÂçßËôéËóèÈæç,7.409,2914,213525736,17000000,120,zh,25.021,"Adventure, Drama, Action, Romance","China Film Co-Production Corporation, Columbia Pictures Film Production Asia, Good Machine, Asia Union Film & Entertainment Ltd., United China Vision, Zoom Hunt International Productions Company Ltd., Columbia Pictures, Sony Pictures Classics, Edko Films, Ang Lee Productions","Chow Yun-fat, Michelle Yeoh, Zhang Ziyi",Ang Lee,2000,7,1156,All-Time Blockbuster
tt0399146,A History of Violence,7.168,2906,60740827,32000000,96,en,21.136,"Drama, Thriller, Crime","New Line Cinema, BenderSpink","Viggo Mortensen, Maria Bello, Ed Harris",David Cronenberg,2005,9,90,Hit / Semi-Hit
tt0100507,Rocky V,5.767,2904,119946358,42000000,104,en,36.638,Drama,"United Artists, Winkler Films","Sylvester Stallone, Talia Shire, Burt Young",John G. Avildsen,1990,11,186,Super Hit
tt3605418,Knock Knock,5.339,2904,6341684,2500000,99,en,33.974,Thriller,"Sobras International Pictures, Lionsgate Premiere, UFA, Black Bear Pictures, Camp Grey, Elevated Films, Movie Trailer House, Rogovin Brothers, Dragonfly Entertainment","Keanu Reeves, Lorenza Izzo, Ana de Armas",Eli Roth,2015,6,154,Super Hit
tt2140379,Self/less,6.409,2904,31807156,26000000,117,en,36.46,"Science Fiction, Mystery, Thriller, Action","Ram Bergman Productions, Endgame Entertainment","Ben Kingsley, Ryan Reynolds, Natalie Martinez",Tarsem Singh,2015,7,22,Average / Below Average
